segment_id,segment_type,point_index,latitude,longitude,x_m,y_m,direction,mode,drive_level,event,from_node,to_node,source_x_m,source_y_m,map_yaw_rad,alignment_zone
START_A,,0,37.2889724518,127.1076618579,-2.768616580,-3.068732871,1,1,2,NONE,,,1.081892000,-0.506308000,0.166316666700,ZONE_01_START
START_A,,1,37.2889727335,127.1076608333,-2.673931706,-3.052838373,1,1,2,NONE,,,0.991148000,-0.474949000,0.107033541588,ZONE_01_START
START_A,,2,37.2889733570,127.1076589376,-2.493298037,-3.033430341,1,1,2,NONE,,,0.823256000,-0.405541000,0.114478355526,ZONE_01_START
START_A,,3,37.2889738699,127.1076573447,-2.342102254,-3.016045686,1,1,2,NONE,,,0.682180000,-0.348445000,0.147000833538,ZONE_01_START
START_A,,4,37.2889744130,127.1076554864,-2.168660011,-2.990364280,1,1,2,NONE,,,0.517600000,-0.287987000,0.229164536015,ZONE_01_START
START_A,,5,37.2889748053,127.1076537039,-2.009145221,-2.953155498,1,1,2,NONE,,,0.359732000,-0.244316000,0.275792347193,ZONE_01_START
START_A,,6,37.2889752335,127.1076513333,-1.801986169,-2.894528610,1,1,2,NONE,,,0.149780000,-0.196649000,0.168793990506,ZONE_01_START
START_A,,7,37.2889757335,127.1076495000,-1.632784169,-2.865693961,1,1,2,NONE,,,-0.012586000,-0.140989000,0.154260558583,ZONE_01_START
START_A,,8,37.2889764002,127.1076471666,-1.415810880,-2.831955498,1,1,2,NONE,,,-0.219244000,-0.066772000,0.130038369070,ZONE_01_START
START_A,,9,37.2889770668,127.1076450000,-1.211814138,-2.805277550,1,1,2,NONE,,,-0.411129000,0.007434000,0.130004281719,ZONE_01_START
START_A,,10,37.2889777335,127.1076428333,-1.007804229,-2.778604953,1,1,2,NONE,,,-0.603023000,0.081651000,0.235943562994,ZONE_01_START
START_A,,11,37.2889782335,127.1076405000,-0.799719992,-2.728577012,1,1,2,NONE,,,-0.809672000,0.137311000,0.333014280890,ZONE_01_START
START_A,,12,37.2889785668,127.1076380000,-0.587553524,-2.655189418,1,1,2,NONE,,,-1.031085000,0.174414000,0.209122764184,ZONE_01_START
START_A,,13,37.2889791488,127.1076355479,-0.365862882,-2.608141005,1,1,2,NONE,,,-1.248255000,0.239202000,0.121460918554,ZONE_01_START
START_A,,14,37.2889799002,127.1076331666,-0.140652346,-2.580651411,1,1,2,NONE,,,-1.459155000,0.322848000,0.102302487868,ZONE_01_START
START_A,,15,37.2889807335,127.1076306666,0.098152306,-2.556135515,1,1,2,NONE,,,-1.680568000,0.415611000,0.167232670946,ZONE_01_START
START_A,,16,37.2889814560,127.1076280309,0.341606341,-2.515038211,1,1,2,NONE,,,-1.913999000,0.496040000,0.204524551305,ZONE_01_START
START_A,,17,37.2889820668,127.1076255000,0.570959175,-2.467464731,1,1,2,NONE,,,-2.138148000,0.564034000,0.267597897575,ZONE_01_START
START_A,,18,37.2889825668,127.1076228333,0.804970172,-2.403305056,1,1,2,NONE,,,-2.374325000,0.619694000,0.194572027702,ZONE_01_START
START_A,,19,37.2889832335,127.1076201666,1.047861441,-2.355439645,1,1,2,NONE,,,-2.610501000,0.693911000,0.102302487868,ZONE_01_START
START_A,,20,37.2889840668,127.1076176666,1.286666093,-2.330923749,1,1,2,NONE,,,-2.831914000,0.786674000,0.124734807479,ZONE_01_START
START_A,,21,37.2889849002,127.1076150000,1.538431487,-2.299355953,1,1,2,NONE,,,-3.068082000,0.879448000,0.211527032167,ZONE_01_START
START_A,,22,37.2889855668,127.1076121666,1.794280871,-2.244415017,1,1,2,NONE,,,-3.319022000,0.953654000,0.267589389110,ZONE_01_START
START_A,,23,37.2889860668,127.1076095000,2.028283967,-2.180259650,1,1,2,NONE,,,-3.555190000,1.009314000,0.252762136296,ZONE_01_START
START_A,,24,37.2889865668,127.1076070000,2.249330706,-2.123166320,1,1,2,NONE,,,-3.776602000,1.064974000,0.194573238667,ZONE_01_START
START_A,,25,37.2889872335,127.1076043333,2.492222853,-2.075300431,1,1,2,NONE,,,-4.012779000,1.139191000,0.175618342636,ZONE_01_START
START_A,,26,37.2889879002,127.1076018333,2.722151620,-2.034500408,1,1,2,NONE,,,-4.234192000,1.213408000,0.193272381561,ZONE_01_START
START_A,,27,37.2889885808,127.1075991233,2.969151025,-1.986158820,1,1,2,NONE,,,-4.474203000,1.289173000,0.213059438236,ZONE_01_START
START_A,,28,37.2889892335,127.1075963333,3.220885249,-1.931697891,1,1,2,NONE,,,-4.721300000,1.361831000,0.211476967978,ZONE_01_START
START_A,,29,37.2889899002,127.1075935000,3.476731996,-1.876770921,1,1,2,NONE,,,-4.972231000,1.436048000,0.252763204185,ZONE_01_START
START_A,,30,37.2889904002,127.1075910000,3.697779614,-1.819677113,1,1,2,NONE,,,-5.193644000,1.491708000,0.124786684981,ZONE_01_START
START_A,,31,37.2889912335,127.1075883333,3.949546767,-1.788095829,1,1,2,NONE,,,-5.429820000,1.584471000,0.144952349126,ZONE_01_START
START_A,,32,37.2889920668,127.1075855000,4.214270277,-1.749452507,1,1,2,NONE,,,-5.680752000,1.677234000,0.280773081768,ZONE_01_START
START_A,,33,37.2889925668,127.1075826666,4.461243777,-1.678227445,1,1,2,NONE,,,-5.931692000,1.732894000,0.211476967978,ZONE_01_START
START_A,,34,37.2889932335,127.1075798333,4.717090524,-1.623300475,1,1,2,NONE,,,-6.182623000,1.807111000,0.194573238667,ZONE_01_START
START_A,,35,37.2889939002,127.1075771666,4.959982671,-1.575434585,1,1,2,NONE,,,-6.418800000,1.881328000,0.211517278936,ZONE_01_START
START_A,,36,37.2889945668,127.1075743333,5.215824153,-1.520497957,1,1,2,NONE,,,-6.669731000,1.955534000,0.124747775918,ZONE_01_START
START_A,,37,37.2889954002,127.1075716666,5.467597449,-1.488925853,1,1,2,NONE,,,-6.905908000,2.048308000,0.144951053039,ZONE_01_START
START_A,,38,37.2889962335,127.1075688333,5.732320080,-1.450283010,1,1,2,NONE,,,-7.156839000,2.141071000,0.124788125751,ZONE_01_START
START_A,,39,37.2889970668,127.1075661666,5.984088112,-1.418701247,1,1,2,NONE,,,-7.393016000,2.233834000,0.194562339648,ZONE_01_START
START_A,,40,37.2889977335,127.1075635000,6.226972357,-1.370839665,1,1,2,NONE,,,-7.629184000,2.308051000,0.124786684981,ZONE_01_START
START_A,,41,37.2889985668,127.1075608333,6.478739510,-1.339258382,1,1,2,NONE,,,-7.865360000,2.400814000,0.144913783504,ZONE_01_START
START_A,,42,37.2889994002,127.1075580000,6.743468284,-1.300624718,1,1,2,NONE,,,-8.116292000,2.493588000,0.102300878195,ZONE_01_START
START_A,,43,37.2890002335,127.1075555000,6.982272058,-1.276109301,1,1,2,NONE,,,-8.337704000,2.586351000,0.144964013499,ZONE_01_START
START_A,,44,37.2890010668,127.1075526666,7.247003470,-1.237461672,1,1,2,NONE,,,-8.588645000,2.679114000,0.267588443687,ZONE_01_START
START_A,,45,37.2890015668,127.1075500000,7.481005687,-1.173306783,1,1,2,NONE,,,-8.824812000,2.734774000,0.194573238667,ZONE_01_START
START_A,,46,37.2890022335,127.1075473333,7.723897834,-1.125440894,1,1,2,NONE,,,-9.060989000,2.808991000,0.252762136296,ZONE_01_START
START_A,,47,37.2890027335,127.1075448333,7.944944574,-1.068347565,1,1,2,NONE,,,-9.282401000,2.864651000,0.211478051837,ZONE_01_START
START_A,,48,37.2890034002,127.1075420000,8.200792198,-1.013420116,1,1,2,NONE,,,-9.533333000,2.938868000,0.175663006042,ZONE_01_START
START_A,,49,37.2890040668,127.1075395000,8.430715701,-0.972610435,1,1,2,NONE,,,-9.754746000,3.013074000,0.252762136296,ZONE_01_START
START_A,,50,37.2890045668,127.1075370000,8.651762440,-0.915517106,1,1,2,NONE,,,-9.976158000,3.068734000,0.273945508003,ZONE_01_START
START_A,,51,37.2890049875,127.1075346907,8.853755872,-0.858754827,1,1,2,NONE,,,-10.180682000,3.115566000,0.199465729138,ZONE_01_START
START_A,,52,37.2890055668,127.1075323333,9.067938818,-0.815456916,1,1,2,NONE,,,-10.389465000,3.180054000,0.130004281719,ZONE_01_START
START_A,,53,37.2890062335,127.1075301666,9.271948727,-0.788784319,1,1,2,NONE,,,-10.581359000,3.254271000,0.080330610698,ZONE_01_START
START_A,,54,37.2890070237,127.1075279348,9.487601035,-0.771423478,1,1,2,NONE,,,-10.779019000,3.342236000,0.188971515211,ZONE_01_START
START_A,,55,37.2890075178,127.1075259965,9.664653495,-0.737561571,1,1,2,NONE,,,-10.950684000,3.397239000,0.240623105403,ZONE_01_START
START_A,,56,37.2890078621,127.1075243593,9.810311697,-0.701820366,1,1,2,NONE,,,-11.095683000,3.435567000,0.177289811981,ZONE_01_START
START_A,,57,37.2890084011,127.1075223269,9.997074599,-0.668357875,1,1,2,NONE,,,-11.275683000,3.495568000,0.260655980035,ZONE_01_START
START_A,,58,37.2890087904,127.1075203133,10.174399504,-0.621061055,1,1,2,NONE,,,-11.454017000,3.538905000,0.217579651611,ZONE_01_START
START_A,,59,37.2890091497,127.1075187514,10.315000821,-0.589976999,1,1,2,NONE,,,-11.592347000,3.578902000,0.240801332778,ZONE_01_START
START_A,,60,37.2890093593,127.1075177540,10.403729353,-0.568188271,1,1,2,NONE,,,-11.680682000,3.602235000,0.241547540454,ZONE_01_START
START_A,,61,37.2890094342,127.1075173965,10.435520314,-0.560356328,1,1,2,NONE,,,-11.712344000,3.610573000,0.197745704351,ZONE_01_START
START_A,,62,37.2890097785,127.1075160039,10.562157539,-0.534982765,1,1,2,NONE,,,-11.835680000,3.648901000,0.116821105274,ZONE_01_START
START_A,,63,37.2890103924,127.1075140844,10.744130506,-0.513627246,1,1,2,NONE,,,-12.005680000,3.717240000,0.222762091587,ZONE_01_START
START_A,,64,37.2890109002,127.1075118333,10.946238027,-0.467845561,1,1,2,NONE,,,-12.205049000,3.773768000,0.211633125316,ZONE_01_START
START_A,,65,37.2890113356,127.1075099819,11.113406880,-0.431929273,1,1,2,NONE,,,-12.369019000,3.822237000,0.207551690312,ZONE_01_START
START_A,,66,37.2890117848,127.1075081001,11.283673647,-0.396073775,1,1,2,NONE,,,-12.535680000,3.872242000,0.126364532458,ZONE_01_START
START_A,,67,37.2890125633,127.1075055972,11.519784092,-0.366077961,1,1,2,NONE,,,-12.757350000,3.958904000,0.121618340248,ZONE_01_START
START_A,,68,37.2890132221,127.1075035084,11.717315726,-0.341935343,1,1,2,NONE,,,-12.942345000,4.032242000,0.189294892941,ZONE_01_START
START_A,,69,37.2890137335,127.1075015000,11.900741695,-0.306792991,1,1,2,NONE,,,-13.120219000,4.089171000,0.194582928441,ZONE_01_START
START_A,,70,37.2890142335,127.1074995000,12.082907074,-0.270892476,1,1,2,NONE,,,-13.297349000,4.144831000,0.102269986393,ZONE_01_START
START_A,,71,37.2890149002,127.1074975000,12.273953603,-0.251285745,1,1,2,NONE,,,-13.474479000,4.219048000,0.154307706646,ZONE_01_START
START_A,,72,37.2890155668,127.1074951666,12.490921627,-0.217537624,1,1,2,NONE,,,-13.681137000,4.293254000,0.154246704613,ZONE_01_START
START_A,,73,37.2890162335,127.1074928333,12.707887014,-0.183803468,1,1,2,NONE,,,-13.887786000,4.367471000,0.130004281719,ZONE_01_START
START_A,,74,37.2890169002,127.1074906666,12.911896923,-0.157130871,1,1,2,NONE,,,-14.079680000,4.441688000,0.194603519980,ZONE_01_START
START_A,,75,37.2890175668,127.1074880000,13.154775025,-0.109260109,1,1,2,NONE,,,-14.315847000,4.515894000,0.154260558583,ZONE_01_START
START_A,,76,37.2890182335,127.1074856666,13.371748314,-0.075521646,1,1,2,NONE,,,-14.522505000,4.590111000,0.146411554065,ZONE_01_START
START_A,,77,37.2890189713,127.1074831467,13.607012208,-0.040828037,1,1,2,NONE,,,-14.745680000,4.672243000,0.083586880771,ZONE_01_START
START_A,,78,37.2890199002,127.1074805000,13.862318359,-0.019437953,1,1,2,NONE,,,-14.980086000,4.775648000,0.154306167545,ZONE_01_START
START_A,,79,37.2890205668,127.1074781666,14.079285506,0.014309690,1,1,2,NONE,,,-15.186743000,4.849854000,0.102260225935,ZONE_01_START
START_A,,80,37.2890214002,127.1074756666,14.318095422,0.038815928,1,1,2,NONE,,,-15.408156000,4.942628000,0.175663006042,ZONE_01_START
START_A,,81,37.2890220668,127.1074731666,14.548018924,0.079625609,1,1,2,NONE,,,-15.629569000,5.016834000,0.102258616128,ZONE_01_START
START_A,,82,37.2890229002,127.1074706666,14.786827962,0.104131368,1,1,2,NONE,,,-15.850981000,5.109608000,0.033183543073,ZONE_01_START
START_A,,83,37.2890239002,127.1074681666,15.034513763,0.112353478,1,1,2,NONE,,,-16.072394000,5.220928000,0.102302487868,ZONE_01_START
START_A,,84,37.2890247335,127.1074656666,15.273318414,0.136869374,1,1,2,NONE,,,-16.293807000,5.313691000,0.194562339648,ZONE_01_START
START_A,,85,37.2890254002,127.1074630000,15.516202659,0.184730956,1,1,2,NONE,,,-16.529975000,5.387908000,0.211527032167,ZONE_01_START
START_A,,86,37.2890260668,127.1074601666,15.772052044,0.239671892,1,1,2,NONE,,,-16.780915000,5.462114000,0.252763204185,ZONE_01_START
START_A,,87,37.2890265668,127.1074576666,15.993099661,0.296765700,1,1,2,NONE,,,-17.002328000,5.517774000,0.124733366488,ZONE_01_START
START_A,,88,37.2890274002,127.1074550000,16.244864177,0.328333018,1,1,2,NONE,,,-17.238495000,5.610548000,0.124788125751,ZONE_01_START
START_A,,89,37.2890282335,127.1074523333,16.496632209,0.359914780,1,1,2,NONE,,,-17.474672000,5.703311000,0.102300878195,ZONE_01_START
START_A,,90,37.2890290668,127.1074498333,16.735435982,0.384430197,1,1,2,NONE,,,-17.696084000,5.796074000,0.226657586171,ZONE_01_START
START_A,,91,37.2890297335,127.1074468333,17.004246987,0.446423513,1,1,2,NONE,,,-17.961780000,5.870291000,0.211476967978,ZONE_01_START
START_A,,92,37.2890304002,127.1074440000,17.260093734,0.501350483,1,1,2,NONE,,,-18.212711000,5.944508000,0.175663006042,ZONE_01_START
START_A,,93,37.2890310668,127.1074415000,17.490017236,0.542160164,1,1,2,NONE,,,-18.434124000,6.018714000,0.144924152805,ZONE_01_START
START_A,,94,37.2890319002,127.1074386666,17.754753035,0.580797656,1,1,2,NONE,,,-18.685064000,6.111488000,0.102302487868,ZONE_01_START
START_A,,95,37.2890327335,127.1074361666,17.993557686,0.605313552,1,1,2,NONE,,,-18.906477000,6.204251000,0.198167717338,ZONE_01_START
START_A,,96,37.2890334232,127.1074333728,18.247558712,0.656317762,1,1,2,NONE,,,-19.153910000,6.281029000,0.208574525085,ZONE_01_START
START_A,,97,37.2890340668,127.1074306666,18.492291315,0.708116069,1,1,2,NONE,,,-19.393585000,6.352674000,0.124734807479,ZONE_01_START
START_A,,98,37.2890349002,127.1074280000,18.744056709,0.739683866,1,1,2,NONE,,,-19.629753000,6.445448000,0.126446581555,ZONE_01_START
START_A,,99,37.2890357077,127.1074254032,18.989013415,0.770823945,1,1,2,NONE,,,-19.859738000,6.535339000,0.100588515621,ZONE_01_START
START_A,,100,37.2890362335,127.1074238333,19.139107882,0.785972851,1,1,2,NONE,,,-19.998777000,6.593871000,0.144939387848,ZONE_01_START
START_A,,101,37.2890370668,127.1074210001,19.403822611,0.824611387,1,1,2,NONE,,,-20.249699000,6.686634000,0.211496476223,ZONE_01_START
START_A,,102,37.2890377335,127.1074181666,19.659685163,0.879546972,1,2,2,NONE,,,-20.500648000,6.760851000,0.124762190270,ZONE_01_START
START_A,,103,37.2890385668,127.1074155001,19.911437390,0.911120120,1,2,2,NONE,,,-20.736807000,6.853614000,0.144935817574,ZONE_01_START
START_A,,104,37.2890394002,127.1074126666,20.176181090,0.949761919,1,2,2,NONE,,,-20.987756000,6.946388000,0.144952349126,ZONE_01_START
START_A,,105,37.2890402335,127.1074098333,20.440904600,0.988405241,1,2,2,NONE,,,-21.238688000,7.039151000,0.124786684981,ZONE_01_START
START_A,,106,37.2890410668,127.1074071666,20.692671753,1.019986525,1,2,2,NONE,,,-21.474864000,7.131914000,0.124721838183,ZONE_01_START
START_A,,107,37.2890419002,127.1074045001,20.944429245,1.051550014,1,2,2,NONE,,,-21.711023000,7.224688000,0.211536784755,ZONE_01_START
START_A,,108,37.2890425668,127.1074016666,21.200286532,1.106495257,1,2,2,NONE,,,-21.961972000,7.298894000,0.210621507738,ZONE_01_START
START_A,,109,37.2890430249,127.1073997259,21.375609192,1.143977887,1,2,2,NONE,,,-22.133851000,7.349890000,0.142682754625,ZONE_01_START
START_A,,110,37.2890437335,127.1073973333,21.599417298,1.176129928,1,2,2,NONE,,,-22.345751000,7.428771000,0.144940684017,ZONE_01_START
START_A,,111,37.2890445668,127.1073945001,21.864132905,1.214768943,1,2,2,NONE,,,-22.596674000,7.521534000,0.144924152805,ZONE_01_START
START_A,,112,37.2890454002,127.1073916667,22.128868703,1.253406435,1,2,2,NONE,,,-22.847614000,7.614308000,0.144952349126,ZONE_01_START
START_A,,113,37.2890462335,127.1073888334,22.393592213,1.292049757,1,2,2,NONE,,,-23.098546000,7.707071000,0.211476967978,ZONE_01_START
START_A,,114,37.2890469002,127.1073860001,22.649438960,1.346976727,1,2,2,NONE,,,-23.349477000,7.781288000,0.175663006042,ZONE_01_START
START_A,,115,37.2890475668,127.1073835001,22.879362462,1.387786408,1,2,2,NONE,,,-23.570890000,7.855494000,0.175618342636,ZONE_01_START
START_A,,116,37.2890482335,127.1073810001,23.109291229,1.428586430,1,2,2,NONE,,,-23.792303000,7.929711000,0.058584708439,ZONE_01_START
START_A,,117,37.2890492335,127.1073783334,23.369939532,1.443873929,1,2,2,NONE,,,-24.028479000,8.041031000,0.194573238667,ZONE_01_START
START_A,,118,37.2890499002,127.1073756667,23.612831679,1.491739818,1,2,2,NONE,,,-24.264656000,8.115248000,0.194603519980,ZONE_01_START
START_A,,119,37.2890505668,127.1073730001,23.855709781,1.539610580,1,2,2,NONE,,,-24.500823000,8.189454000,0.267597897575,ZONE_01_START
START_A,,120,37.2890510668,127.1073703334,24.089720779,1.603770255,1,2,2,NONE,,,-24.737000000,8.245114000,0.228755332230,ZONE_01_START
START_A,,121,37.2890516157,127.1073678433,24.312603786,1.655664292,1,2,2,NONE,,,-24.957536000,8.306218000,0.124703260124,ZONE_01_START
START_A,,122,37.2890524002,127.1073653334,24.549577434,1.685369821,1,2,2,NONE,,,-25.179825000,8.393548000,0.139827007554,ZONE_01_START
START_A,,123,37.2890531325,127.1073628822,24.779206438,1.717689064,1,2,2,NONE,,,-25.396916000,8.475068000,0.210914354494,ZONE_01_START
START_A,,124,37.2890537335,127.1073603334,25.009429703,1.766979525,1,2,2,NONE,,,-25.622651000,8.541971000,0.124786684981,ZONE_01_START
START_A,,125,37.2890545668,127.1073576667,25.261196857,1.798560809,1,2,2,NONE,,,-25.858827000,8.634734000,0.154246704613,ZONE_01_START
START_A,,126,37.2890552335,127.1073553334,25.478162244,1.832294965,1,2,2,NONE,,,-26.065476000,8.708951000,0.235943562994,ZONE_01_START
START_A,,127,37.2890557335,127.1073530001,25.686246481,1.882322907,1,2,2,NONE,,,-26.272125000,8.764611000,0.144962717493,ZONE_01_START
START_A,,128,37.2890565668,127.1073501667,25.950977015,1.920970057,1,2,2,NONE,,,-26.523065000,8.857374000,0.175618342636,ZONE_01_START
START_A,,129,37.2890572335,127.1073476667,26.180905782,1.961770080,1,2,2,NONE,,,-26.744478000,8.931591000,0.194562339648,ZONE_01_START
START_A,,130,37.2890579002,127.1073450001,26.423790026,2.009631662,1,2,2,NONE,,,-26.980646000,9.005808000,0.175661645214,ZONE_01_START
START_A,,131,37.2890585668,127.1073425001,26.653712651,2.050440864,1,2,2,NONE,,,-27.202058000,9.080014000,0.235954499664,ZONE_01_START
START_A,,132,37.2890590668,127.1073401667,26.861804790,2.100473113,1,2,2,NONE,,,-27.408716000,9.135674000,0.175618342636,ZONE_01_START
START_A,,133,37.2890597335,127.1073376667,27.091733557,2.141273135,1,2,2,NONE,,,-27.630129000,9.209891000,0.135473966559,ZONE_01_START
START_A,,134,37.2890604719,127.1073352274,27.320762068,2.172491757,1,2,2,NONE,,,-27.846166000,9.292090000,0.214936348800,ZONE_01_START
START_A,,135,37.2890610668,127.1073326667,27.551584948,2.222882361,1,2,2,NONE,,,-28.072954000,9.358314000,0.175618342636,ZONE_01_START
START_A,,136,37.2890617335,127.1073301667,27.781513715,2.263682383,1,2,2,NONE,,,-28.294367000,9.432531000,0.252763204185,ZONE_01_START
START_A,,137,37.2890622335,127.1073276667,28.002561333,2.320776191,1,2,2,NONE,,,-28.515780000,9.488191000,0.235943562994,ZONE_01_START
START_A,,138,37.2890627335,127.1073253334,28.210645570,2.370804133,1,2,2,NONE,,,-28.722429000,9.543851000,0.175616981647,ZONE_01_START
START_A,,139,37.2890634002,127.1073228334,28.440573459,2.411603677,1,2,2,NONE,,,-28.943841000,9.618068000,0.175663006042,ZONE_01_START
START_A,,140,37.2890640668,127.1073203334,28.670496961,2.452413358,1,2,2,NONE,,,-29.165254000,9.692274000,0.247096461451,ZONE_01_START
START_A,,141,37.2890646146,127.1073176586,28.907684078,2.512244130,1,2,2,NONE,,,-29.402148000,9.753255000,0.274788853169,ZONE_01_START
START_A,,142,37.2890650668,127.1073151667,29.125554699,2.573666362,1,2,2,NONE,,,-29.622843000,9.803594000,0.216723769841,ZONE_01_START
START_A,,143,37.2890655668,127.1073130001,29.320675556,2.616628436,1,2,2,NONE,,,-29.814728000,9.859254000,0.157277621278,ZONE_01_START
START_A,,144,37.2890661804,127.1073108320,29.521965411,2.648550472,1,2,2,NONE,,,-30.006746000,9.927560000,0.053329330607,ZONE_01_START
START_A,,145,37.2890670668,127.1073085001,29.750526736,2.660751062,1,2,2,NONE,,,-30.213271000,10.026234000,0.130004281719,ZONE_01_START
START_A,,146,37.2890677335,127.1073063334,29.954536645,2.687423659,1,2,2,NONE,,,-30.405165000,10.100451000,0.130004281719,ZONE_01_START
START_A,,147,37.2890684002,127.1073041667,30.158546554,2.714096256,1,2,2,NONE,,,-30.597059000,10.174668000,0.130038369070,ZONE_01_START
START_A,,148,37.2890690668,127.1073020001,30.362543296,2.740774204,1,2,2,NONE,,,-30.788944000,10.248874000,0.135013146262,ZONE_01_START
START_A,,149,37.2890696707,127.1073000079,30.549638172,2.766189085,1,2,2,NONE,,,-30.965384000,10.316100000,0.036993474579,ZONE_01_START
START_A,,150,37.2890704002,127.1072981667,30.731681754,2.772926584,1,2,2,NONE,,,-31.128450000,10.397308000,0.050663306580,ZONE_01_START
START_A,,151,37.2890711549,127.1072961948,30.925231085,2.782740831,1,2,2,NONE,,,-31.303091000,10.481321000,0.141591629805,ZONE_01_START
START_A,,152,37.2890716605,127.1072944933,31.084483242,2.805441509,1,2,2,NONE,,,-31.453785000,10.537605000,0.190527477697,ZONE_01_START
START_A,,153,37.2890721335,127.1072926278,31.254750777,2.838280477,1,2,2,NONE,,,-31.619003000,10.590259000,0.183837254105,ZONE_01_START
START_A,,154,37.2890726228,127.1072907417,31.427488492,2.870398747,1,2,2,NONE,,,-31.786045000,10.644728000,0.121755645037,ZONE_01_START
START_A,,155,37.2890730668,127.1072893334,31.560658436,2.886693540,1,2,2,NONE,,,-31.910772000,10.694154000,0.129275021873,ZONE_01_START
START_A,,156,37.2890736503,127.1072874412,31.738889640,2.909863599,1,2,2,NONE,,,-32.078355000,10.759109000,0.116575767336,ZONE_01_START
START_A,,157,37.2890742211,127.1072856577,31.907990833,2.929666489,1,2,2,NONE,,,-32.236310000,10.822651000,0.159668580374,ZONE_01_START
START_A,,158,37.2890747335,127.1072838334,32.077154363,2.956908487,1,2,2,NONE,,,-32.397880000,10.879691000,0.130004281719,ZONE_01_START
START_A,,159,37.2890754002,127.1072816667,32.281164272,2.983581083,1,2,2,NONE,,,-32.589774000,10.953908000,0.102322814595,ZONE_01_START
START_A,,160,37.2890760668,127.1072796667,32.472205536,3.003197472,1,2,2,NONE,,,-32.766904000,11.028114000,0.048694801316,ZONE_01_START
START_A,,161,37.2890769002,127.1072775001,32.685088692,3.013571976,1,2,2,NONE,,,-32.958789000,11.120888000,0.146286372979,ZONE_01_START
START_A,,162,37.2890774831,127.1072755100,32.870900915,3.040949341,1,2,2,NONE,,,-33.135042000,11.185777000,0.195623663723,ZONE_01_START
START_A,,163,37.2890780668,127.1072731667,33.084222096,3.083220614,1,2,2,NONE,,,-33.342577000,11.250754000,0.129988501963,ZONE_01_START
START_A,,164,37.2890787335,127.1072710001,33.288224102,3.109888903,1,2,2,NONE,,,-33.534462000,11.324971000,0.216736318559,ZONE_01_START
START_A,,165,37.2890792335,127.1072688334,33.483352862,3.152855285,1,2,2,NONE,,,-33.726356000,11.380631000,0.175618342636,ZONE_01_START
START_A,,166,37.2890799002,127.1072663334,33.713281629,3.193655308,1,2,2,NONE,,,-33.947769000,11.454848000,0.077113569823,ZONE_01_START
START_A,,167,37.2890807335,127.1072640001,33.939122900,3.211105337,1,2,2,NONE,,,-34.154418000,11.547611000,0.154259019306,ZONE_01_START
START_A,,168,37.2890814002,127.1072616667,34.156095311,3.244843322,1,2,2,NONE,,,-34.361075000,11.621828000,0.252763204185,ZONE_01_START
START_A,,169,37.2890819002,127.1072591667,34.377142929,3.301937130,1,2,2,NONE,,,-34.582488000,11.677488000,0.267589389110,ZONE_01_START
START_A,,170,37.2890824002,127.1072565001,34.611146024,3.366092497,1,2,2,NONE,,,-34.818656000,11.733148000,0.235953284522,ZONE_01_START
START_A,,171,37.2890829002,127.1072541667,34.819237286,3.416124267,1,2,2,NONE,,,-35.025313000,11.788808000,0.124775158438,ZONE_01_START
START_A,,172,37.2890837335,127.1072515001,35.070997415,3.447701722,1,2,2,NONE,,,-35.261481000,11.881571000,0.124788125751,ZONE_01_START
START_A,,173,37.2890845668,127.1072488334,35.322765447,3.479283485,1,2,2,NONE,,,-35.497658000,11.974334000,0.211476967978,ZONE_01_START
START_A,,174,37.2890852335,127.1072460001,35.578612194,3.534210455,1,2,2,NONE,,,-35.748589000,12.048551000,0.211486722422,ZONE_01_START
START_A,,175,37.2890859002,127.1072431667,35.834466843,3.589141732,1,2,2,NONE,,,-35.999529000,12.122768000,0.234637952523,ZONE_01_START
START_A,,176,37.2890864535,127.1072405980,36.063696393,3.643936978,1,2,2,NONE,,,-36.227026000,12.184362000,0.115750072523,ZONE_01_START
START_A,,177,37.2890872335,127.1072381667,36.294319112,3.670751436,1,2,2,NONE,,,-36.442355000,12.271191000,0.058570011462,ZONE_01_START
START_A,,178,37.2890882335,127.1072355001,36.554959513,3.686034627,1,2,2,NONE,,,-36.678522000,12.382511000,0.175618342636,ZONE_01_START
START_A,,179,37.2890889002,127.1072330001,36.784888279,3.726834650,1,2,2,NONE,,,-36.899935000,12.456728000,0.252763204185,ZONE_01_START
START_A,,180,37.2890894002,127.1072305001,37.005935897,3.783928458,1,2,2,NONE,,,-37.121348000,12.512388000,0.267596952221,ZONE_01_START
START_A,,181,37.2890899002,127.1072278334,37.239946017,3.848087654,1,2,2,NONE,,,-37.357524000,12.568048000,0.170742821920,ZONE_01_START
START_A,,182,37.2890905799,127.1072253253,37.471196854,3.887960300,1,2,2,NONE,,,-37.579654000,12.643712000,0.053435786411,ZONE_01_START
START_A,,183,37.2890914002,127.1072231667,37.682760577,3.899276146,1,2,2,NONE,,,-37.770831000,12.735028000,0.077113569823,ZONE_01_START
START_A,,184,37.2890922335,127.1072208334,37.908601849,3.916726175,1,2,2,NONE,,,-37.977480000,12.827791000,0.154246704613,ZONE_01_START
START_A,,185,37.2890929002,127.1072185001,38.125567235,3.950460331,1,2,2,NONE,,,-38.184129000,12.902008000,0.235954499664,ZONE_01_START
START_A,,186,37.2890934002,127.1072161667,38.333659375,4.000492580,1,2,2,NONE,,,-38.390787000,12.957668000,0.154293854260,ZONE_01_START
START_A,,187,37.2890940668,127.1072138334,38.550619497,4.034236395,1,2,2,NONE,,,-38.597436000,13.031874000,0.102269986393,ZONE_01_START
START_A,,188,37.2890947335,127.1072118334,38.741666026,4.053843125,1,2,2,NONE,,,-38.774566000,13.106091000,0.004925965858,ZONE_01_START
START_A,,189,37.2890957335,127.1072095001,38.976388446,4.054999369,1,2,2,NONE,,,-38.981215000,13.217411000,0.111872059863,ZONE_01_START
START_A,,190,37.2890964188,127.1072073876,39.177174041,4.077555846,1,2,2,NONE,,,-39.168308000,13.293699000,0.091669765360,ZONE_01_START
START_A,,191,37.2890970668,127.1072055001,39.358476239,4.094222488,1,2,2,NONE,,,-39.335475000,13.365834000,0.130004281719,ZONE_01_START
START_A,,192,37.2890977335,127.1072033334,39.562486148,4.120895084,1,2,2,NONE,,,-39.527369000,13.440051000,0.171396017190,ZONE_01_START
START_A,,193,37.2890982781,127.1072013195,39.748108582,4.153025273,1,2,2,NONE,,,-39.705730000,13.500676000,0.093136137160,ZONE_01_START
START_A,,194,37.2890989002,127.1071995001,39.922734676,4.169336463,1,2,2,NONE,,,-39.866865000,13.569928000,0.105761633660,ZONE_01_START
START_A,,195,37.2890995177,127.1071976294,40.101105547,4.188271912,1,2,2,NONE,,,-40.032544000,13.638668000,0.200586840542,ZONE_01_START
START_A,,196,37.2890999743,127.1071957639,40.270499659,4.222713303,1,2,2,NONE,,,-40.197762000,13.689497000,0.204375027936,ZONE_01_START
START_A,,197,37.2891004002,127.1071940001,40.430349455,4.255845196,1,2,2,NONE,,,-40.353973000,13.736908000,0.274401589439,ZONE_01_START
START_A,,198,37.2891007335,127.1071921667,40.590679085,4.300978416,1,2,2,NONE,,,-40.516349000,13.774011000,0.252775889934,ZONE_01_START
START_A,,199,37.2891010668,127.1071905001,40.738036555,4.339040983,1,2,2,NONE,,,-40.663951000,13.811114000,0.154260558583,ZONE_01_START
START_A,,200,37.2891017335,127.1071881667,40.955009844,4.372779447,1,2,2,NONE,,,-40.870609000,13.885331000,0.146689949533,ZONE_01_START
START_A,,201,37.2891022577,127.1071863748,41.122282264,4.397494154,1,2,2,NONE,,,-41.029309000,13.943685000,0.190241744425,ZONE_01_START
START_A,,202,37.2891027335,127.1071845001,41.293414721,4.430449223,1,2,2,NONE,,,-41.195342000,13.996651000,0.254811258756,ZONE_01_START
START_A,,203,37.2891030406,127.1071829512,41.430223464,4.466084236,1,2,2,NONE,,,-41.332520000,14.030837000,0.228089046936,ZONE_01_START
START_A,,204,37.2891033668,127.1071814752,41.562381537,4.496761897,1,2,2,NONE,,,-41.463242000,14.067150000,0.213892349877,ZONE_01_START
START_A,,205,37.2891036441,127.1071802862,41.669616163,4.520054869,1,2,2,NONE,,,-41.568546000,14.098019000,0.219255481448,ZONE_01_START
START_A,,206,37.2891040518,127.1071785027,41.830028520,4.555800806,1,2,2,NONE,,,-41.726502000,14.143404000,0.209818100471,ZONE_01_START
START_A,,207,37.2891044595,127.1071767806,41.985666096,4.588944184,1,2,2,NONE,,,-41.879020000,14.188789000,0.196686011498,ZONE_01_START
START_A,,208,37.2891050668,127.1071743334,42.208323849,4.633311452,1,2,2,NONE,,,-42.095756000,14.256394000,0.194584543026,ZONE_01_START
START_A,,209,37.2891055668,127.1071723334,42.390490107,4.669212446,1,2,2,NONE,,,-42.272887000,14.312054000,0.175616981647,ZONE_01_START
START_A,,210,37.2891062335,127.1071698334,42.620417996,4.710011990,1,2,2,NONE,,,-42.494299000,14.386271000,0.102302487868,ZONE_01_START
START_A,,211,37.2891070668,127.1071673334,42.859222647,4.734527886,1,2,2,NONE,,,-42.715712000,14.479034000,0.175618342636,ZONE_01_START
START_A,,212,37.2891077335,127.1071648334,43.089151414,4.775327909,1,2,2,NONE,,,-42.937125000,14.553251000,0.058584708439,ZONE_01_START
START_A,,213,37.2891087335,127.1071621667,43.349799717,4.790615407,1,2,2,NONE,,,-43.173301000,14.664571000,0.194562339648,ZONE_01_START
START_A,,214,37.2891094002,127.1071595001,43.592683962,4.838476989,1,2,2,NONE,,,-43.409469000,14.738788000,0.194664833263,ZONE_01_START
START_A,,215,37.2891100668,127.1071568334,43.835548379,4.886360523,1,2,2,NONE,,,-43.645645000,14.812994000,0.107190417834,ZONE_01_START->ZONE_02_FIRST_CORNER
START_A,,216,37.2891109002,127.1071543334,44.071888465,4.911791389,1,2,2,NONE,,,-43.867058000,14.905768000,0.137838739683,ZONE_01_START->ZONE_02_FIRST_CORNER
START_A,,217,37.2891117335,127.1071516667,44.316801083,4.945765271,1,2,2,NONE,,,-44.103235000,14.998531000,0.075630226739,ZONE_01_START->ZONE_02_FIRST_CORNER
START_A,,218,37.2891127335,127.1071490001,44.566122206,4.964657519,1,2,2,NONE,,,-44.339402000,15.109851000,0.126300786786,ZONE_01_START->ZONE_02_FIRST_CORNER
START_A,,219,37.2891135668,127.1071465001,44.790988070,4.993210239,1,2,2,NONE,,,-44.560815000,15.202614000,0.228811854771,ZONE_01_START->ZONE_02_FIRST_CORNER
START_A,,220,37.2891142335,127.1071438334,45.016298339,5.045682844,1,2,2,NONE,,,-44.796991000,15.276831000,0.178884855876,ZONE_01_START->ZONE_02_FIRST_CORNER
START_A,,221,37.2891150668,127.1071410001,45.258550484,5.089486318,1,2,2,NONE,,,-45.047923000,15.369594000,0.235271608409,ZONE_01_START->ZONE_02_FIRST_CORNER
START_A,,222,37.2891157335,127.1071383334,45.477824291,5.142048640,1,2,2,NONE,,,-45.284099000,15.443811000,0.158964061689,ZONE_01_START->ZONE_02_FIRST_CORNER
START_A,,223,37.2891165668,127.1071356667,45.702627250,5.178088313,1,2,2,NONE,,,-45.520276000,15.536574000,0.158133936554,ZONE_01_START->ZONE_02_FIRST_CORNER
START_A,,224,37.2891174002,127.1071330001,45.924995343,5.213548324,1,2,2,NONE,,,-45.756444000,15.629348000,0.254674324704,ZONE_01_START->ZONE_02_FIRST_CORNER
START_A,,225,37.2891180668,127.1071301667,46.148574290,5.271751959,1,2,2,NONE,,,-46.007384000,15.703554000,0.344708493111,ZONE_01_START->ZONE_02_FIRST_CORNER
START_A,,226,37.2891185668,127.1071271667,46.373380702,5.352467223,1,2,2,NONE,,,-46.273079000,15.759214000,0.229884774339,ZONE_01_START->ZONE_02_FIRST_CORNER
START_A,,227,37.2891192335,127.1071245001,46.582383978,5.401378550,1,2,2,NONE,,,-46.509247000,15.833431000,0.262789182929,ZONE_01_START->ZONE_02_FIRST_CORNER
START_A,,228,37.2891199002,127.1071215001,46.812254924,5.463216210,1,2,2,NONE,,,-46.774942000,15.907648000,0.220575316117,ZONE_01_START->ZONE_02_FIRST_CORNER
START_A,,229,37.2891205668,127.1071188334,47.019102585,5.509596334,1,2,2,NONE,,,-47.011119000,15.981854000,0.252241508187,ZONE_01_START->ZONE_02_FIRST_CORNER
START_A,,230,37.2891212335,127.1071158334,47.247288717,5.568406962,1,2,2,NONE,,,-47.276814000,16.056071000,0.230128271913,ZONE_01_START->ZONE_02_FIRST_CORNER
START_A,,231,37.2891218947,127.1071130042,47.463660218,5.619098189,1,3,2,NONE,,,-47.527382000,16.129676000,0.199194777258,ZONE_01_START->ZONE_02_FIRST_CORNER
START_A,,232,37.2891225668,127.1071103334,47.670094230,5.660771408,1,3,2,NONE,,,-47.763922000,16.204494000,0.153060514811,ZONE_01_START->ZONE_02_FIRST_CORNER
START_A,,233,37.2891230854,127.1071084942,47.814878415,5.683106844,1,3,2,NONE,,,-47.926811000,16.262225000,0.138818736448,ZONE_01_START->ZONE_02_FIRST_CORNER
START_A,,234,37.2891239002,127.1071056667,48.038707195,5.714379613,1,3,2,NONE,,,-48.177228000,16.352928000,0.144865824579,ZONE_01_START->ZONE_02_FIRST_CORNER
START_A,,235,37.2891247335,127.1071026667,48.275840172,5.748974420,1,3,2,NONE,,,-48.442924000,16.445691000,0.193890544981,ZONE_01_START->ZONE_02_FIRST_CORNER
START_A,,236,37.2891254002,127.1070998334,48.495876066,5.792180079,1,3,2,NONE,,,-48.693855000,16.519908000,0.204136547138,ZONE_01_START->ZONE_02_FIRST_CORNER
START_A,,237,37.2891260668,127.1070968334,48.729034175,5.840448517,1,3,2,NONE,,,-48.959550000,16.594114000,0.102912317685,ZONE_01_START->ZONE_02_FIRST_CORNER
START_A,,238,37.2891269002,127.1070940001,48.960455481,5.864349056,1,3,2,NONE,,,-49.210482000,16.686888000,0.102506042866,ZONE_01_START->ZONE_02_FIRST_CORNER
START_A,,239,37.2891277500,127.1070910689,49.202090377,5.889205212,1,3,2,NONE,,,-49.470084000,16.781488000,0.112600285516,ZONE_01_START->ZONE_02_FIRST_CORNER
START_A,,240,37.2891282335,127.1070893334,49.345807649,5.905456559,1,3,2,NONE,,,-49.623789000,16.835311000,0.109945863209,ZONE_01_START->ZONE_02_FIRST_CORNER
START_A,,241,37.2891290668,127.1070863334,49.597119264,5.933199107,1,3,2,NONE,,,-49.889484000,16.928074000,0.190644484382,ZONE_01_START->ZONE_02_FIRST_CORNER
START_A,,242,37.2891297335,127.1070831667,49.857373098,5.983425037,1,3,2,NONE,,,-50.169943000,17.002291000,0.083974102352,ZONE_01_START->ZONE_02_FIRST_CORNER
START_A,,243,37.2891305668,127.1070803334,50.105322820,6.004295472,1,3,2,NONE,,,-50.420874000,17.095054000,0.080442182974,ZONE_01_START->ZONE_02_FIRST_CORNER
START_A,,244,37.2891319002,127.1070758334,50.509432742,6.036873256,1,3,2,NONE,,,-50.819417000,17.243488000,0.194202729483,ZONE_01_START->ZONE_02_FIRST_CORNER
START_A,,245,37.2891322335,127.1070741667,50.654948781,6.065493579,1,3,2,NONE,,,-50.967029000,17.280591000,0.103315423575,ZONE_01_START->ZONE_02_FIRST_CORNER
START_A,,246,37.2891330668,127.1070711667,50.932507623,6.094272156,1,3,2,NONE,,,-51.232724000,17.373354000,0.167569801515,ZONE_02_FIRST_CORNER
START_A,,247,37.2891337335,127.1070681667,51.204509472,6.140282915,1,3,2,NONE,,,-51.498419000,17.447571000,0.193690682319,ZONE_02_FIRST_CORNER
START_A,,248,37.2891340668,127.1070665001,51.353858378,6.169577668,1,3,2,NONE,,,-51.646022000,17.484674000,0.104019066311,ZONE_02_FIRST_CORNER
START_A,,249,37.2891349002,127.1070635001,51.633763690,6.198798623,1,3,2,NONE,,,-51.911717000,17.577448000,0.062109510637,ZONE_02_FIRST_CORNER
START_A,,250,37.2891359002,127.1070603334,51.934925795,6.217527743,1,3,2,NONE,,,-52.192176000,17.688768000,0.104055968475,ZONE_02_FIRST_CORNER
START_A,,251,37.2891367335,127.1070573334,52.214826422,6.246758651,1,3,2,NONE,,,-52.457871000,17.781531000,0.193705097716,ZONE_02_FIRST_CORNER
START_A,,252,37.2891370668,127.1070556667,52.364183471,6.276057236,1,3,2,NONE,,,-52.605483000,17.818634000,0.167569801515,ZONE_02_FIRST_CORNER
START_A,,253,37.2891377335,127.1070526667,52.636185321,6.322067996,1,3,2,NONE,,,-52.871178000,17.892851000,0.193690682319,ZONE_02_FIRST_CORNER
START_A,,254,37.2891380668,127.1070510001,52.785534227,6.351362748,1,3,2,NONE,,,-53.018781000,17.929954000,0.102702242678,ZONE_02_FIRST_CORNER
START_A,,255,37.2891388243,127.1070482848,53.039027335,6.377488981,1,3,2,NONE,,,-53.259261000,18.014279000,0.098929718096,ZONE_02_FIRST_CORNER
START_A,,256,37.2891393626,127.1070463783,53.217319383,6.395185132,1,3,2,NONE,,,-53.428111000,18.074203000,0.129818819893,ZONE_02_FIRST_CORNER
START_A,,257,37.2891397703,127.1070447793,53.364777851,6.414436284,1,3,2,NONE,,,-53.569726000,18.119588000,0.112362156112,ZONE_02_FIRST_CORNER
START_A,,258,37.2891405668,127.1070418334,53.638598808,6.445333536,1,3,2,NONE,,,-53.830630000,18.208254000,0.193635007586,ZONE_02_FIRST_CORNER
START_A,,259,37.2891409002,127.1070401667,53.787960542,6.474622169,1,3,2,NONE,,,-53.978242000,18.245368000,0.167608206242,ZONE_02_FIRST_CORNER
START_A,,260,37.2891415668,127.1070371667,54.059957706,6.520642881,1,3,2,NONE,,,-54.243937000,18.319574000,0.193618986192,ZONE_02_FIRST_CORNER
START_A,,261,37.2891419002,127.1070355001,54.209310392,6.549927255,1,3,2,NONE,,,-54.391539000,18.356688000,0.085877204070,ZONE_02_FIRST_CORNER
START_A,,262,37.2891427335,127.1070326667,54.475862053,6.572874405,1,3,2,NONE,,,-54.642480000,18.449451000,0.079352299370,ZONE_02_FIRST_CORNER
START_A,,263,37.2891432335,127.1070310001,54.633113517,6.585378927,1,3,2,NONE,,,-54.790082000,18.505111000,0.079374665483,ZONE_02_FIRST_CORNER
START_A,,264,37.2891437335,127.1070293334,54.790374029,6.597887708,1,3,2,NONE,,,-54.937694000,18.560771000,0.104055968475,ZONE_02_FIRST_CORNER
START_A,,265,37.2891445668,127.1070263334,55.070274656,6.627118616,1,3,2,NONE,,,-55.203389000,18.653534000,0.181261462757,ZONE_02_FIRST_CORNER
START_A,,266,37.2891452335,127.1070231667,55.355634520,6.679417392,1,3,2,NONE,,,-55.483848000,18.727751000,0.104055968475,ZONE_02_FIRST_CORNER
START_A,,267,37.2891460668,127.1070201667,55.635535147,6.708648300,1,3,2,NONE,,,-55.749543000,18.820514000,0.167569801515,ZONE_02_FIRST_CORNER
START_A,,268,37.2891467335,127.1070171667,55.907536997,6.754659059,1,3,2,NONE,,,-56.015238000,18.894731000,0.120522486120,ZONE_02_FIRST_CORNER
START_A,,269,37.2891475668,127.1070140001,56.200788400,6.790174577,1,3,2,NONE,,,-56.295689000,18.987494000,0.131740013932,ZONE_02_FIRST_CORNER
START_A,,270,37.2891479905,127.1070123273,56.354918971,6.810598030,1,3,2,NONE,,,-56.443840000,19.034660000,0.139253699184,ZONE_02_FIRST_CORNER
START_A,,271,37.2891484002,127.1070106667,56.507408836,6.831971139,1,3,2,NONE,,,-56.590911000,19.080268000,0.193690682319,ZONE_02_FIRST_CORNER
START_A,,272,37.2891487335,127.1070090001,56.656757742,6.861265892,1,3,2,NONE,,,-56.738514000,19.117371000,0.215313442602,ZONE_02_FIRST_CORNER
START_A,,273,37.2891490668,127.1070071667,56.819471900,6.896852068,1,3,2,NONE,,,-56.900889000,19.154474000,0.244037709825,ZONE_02_FIRST_CORNER
START_A,,274,37.2891495668,127.1070040001,57.096920158,6.965936815,1,3,2,NONE,,,-57.181339000,19.210134000,0.193635007586,ZONE_02_FIRST_CORNER
START_A,,275,37.2891499002,127.1070023334,57.246281892,6.995225448,1,3,2,NONE,,,-57.328951000,19.247248000,0.244043837324,ZONE_02_FIRST_CORNER
START_A,,276,37.2891504002,127.1069991667,57.523738293,7.064314029,1,3,2,NONE,,,-57.609410000,19.302908000,0.181290182297,ZONE_02_FIRST_CORNER
START_A,,277,37.2891510668,127.1069960001,57.809085329,7.116618924,1,3,2,NONE,,,-57.889860000,19.377114000,0.244043837324,ZONE_02_FIRST_CORNER
START_A,,278,37.2891515668,127.1069928334,58.086541729,7.185707504,1,3,2,NONE,,,-58.170319000,19.432774000,0.326161859914,ZONE_02_FIRST_CORNER
START_A,,279,37.2891517335,127.1069910001,58.241349872,7.238070125,1,3,2,NONE,,,-58.332686000,19.451331000,0.301210727970,ZONE_02_FIRST_CORNER
START_A,,280,37.2891520668,127.1069880001,58.497544795,7.317660493,1,3,2,NONE,,,-58.598381000,19.488434000,0.221686272340,ZONE_02_FIRST_CORNER
START_A,,281,37.2891525668,127.1069851667,58.748293311,7.374176873,1,3,2,NONE,,,-58.849321000,19.544094000,0.233456478176,ZONE_02_FIRST_CORNER
START_A,,282,37.2891530668,127.1069821667,59.012391698,7.436977437,1,3,2,NONE,,,-59.115016000,19.599754000,0.311120263350,ZONE_02_FIRST_CORNER
START_A,,283,37.2891533727,127.1069791989,59.264708123,7.518113104,1,3,2,NONE,,,-59.377860000,19.633807000,0.367594478592,ZONE_02_FIRST_CORNER
START_A,,284,37.2891535668,127.1069758334,59.543591557,7.625510650,1,3,2,NONE,,,-59.675926000,19.655414000,0.439958556941,ZONE_02_FIRST_CORNER
START_A,,285,37.2891535668,127.1069728334,59.783984240,7.738670674,1,3,2,NONE,,,-59.941621000,19.655414000,0.519656870032,ZONE_02_FIRST_CORNER
START_A,,286,37.2891533890,127.1069700352,59.999777009,7.862127076,1,3,2,NONE,,,-60.189444000,19.635621000,0.507989868617,ZONE_02_FIRST_CORNER
START_A,,287,37.2891532335,127.1069671667,60.222260385,7.985988603,1,3,2,NONE,,,-60.443493000,19.618311000,0.564984716108,ZONE_02_FIRST_CORNER
START_A,,288,37.2891529002,127.1069638334,60.473558713,8.145290482,1,3,2,NONE,,,-60.738707000,19.581208000,0.578746994631,ZONE_02_FIRST_CORNER
START_A,,289,37.2891525668,127.1069608334,60.698144470,8.292030114,1,3,2,NONE,,,-61.004402000,19.544094000,0.646460635707,ZONE_02_FIRST_CORNER
START_A,,290,37.2891520668,127.1069578334,60.914831450,8.455549598,1,3,2,NONE,,,-61.270097000,19.488434000,0.794051574185,ZONE_02_FIRST_CORNER
START_A,,291,37.2891512335,127.1069550001,61.102359079,8.646351147,1,3,2,NONE,,,-61.521029000,19.395671000,0.712347312367,ZONE_02_FIRST_CORNER
START_A,,292,37.2891505668,127.1069520001,61.311142596,8.826660435,1,3,2,NONE,,,-61.786724000,19.321454000,0.698618996177,ZONE_02_FIRST_CORNER
START_A,,293,37.2891499002,127.1069488334,61.533288811,9.013247787,1,3,2,NONE,,,-62.067183000,19.247248000,0.775898047571,ZONE_02_FIRST_CORNER
START_A,,294,37.2891490668,127.1069458334,61.734168865,9.210346879,1,3,2,NONE,,,-62.332878000,19.154474000,0.836716327777,ZONE_02_FIRST_CORNER
START_A,,295,37.2891480668,127.1069428334,61.927150141,9.424225823,1,3,2,NONE,,,-62.598573000,19.043154000,0.880417581931,ZONE_02_FIRST_CORNER
START_A,,296,37.2891470668,127.1069401667,62.093424436,9.625532992,1,3,2,NONE,,,-62.834750000,18.931834000,0.814228764872,ZONE_02_FIRST_CORNER
START_A,,297,37.2891462335,127.1069375001,62.267594051,9.810046524,1,3,2,NONE,,,-63.070918000,18.839071000,0.836716327777,ZONE_02_FIRST_CORNER
START_A,,298,37.2891452335,127.1069345001,62.460575327,10.023925468,1,3,2,NONE,,,-63.336613000,18.727751000,0.857487553501,ZONE_02_FIRST_CORNER
START_A,,299,37.2891442335,127.1069316667,62.640206732,10.231520228,1,3,2,NONE,,,-63.587553000,18.616431000,0.836716327777,ZONE_02_FIRST_CORNER
START_A,,300,37.2891432335,127.1069286667,62.833188008,10.445399172,1,3,2,NONE,,,-63.853248000,18.505111000,0.942751702907,ZONE_02_FIRST_CORNER
START_A,,301,37.2891420668,127.1069260001,62.991550697,10.663492313,1,3,2,NONE,,,-64.089416000,18.375234000,0.942699850887,ZONE_02_FIRST_CORNER
START_A,,302,37.2891409002,127.1069233334,63.149926215,10.881579334,1,3,2,NONE,,,-64.325593000,18.245368000,0.909281943214,ZONE_02_FIRST_CORNER
START_A,,303,37.2891399334,127.1069209371,63.296106323,11.069342550,1,3,2,NONE,,,-64.537821000,18.137744000,0.972747770764,ZONE_02_FIRST_CORNER
START_A,,304,37.2891391832,127.1069193380,63.388676352,11.205220011,1,3,2,NONE,,,-64.679446000,18.054232000,1.019220638982,ZONE_02_FIRST_CORNER
START_A,,305,37.2891384002,127.1069178334,63.472118068,11.340836890,1,3,2,NONE,,,-64.812701000,17.967068000,1.030558241044,ZONE_02_FIRST_CORNER
START_A,,306,37.2891370668,127.1069153335,63.609218376,11.569431392,1,3,2,NONE,,,-65.034104000,17.818634000,1.137376598832,ZONE_02_FIRST_CORNER
START_A,,307,37.2891354002,127.1069128334,63.730538318,11.831593690,1,3,2,NONE,,,-65.255526000,17.633108000,1.119580821109,ZONE_02_FIRST_CORNER
START_A,,308,37.2891339002,127.1069105001,63.846390882,12.070684286,1,3,2,NONE,,,-65.462175000,17.466128000,1.105857856823,ZONE_02_FIRST_CORNER
START_A,,309,37.2891330668,127.1069091667,63.913725175,12.204919396,1,3,2,NONE,,,-65.580268000,17.373354000,1.137418842968,ZONE_02_FIRST_CORNER
START_A,,310,37.2891314002,127.1069066668,64.035027927,12.467073601,1,3,2,NONE,,,-65.801671000,17.187828000,1.154241501626,ZONE_02_FIRST_CORNER
START_A,,311,37.2891303269,127.1069051108,64.108825609,12.633868138,1,3,2,NONE,,,-65.939479000,17.068348000,1.240252041714,ZONE_02_FIRST_CORNER
START_A,,312,37.2891287335,127.1069031668,64.189054529,12.867680946,1,3,2,NONE,,,-66.111649000,16.890971000,1.311116356352,ZONE_02_FIRST_CORNER
START_A,,313,37.2891275869,127.1069019538,64.231892195,13.028919446,1,3,2,NONE,,,-66.219079000,16.763332000,1.403007278986,ZONE_02_FIRST_CORNER
START_A,,314,37.2891257335,127.1069003334,64.273864024,13.276713973,1,3,2,NONE,,,-66.362590000,16.557011000,1.291887872444,ZONE_02_FIRST_CORNER
START_A,,315,37.2891240668,127.1068985002,64.341739082,13.513730323,1,3,2,NONE,,,-66.524947000,16.371474000,1.295942513566,ZONE_02_FIRST_CORNER
START_A,,316,37.2891222335,127.1068965002,64.415081519,13.773818375,1,3,2,NONE,,,-66.702077000,16.167391000,1.262567755023,ZONE_02_FIRST_CORNER
START_A,,317,37.2891212335,127.1068953335,64.461159020,13.918545320,1,3,2,NONE,,,-66.805406000,16.056071000,1.262567755023,ZONE_02_FIRST_CORNER
START_A,,318,37.2891202335,127.1068941668,64.507236521,14.063272264,1,3,2,NONE,,,-66.908735000,15.944751000,1.338709190020,ZONE_02_FIRST_CORNER
START_A,,319,37.2891182335,127.1068921668,64.572675496,14.340150120,1,3,2,NONE,,,-67.085865000,15.722111000,1.338682933298,ZONE_02_FIRST_CORNER
START_A,,320,37.2891164002,127.1068903334,64.632668062,14.593953989,1,3,2,NONE,,,-67.248240000,15.518028000,1.412270291458,ZONE_02_FIRST_CORNER
START_A,,321,37.2891152335,127.1068893334,64.657484086,14.749182721,1,3,2,NONE,,,-67.336805000,15.388151000,1.338733944482,ZONE_02_FIRST_CORNER
START_A,,322,37.2891134002,127.1068875002,64.717461271,15.002979349,1,3,2,NONE,,,-67.499163000,15.184068000,1.338709190020,ZONE_02_FIRST_CORNER
START_A,,323,37.2891114002,127.1068855002,64.782900245,15.279857205,1,3,2,NONE,,,-67.676293000,14.961428000,1.331040411935,ZONE_02_FIRST_CORNER
START_A,,324,37.2891102822,127.1068843645,64.820899506,15.435300098,1,3,2,NONE,,,-67.776877000,14.836972000,1.384117328171,ZONE_02_FIRST_CORNER
START_A,,325,37.2891082335,127.1068825002,64.873155244,15.711963793,1,3,2,NONE,,,-67.941988000,14.608911000,1.423852267556,ZONE_02_FIRST_CORNER
START_A,,326,37.2891061231,127.1068807360,64.914465585,15.991067153,1,3,2,NONE,,,-68.098235000,14.373981000,1.513586968745,ZONE_02_FIRST_CORNER
START_A,,327,37.2891040668,127.1068793335,64.929356849,16.251077318,1,3,2,NONE,,,-68.222447000,14.145074000,1.425289797688,ZONE_02_FIRST_CORNER
START_A,,328,37.2891020668,127.1068776668,64.968088843,16.515383399,1,3,2,NONE,,,-68.370059000,13.922434000,1.461570105166,ZONE_02_FIRST_CORNER
START_A,,329,37.2890999002,127.1068760002,64.998913011,16.796465074,1,3,2,NONE,,,-68.517661000,13.681248000,1.412222991967,ZONE_02_FIRST_CORNER
START_A,,330,37.2890987335,127.1068750001,65.023737178,16.951697639,1,3,2,NONE,,,-68.606235000,13.551371000,1.507336827549,ZONE_02_FIRST_CORNER
START_A,,331,37.2890965668,127.1068735002,65.041199552,17.226501675,1,3,2,NONE,,,-68.739074000,13.310174000,1.507288925059,ZONE_02_FIRST_CORNER
START_A,,332,37.2890944002,127.1068720002,65.058674754,17.501299592,1,3,2,NONE,,,-68.871922000,13.068988000,1.538002054653,ZONE_02_FIRST_CORNER
START_A,,333,37.2890920668,127.1068705002,65.068240903,17.792896839,1,3,2,NONE,,,-69.004769000,12.809234000,1.425289797688,ZONE_02_FIRST_CORNER
START_A,,334,37.2890900668,127.1068688335,65.106972897,18.057202921,1,3,2,NONE,,,-69.152381000,12.586594000,1.380649622111,ZONE_02_FIRST_CORNER
START_A,,335,37.2890880668,127.1068670002,65.159053857,18.327792760,1,3,2,NONE,,,-69.314747000,12.363954000,1.412230866100,ZONE_02_FIRST_CORNER
START_A,,336,37.2890869002,127.1068660002,65.183874566,18.483011540,1,3,2,NONE,,,-69.403312000,12.234088000,1.418236613253,ZONE_02_FIRST_CORNER
START_A,,337,37.2890847335,127.1068641668,65.228061111,18.770395442,1,3,2,NONE,,,-69.565688000,11.992891000,1.461590410673,ZONE_02_FIRST_CORNER
START_A,,338,37.2890825668,127.1068625002,65.258880594,19.051487069,1,3,2,NONE,,,-69.713290000,11.751694000,1.380623233497,ZONE_02_FIRST_CORNER
START_A,,339,37.2890805668,127.1068606668,65.310969697,19.322080742,1,3,2,NONE,,,-69.875665000,11.529054000,1.380646689993,ZONE_02_FIRST_CORNER
START_A,,340,37.2890785668,127.1068588335,65.363051562,19.592671007,1,3,2,NONE,,,-70.038032000,11.306414000,1.295942513566,ZONE_02_FIRST_CORNER
START_A,,341,37.2890767335,127.1068568335,65.436393999,19.852759059,1,3,2,NONE,,,-70.215162000,11.102331000,1.380649622111,ZONE_02_FIRST_CORNER
START_A,,342,37.2890747335,127.1068550002,65.488474960,20.123348898,1,3,2,NONE,,,-70.377528000,10.879691000,1.507308198217,ZONE_02_FIRST_CORNER
START_A,,343,37.2890725668,127.1068535002,65.505945476,20.398156767,1,3,2,NONE,,,-70.510376000,10.638494000,1.380623233497,ZONE_02_FIRST_CORNER
START_A,,344,37.2890705668,127.1068516668,65.558034579,20.668750440,1,3,2,NONE,,,-70.672751000,10.415854000,1.425317878644,ZONE_02_FIRST_CORNER
START_A,,345,37.2890685668,127.1068500002,65.596758430,20.933052688,1,3,2,NONE,,,-70.820354000,10.193214000,1.377304675206,ZONE_02_FIRST_CORNER
START_A,,346,37.2890664002,127.1068480002,65.654298627,21.226710396,1,3,2,NONE,,,-70.997484000,9.952028000,1.472772965499,ZONE_02_FIRST_CORNER
START_A,,347,37.2890644002,127.1068465002,65.679671701,21.484728035,1,3,2,NONE,,,-71.130331000,9.729388000,1.555451974433,ZONE_02_FIRST_CORNER
START_A,,348,37.2890622335,127.1068451668,65.683792347,21.753251721,1,3,2,NONE,,,-71.248424000,9.488191000,1.472769653243,ZONE_02_FIRST_CORNER
START_A,,349,37.2890602335,127.1068436668,65.709166326,22.011269786,1,3,2,NONE,,,-71.381272000,9.265551000,1.472772965499,ZONE_02_FIRST_CORNER
START_A,,350,37.2890582335,127.1068421668,65.734539401,22.269287425,1,3,2,NONE,,,-71.514119000,9.042911000,1.461587394296,ZONE_02_FIRST_CORNER
START_A,,351,37.2890560668,127.1068405002,65.765359789,22.550379477,1,3,2,NONE,,,-71.661722000,8.801714000,1.412230866100,ZONE_02_FIRST_CORNER
START_A,,352,37.2890549002,127.1068395002,65.790180498,22.705598257,1,3,2,NONE,,,-71.750287000,8.671848000,1.523067446011,ZONE_02_FIRST_CORNER
START_A,,353,37.2890529002,127.1068381668,65.802204607,22.957332139,1,3,2,NONE,,,-71.868380000,8.449208000,1.507311379209,ZONE_02_FIRST_CORNER
START_A,,354,37.2890507335,127.1068366668,65.819674218,23.232139582,1,3,2,NONE,,,-72.001227000,8.208011000,1.507308198217,ZONE_02_FIRST_CORNER
START_A,,355,37.2890485668,127.1068351668,65.837144735,23.506947451,1,3,2,NONE,,,-72.134075000,7.966814000,1.425317878644,ZONE_02_FIRST_CORNER
START_A,,356,37.2890465668,127.1068335002,65.875868586,23.771249700,1,3,2,NONE,,,-72.281678000,7.744174000,1.461542957613,ZONE_02_FIRST_CORNER
START_A,,357,37.2890444002,127.1068318335,65.906700897,24.052335207,1,3,2,NONE,,,-72.429289000,7.502988000,1.429493039710,ZONE_02_FIRST_CORNER
START_A,,358,37.2890424006,127.1068301823,65.944209808,24.316015811,1,3,2,NONE,,,-72.575528000,7.280393000,1.518385973309,ZONE_02_FIRST_CORNER
START_A,,359,37.2890404002,127.1068288335,65.957447951,24.568370911,1,3,2,NONE,,,-72.694984000,7.057708000,1.507308198217,ZONE_02_FIRST_CORNER
START_A,,360,37.2890382335,127.1068273335,65.974918468,24.843178780,1,3,2,NONE,,,-72.827832000,6.816511000,1.433714967308,ZONE_02_FIRST_CORNER
START_A,,361,37.2890364002,127.1068258335,66.008195006,25.084406615,1,3,2,NONE,,,-72.960679000,6.612428000,1.461560247406,ZONE_02_FIRST_CORNER
START_A,,362,37.2890342335,127.1068241668,66.039023536,25.365502501,1,3,2,NONE,,,-73.108291000,6.371231000,1.472769653243,ZONE_02_FIRST_CORNER
START_A,,363,37.2890322335,127.1068226668,66.064397516,25.623520566,1,3,2,NONE,,,-73.241139000,6.148591000,1.523102500061,ZONE_02_FIRST_CORNER
START_A,,364,37.2890302335,127.1068213335,66.076412577,25.875250189,1,3,2,NONE,,,-73.359222000,5.925951000,1.658849317243,ZONE_02_FIRST_CORNER
START_A,,365,37.2890280668,127.1068203335,66.053817194,26.131197841,1,3,2,NONE,,,-73.447787000,5.684754000,1.576230896802,ZONE_02_FIRST_CORNER
START_A,,366,37.2890260668,127.1068191668,66.052483288,26.376643706,1,3,2,NONE,,,-73.551116000,5.462114000,1.632165660029,ZONE_02_FIRST_CORNER
START_A,,367,37.2890237335,127.1068180002,66.035338998,26.655655393,1,3,2,NONE,,,-73.654436000,5.202371000,1.606007215194,ZONE_02_FIRST_CORNER
START_A,,368,37.2890215668,127.1068168335,66.026101630,26.917891062,1,3,2,NONE,,,-73.757765000,4.961174000,1.713806105312,ZONE_02_FIRST_CORNER
START_A,,369,37.2890194002,127.1068160002,65.990153822,27.167541171,1,3,2,NONE,,,-73.831567000,4.719988000,1.713788537655,ZONE_02_FIRST_CORNER
START_A,,370,37.2890172335,127.1068151668,65.954208568,27.417204640,1,3,2,NONE,,,-73.905377000,4.478791000,1.841894454771,ZONE_02_FIRST_CORNER
START_A,,371,37.2890149002,127.1068146668,65.883648508,27.671071927,1,3,2,NONE,,,-73.949659000,4.219048000,1.751548001734,ZONE_02_FIRST_CORNER
START_A,,372,37.2890129002,127.1068140002,65.842241464,27.897654168,1,3,2,NONE,,,-74.008697000,3.996408000,1.841901470481,ZONE_02_FIRST_CORNER
START_A,,373,37.2890105668,127.1068135002,65.771676719,28.151531407,1,3,2,NONE,,,-74.052979000,3.736654000,1.888932788047,ZONE_02_FIRST_CORNER
START_A,,374,37.2890084002,127.1068131668,65.695671155,28.382325133,1,3,2,NONE,,,-74.082507000,3.495468000,1.949656961677,ZONE_02_FIRST_CORNER
START_A,,375,37.2890062335,127.1068130002,65.606294749,28.606836960,1,3,2,NONE,,,-74.097262000,3.254271000,1.953975180216,ZONE_02_FIRST_CORNER
START_A,,376,37.2890039002,127.1068128335,65.509027708,28.848132473,1,3,2,NONE,,,-74.112026000,2.994528000,1.949623917496,ZONE_02_FIRST_CORNER
START_A,,377,37.2890017335,127.1068126668,65.419658540,29.072647708,1,3,2,NONE,,,-74.126789000,2.753331000,1.949656961677,ZONE_02_FIRST_CORNER
START_A,,378,37.2889995668,127.1068125002,65.330282134,29.297159536,1,3,2,NONE,,,-74.141544000,2.512134000,1.953975180216,ZONE_02_FIRST_CORNER
START_A,,379,37.2889972335,127.1068123335,65.233015093,29.538455049,1,3,2,NONE,,,-74.156308000,2.252391000,2.059079229100,ZONE_02_FIRST_CORNER
START_A,,380,37.2889949880,127.1068124700,65.115615048,29.759470601,1,3,2,NONE,,,-74.144219000,2.002422000,2.138331987555,ZONE_02_FIRST_CORNER
START_A,,381,37.2889927335,127.1068128335,64.979598766,29.972830399,1,3,2,NONE,,,-74.112026000,1.751451000,2.179619053921,ZONE_02_FIRST_CORNER
START_A,,382,37.2889904002,127.1068133335,64.828907811,30.188977678,1,3,2,NONE,,,-74.067743000,1.491708000,2.192329555991,ZONE_02_FIRST_CORNER
START_A,,383,37.2889882335,127.1068138335,64.686115635,30.388345105,1,3,2,NONE,,,-74.023460000,1.250511000,2.307687110636,ZONE_02_FIRST_CORNER
START_A,,384,37.2889860668,127.1068146668,64.516616477,30.575140758,1,3,2,NONE,,,-73.949659000,1.009314000,2.271652024455,ZONE_02_FIRST_CORNER
START_A,,385,37.2889845968,127.1068151601,64.407393412,30.704589978,1,3,2,NONE,,,-73.905970000,0.845674000,2.355160717984,ZONE_02_FIRST_CORNER
START_A,,386,37.2889827335,127.1068160002,64.251733997,30.860571559,1,3,2,NONE,,,-73.831567000,0.638251000,2.362664103631,ZONE_02_FIRST_CORNER
START_A,,387,37.2889805668,127.1068170002,64.068875920,31.041078770,1,3,2,NONE,,,-73.743001000,0.397054000,2.470069549192,ZONE_02_FIRST_CORNER
START_A,,388,37.2889784916,127.1068182903,63.867111653,31.201428153,1,3,2,NONE,,,-73.628744000,0.166043000,2.417858189294,ZONE_02_FIRST_CORNER
START_A,,389,37.2889765668,127.1068193335,63.692261522,31.355942660,1,3,2,NONE,,,-73.536353000,-0.048226000,2.415519060852,ZONE_02_FIRST_CORNER
START_A,,390,37.2889744002,127.1068205002,63.496051022,31.530152328,1,3,2,NONE,,,-73.433024000,-0.289412000,2.498410772875,ZONE_02_FIRST_CORNER
START_A,,391,37.2889724002,127.1068218335,63.294389427,31.681297960,1,3,2,NONE,,,-73.314940000,-0.512052000,2.498410772875,ZONE_02_FIRST_CORNER
START_A,,392,37.2889704002,127.1068231668,63.092727833,31.832443592,1,3,2,NONE,,,-73.196856000,-0.734692000,2.636915097561,ZONE_02_FIRST_CORNER
START_A,,393,37.2889685668,127.1068248335,62.872249894,31.954233765,1,3,2,NONE,,,-73.049245000,-0.938786000,2.596219969784,ZONE_02_FIRST_CORNER
START_A,,394,37.2889665668,127.1068265002,62.643872271,32.092803364,1,3,2,NONE,,,-72.901633000,-1.161426000,2.548740114229,ZONE_02_FIRST_CORNER
START_A,,395,37.2889645668,127.1068280002,62.428852663,32.237660979,1,3,2,NONE,,,-72.768785000,-1.384066000,2.596188768657,ZONE_02_FIRST_CORNER
START_A,,396,37.2889625668,127.1068296668,62.200484088,32.376234837,1,3,2,NONE,,,-72.621183000,-1.606706000,2.636943908696,ZONE_02_FIRST_CORNER
START_A,,397,37.2889607335,127.1068313335,61.980009928,32.498014631,1,3,2,NONE,,,-72.473571000,-1.810789000,2.641355913292,ZONE_02_FIRST_CORNER
START_A,,398,37.2889587115,127.1068331889,61.735469672,32.631682762,1,3,2,NONE,,,-72.309248000,-2.035878000,2.730252675794,ZONE_02_FIRST_CORNER
START_A,,399,37.2889570668,127.1068350002,61.512350848,32.729012825,1,3,2,NONE,,,-72.148830000,-2.218966000,2.682802231111,ZONE_02_FIRST_CORNER
START_A,,400,37.2889554002,127.1068366668,61.299788294,32.834006648,1,3,2,NONE,,,-72.001227000,-2.404492000,2.725540573008,ZONE_02_FIRST_CORNER
START_A,,401,37.2889535668,127.1068386668,61.052602469,32.943224621,1,3,2,NONE,,,-71.824097000,-2.608586000,2.758942012450,ZONE_02_FIRST_CORNER
START_A,,402,37.2889525668,127.1068398335,60.911702154,32.999935517,1,3,2,NONE,,,-71.720768000,-2.719906000,2.865464535048,ZONE_02_FIRST_CORNER
START_A,,403,37.2889510668,127.1068420002,60.666965240,33.069285864,1,3,2,NONE,,,-71.528874000,-2.886886000,2.849962212347,ZONE_02_FIRST_CORNER
START_A,,404,37.2889494002,127.1068443335,60.400979677,33.149131880,1,3,2,NONE,,,-71.322225000,-3.072412000,2.867671382672,ZONE_02_FIRST_CORNER
START_A,,405,37.2889477926,127.1068466660,60.137855677,33.223065610,1,3,2,NONE,,,-71.115647000,-3.251370000,2.862877447048,ZONE_02_FIRST_CORNER
START_A,,406,37.2889464002,127.1068486668,59.911513993,33.287836409,1,3,2,NONE,,,-70.938446000,-3.406372000,2.935393226493,ZONE_02_FIRST_CORNER
START_A,,407,37.2889449002,127.1068511668,59.640070098,33.344614982,1,3,2,NONE,,,-70.717034000,-3.573352000,2.901950236387,ZONE_02_FIRST_CORNER
START_A,,408,37.2889434002,127.1068535002,59.381975171,33.407677313,1,3,2,NONE,,,-70.510376000,-3.740332000,2.958654969824,ZONE_02_FIRST_CORNER
START_A,,409,37.2889420668,127.1068558335,59.131787164,33.453963626,1,3,2,NONE,,,-70.303727000,-3.888766000,2.991006693689,ZONE_02_FIRST_CORNER
START_A,,410,37.2889407335,127.1068583335,58.868245827,33.493951969,1,3,2,NONE,,,-70.082314000,-4.037189000,3.020445578171,ZONE_02_FIRST_CORNER
START_A,,411,37.2889395668,127.1068606668,58.625961283,33.523448477,1,3,2,NONE,,,-69.875665000,-4.167066000,2.923201809982,ZONE_02_FIRST_CORNER
START_A,,412,37.2889382335,127.1068628335,58.389127832,33.576009021,1,3,2,NONE,,,-69.683771000,-4.315489000,2.991004604780,ZONE_02_FIRST_CORNER
START_A,,413,37.2889369002,127.1068653335,58.125587401,33.615997790,1,3,2,NONE,,,-69.462359000,-4.463912000,2.958654969824,ZONE_02_FIRST_CORNER
START_A,,414,37.2889355668,127.1068676668,57.875399394,33.662284102,1,3,2,NONE,,,-69.255710000,-4.612346000,2.991006693689,ZONE_02_FIRST_CORNER
START_A,,415,37.2889342335,127.1068701668,57.611858058,33.702272446,1,3,2,NONE,,,-69.034297000,-4.760769000,3.038783630777,ZONE_02_FIRST_CORNER
START_A,,416,37.2889330779,127.1068725748,57.364113975,33.727832892,1,3,2,NONE,,,-68.821032000,-4.889410000,3.001408545082,ZONE_02_FIRST_CORNER
START_A,,417,37.2889319002,127.1068748335,57.127285512,33.761251677,1,3,2,NONE,,,-68.620990000,-5.020512000,2.958654969824,ZONE_02_FIRST_CORNER
START_A,,418,37.2889305668,127.1068771668,56.877097505,33.807537989,1,3,2,NONE,,,-68.414341000,-5.168946000,2.991004604780,ZONE_02_FIRST_CORNER
START_A,,419,37.2889292335,127.1068796668,56.613557073,33.847526758,1,3,2,NONE,,,-68.192929000,-5.317369000,3.078774154939,ZONE_02_FIRST_CORNER
START_A,,420,37.2889280668,127.1068823335,56.344556501,33.864447233,1,3,2,NONE,,,-67.956752000,-5.447246000,3.115689387235,ZONE_02_FIRST_CORNER
START_A,,421,37.2889270668,127.1068848335,56.096817405,33.870865921,1,3,2,NONE,,,-67.735339000,-5.558566000,3.115671260970,ZONE_02_FIRST_CORNER
START_A,,422,37.2889260668,127.1068873334,55.849087357,33.877288867,1,3,2,NONE,,,-67.513936000,-5.669886000,3.020483737029,ZONE_02_FIRST_CORNER
START_A,,423,37.2889249002,127.1068896667,55.606807498,33.906775423,1,3,2,NONE,,,-67.307287000,-5.799752000,2.958696239588,ZONE_02_FIRST_CORNER
START_A,,424,37.2889235668,127.1068920002,55.356603205,33.953054069,1,3,2,NONE,,,-67.100620000,-5.948186000,3.051092875120,ZONE_02_FIRST_CORNER
START_A,,425,37.2889224002,127.1068945002,55.100965332,33.976252608,1,3,2,NONE,,,-66.879207000,-6.078052000,3.115671260970,ZONE_02_FIRST_CORNER
START_A,,426,37.2889214002,127.1068970001,54.853235284,33.982675555,1,3,2,NONE,,,-66.657804000,-6.189372000,-3.136121353839,ZONE_02_FIRST_CORNER
START_A,,427,37.2889205593,127.1068992777,54.630860580,33.981458864,1,3,2,NONE,,,-66.456088000,-6.282981000,3.100313328319,ZONE_02_FIRST_CORNER
START_A,,428,37.2889195668,127.1069016667,54.392371900,33.991309111,1,3,2,NONE,,,-66.244506000,-6.393466000,3.051110613446,ZONE_02_FIRST_CORNER
START_A,,429,37.2889184002,127.1069041668,54.136725883,34.014503817,1,3,2,NONE,,,-66.023084000,-6.523332000,3.051055911529,ZONE_02_FIRST_CORNER
START_A,,430,37.2889172335,127.1069066668,53.881083325,34.037712309,1,3,2,NONE,,,-65.801671000,-6.653209000,3.115671260970,ZONE_02_FIRST_CORNER
START_A,,431,37.2889162335,127.1069091667,53.633353277,34.044135256,1,3,2,NONE,,,-65.580268000,-6.764529000,3.141092185542,ZONE_02_FIRST_CORNER
START_A,,432,37.2889152335,127.1069118334,53.372256168,34.044265926,1,3,2,NONE,,,-65.344091000,-6.875849000,-3.123565893195,ZONE_02_FIRST_CORNER
START_A,,433,37.2889144002,127.1069141667,53.145778549,34.040182826,1,3,2,NONE,,,-65.137442000,-6.968612000,3.115689387235,ZONE_02_FIRST_CORNER
START_A,,434,37.2889134002,127.1069166667,52.898039454,34.046601514,1,3,2,NONE,,,-64.916029000,-7.079932000,3.078772367167,ZONE_02_FIRST_CORNER
START_A,,435,37.2889122335,127.1069193334,52.629039786,34.063522415,1,3,2,NONE,,,-64.679853000,-7.209809000,3.141092185542,ZONE_02_FIRST_CORNER
START_A,,436,37.2889112335,127.1069220001,52.367942676,34.063653085,1,3,2,NONE,,,-64.443676000,-7.321129000,-3.075905745445,ZONE_02_FIRST_CORNER
START_A,,437,37.2889104002,127.1069246667,52.114758077,34.046998211,1,3,2,NONE,,,-64.207509000,-7.413892000,-3.098419237083,ZONE_02_FIRST_CORNER
START_A,,438,37.2889095668,127.1069271667,51.874917760,34.036637047,1,3,2,NONE,,,-63.986096000,-7.506666000,-3.123549622360,ZONE_02_FIRST_CORNER
START_A,,439,37.2889087335,127.1069295001,51.648431998,34.032550114,1,3,2,NONE,,,-63.779438000,-7.599429000,3.051053940456,ZONE_02_FIRST_CORNER
START_A,,440,37.2889075668,127.1069320001,51.392790345,34.055759031,1,3,2,NONE,,,-63.558026000,-7.729306000,3.141077488666,ZONE_02_FIRST_CORNER
START_A,,441,37.2889065668,127.1069346667,51.131701378,34.055893535,1,3,2,NONE,,,-63.321858000,-7.840626000,-3.075891337267,ZONE_02_FIRST_CORNER
START_A,,442,37.2889057335,127.1069373334,50.878507731,34.039234402,1,3,2,NONE,,,-63.085681000,-7.933389000,-3.066013107995,ZONE_02_FIRST_CORNER
START_A,,443,37.2889049825,127.1069398083,50.644586419,34.021520994,1,3,2,NONE,,,-62.866492000,-8.016990000,-2.967120046319,ZONE_02_FIRST_CORNER
START_A,,444,37.2889044002,127.1069425001,50.401281597,33.978634921,1,3,2,NONE,,,-62.628092000,-8.081812000,-3.025061120381,ZONE_02_FIRST_CORNER
START_A,,445,37.2889037335,127.1069450001,50.169344743,33.951483953,1,3,2,NONE,,,-62.406679000,-8.156029000,-3.075905745445,ZONE_02_FIRST_CORNER
START_A,,446,37.2889029002,127.1069476667,49.916160144,33.934829079,1,3,2,NONE,,,-62.170512000,-8.248792000,-2.989192740596,ZONE_02_FIRST_CORNER
START_A,,447,37.2889022335,127.1069505001,49.657508165,33.895102503,1,3,2,NONE,,,-61.919572000,-8.323009000,-2.933090073908,ZONE_02_FIRST_CORNER
START_A,,448,37.2889017335,127.1069531667,49.420124902,33.844877547,1,3,2,NONE,,,-61.683404000,-8.378669000,-2.848426626012,ZONE_02_FIRST_CORNER
START_A,,449,37.2889014002,127.1069560001,49.177279850,33.771571362,1,3,2,NONE,,,-61.432464000,-8.415772000,-2.901673042617,ZONE_02_FIRST_CORNER
START_A,,450,37.2889009833,127.1069585846,48.950415183,33.716073118,1,3,2,NONE,,,-61.203567000,-8.462181000,-2.901669623134,ZONE_02_FIRST_CORNER
START_A,,451,37.2889005668,127.1069611667,48.723761973,33.660625782,1,3,2,NONE,,,-60.974883000,-8.508546000,-2.933082510797,ZONE_02_FIRST_CORNER
START_A,,452,37.2889000668,127.1069638334,48.486371471,33.610397418,1,3,2,NONE,,,-60.738707000,-8.564206000,-2.933081565443,ZONE_02_FIRST_CORNER
START_A,,453,37.2888995668,127.1069665001,48.248980065,33.560168629,1,3,2,NONE,,,-60.502530000,-8.619866000,-2.933090073908,ZONE_02_FIRST_CORNER
START_A,,454,37.2888990668,127.1069691667,48.011596802,33.509943673,1,3,2,NONE,,,-60.266362000,-8.675526000,-2.867665918297,ZONE_02_FIRST_CORNER
START_A,,455,37.2888987335,127.1069716667,47.795467778,33.449213522,1,3,2,NONE,,,-60.044950000,-8.712629000,-2.922919587631,ZONE_02_FIRST_CORNER
START_A,,456,37.2888983116,127.1069740239,47.586579795,33.402793067,1,3,2,NONE,,,-59.836184000,-8.759595000,-2.969950656571,ZONE_02_FIRST_CORNER
START_A,,457,37.2888977335,127.1069766667,47.347400994,33.361331977,1,3,2,NONE,,,-59.602124000,-8.823949000,-2.979358045595,ZONE_02_FIRST_CORNER
START_A,,458,37.2888971353,127.1069793041,47.107702409,33.322099767,1,3,2,NONE,,,-59.368543000,-8.890541000,-2.898713713763,ZONE_02_FIRST_CORNER
START_A,,459,37.2888967335,127.1069818334,46.885977101,33.267162841,1,3,2,NONE,,,-59.144535000,-8.935269000,-2.775452322552,ZONE_02_FIRST_CORNER
START_A,,460,37.2888965668,127.1069846667,46.651038969,33.177080638,1,3,2,NONE,,,-58.893604000,-8.953826000,-2.857458792897,ZONE_02_FIRST_CORNER
START_A,,461,37.2888962335,127.1069873334,46.421551026,33.110062045,1,3,2,NONE,,,-58.657427000,-8.990929000,-2.785250377585,ZONE_02_FIRST_CORNER
START_A,,462,37.2888960668,127.1069898334,46.213319875,33.032551616,1,3,2,NONE,,,-58.436014000,-9.009486000,-2.779999468123,ZONE_02_FIRST_CORNER
START_A,,463,37.2888959002,127.1069925001,45.991736299,32.948743644,1,3,2,NONE,,,-58.199838000,-9.028032000,-2.701634096649,ZONE_02_FIRST_CORNER
START_A,,464,37.2888959002,127.1069951667,45.778058740,32.848159228,1,3,2,NONE,,,-57.963670000,-9.028032000,-2.665881238883,ZONE_02_FIRST_CORNER
START_A,,465,37.2888959759,127.1069978269,45.568483261,32.740191807,1,3,2,NONE,,,-57.728069000,-9.019605000,-2.581098728066,ZONE_02_FIRST_CORNER
START_A,,466,37.2888962335,127.1070005001,45.366490481,32.613413500,1,3,2,NONE,,,-57.491317000,-8.990929000,-2.623219459421,ZONE_02_FIRST_CORNER
START_A,,467,37.2888964002,127.1070031667,45.160717289,32.496039705,1,3,2,NONE,,,-57.255150000,-8.972372000,-2.545809400401,ZONE_02_FIRST_CORNER
START_A,,468,37.2888967335,127.1070058334,44.962833827,32.361881800,1,3,2,NONE,,,-57.018973000,-8.935269000,-2.483354229706,ZONE_02_FIRST_CORNER
START_A,,469,37.2888972335,127.1070086667,44.759504862,32.204650333,1,3,2,NONE,,,-56.768042000,-8.879609000,-2.397161968946,ZONE_02_FIRST_CORNER
START_A,,470,37.2888979002,127.1070113334,44.577428326,32.036912819,1,3,2,NONE,,,-56.531865000,-8.805392000,-2.397203148036,ZONE_02_FIRST_CORNER
START_A,,471,37.2888985668,127.1070140001,44.395348010,31.869185684,1,3,2,NONE,,,-56.295689000,-8.731186000,-2.304848956214,ZONE_02_FIRST_CORNER
START_A,,472,37.2888994002,127.1070165001,44.234532951,31.690946383,1,3,2,NONE,,,-56.074276000,-8.638412000,-2.378251736321,ZONE_02_FIRST_CORNER
START_A,,473,37.2889000668,127.1070190001,44.065809744,31.529506839,1,3,2,NONE,,,-55.852863000,-8.564206000,-2.327322096767,ZONE_02_FIRST_CORNER
START_A,,474,37.2889009002,127.1070216667,43.891645718,31.344983780,1,3,2,NONE,,,-55.616696000,-8.471432000,-2.261175071659,ZONE_02_FIRST_CORNER
START_A,,475,37.2889019002,127.1070243334,43.725371423,31.143676610,1,3,2,NONE,,,-55.380519000,-8.360112000,-2.158327936436,ZONE_02_FIRST_CORNER
START_A,,476,37.2889030165,127.1070266567,43.592128935,30.943608775,1,3,2,NONE,,,-55.174756000,-8.235845000,-2.027497572490,ZONE_02_FIRST_CORNER
START_A,,477,37.2889044002,127.1070288334,43.483310464,30.722139062,1,3,2,NONE,,,-54.981976000,-8.081812000,-1.902227267062,ZONE_02_FIRST_CORNER
START_A,,478,37.2889059002,127.1070306667,43.407523800,30.501908682,1,3,2,NONE,,,-54.819610000,-7.914832000,-1.945723765375,ZONE_02_FIRST_CORNER
START_A,,479,37.2889074002,127.1070326667,43.318379122,30.275390286,1,3,2,NONE,,,-54.642480000,-7.747852000,-1.985547421166,ZONE_02_FIRST_CORNER
START_A,,480,37.2889089002,127.1070348334,43.215876430,30.042583874,1,3,2,NONE,,,-54.450586000,-7.580872000,-1.893091471751,ZONE_02_FIRST_CORNER
START_A,,481,37.2889105668,127.1070368334,43.134629626,29.799285200,1,3,2,NONE,,,-54.273455000,-7.395346000,-1.756997983679,ZONE_02_FIRST_CORNER
START_A,,482,37.2889124002,127.1070385001,43.087999759,29.551759396,1,3,2,NONE,,,-54.125844000,-7.191252000,-1.668823000346,ZONE_02_FIRST_CORNER
START_A,,483,37.2889144002,127.1070400001,43.062625779,29.293741331,1,3,2,NONE,,,-53.992996000,-6.968612000,-1.655375451568,ZONE_02_FIRST_CORNER
START_A,,484,37.2889162335,127.1070413334,43.042707256,29.058801513,1,3,2,NONE,,,-53.874913000,-6.764529000,-1.757026794813,ZONE_02_FIRST_CORNER
START_A,,485,37.2889180668,127.1070430001,42.996071799,28.811285235,1,3,2,NONE,,,-53.727301000,-6.560446000,-1.756969030543,ZONE_02_FIRST_CORNER
START_A,,486,37.2889199002,127.1070446667,42.949450075,28.563763265,1,3,2,NONE,,,-53.579699000,-6.356352000,-1.655412160678,ZONE_02_FIRST_CORNER
START_A,,487,37.2889217335,127.1070460001,42.929522504,28.328819187,1,3,2,NONE,,,-53.461606000,-6.152269000,-1.586110580067,ZONE_02_FIRST_CORNER
START_A,,488,37.2889239002,127.1070473334,42.925410002,28.060299335,1,3,2,NONE,,,-53.343522000,-5.911072000,-1.599519598636,ZONE_02_FIRST_CORNER
START_A,,489,37.2889257335,127.1070485001,42.918840445,27.831643274,1,3,2,NONE,,,-53.240193000,-5.706989000,-1.599484496522,ZONE_02_FIRST_CORNER
START_A,,490,37.2889275668,127.1070496667,42.912279031,27.602991047,1,3,2,NONE,,,-53.136873000,-5.502906000,-1.586137334857,ZONE_02_FIRST_CORNER
START_A,,491,37.2889297335,127.1070510001,42.908159290,27.334467787,1,3,2,NONE,,,-53.018781000,-5.261709000,-1.586110580067,ZONE_02_FIRST_CORNER
START_A,,492,37.2889319002,127.1070523334,42.904046787,27.065947934,1,3,2,NONE,,,-52.900697000,-5.020512000,-1.509441535202,ZONE_02_FIRST_CORNER
START_A,,493,37.2889339002,127.1070533334,42.918738707,26.826790086,1,3,2,NONE,,,-52.812132000,-4.797872000,-1.427786548278,ZONE_02_FIRST_CORNER
START_A,,494,37.2889360668,127.1070541667,42.954686515,26.577139977,1,3,2,NONE,,,-52.738330000,-4.556686000,-1.509441535202,ZONE_02_FIRST_CORNER
START_A,,495,37.2889380668,127.1070551667,42.969378435,26.337982129,1,3,2,NONE,,,-52.649765000,-4.334046000,-1.586137334857,ZONE_02_FIRST_CORNER
START_A,,496,37.2889402335,127.1070565001,42.965258694,26.069458869,1,3,2,NONE,,,-52.531673000,-4.092849000,-1.584402073729,ZONE_02_FIRST_CORNER
START_A,,497,37.2889423365,127.1070577886,42.961715341,25.809044289,1,3,2,NONE,,,-52.417556000,-3.858743000,-1.538759412968,ZONE_02_FIRST_CORNER
START_A,,498,37.2889445668,127.1070590001,42.970378875,25.538713300,1,3,2,NONE,,,-52.310260000,-3.610466000,-1.482743336346,ZONE_02_FIRST_CORNER
START_A,,499,37.2889467335,127.1070600001,42.992974258,25.282765648,1,3,2,NONE,,,-52.221695000,-3.369269000,-1.535553910267,ZONE_02_FIRST_CORNER
START_A,,500,37.2889489002,127.1070611667,43.002219770,25.020533812,1,3,2,NONE,,,-52.118375000,-3.128072000,-1.565361756788,ZONE_02_FIRST_CORNER
START_A,,501,37.2889509002,127.1070623334,43.003553676,24.775087948,1,3,2,NONE,,,-52.015046000,-2.905432000,-1.586128591368,ZONE_02_FIRST_CORNER
START_A,,502,37.2889530668,127.1070636667,42.999436488,24.506578048,1,3,2,NONE,,,-51.896962000,-2.664246000,-1.586140679157,ZONE_02_FIRST_CORNER
START_A,,503,37.2889552335,127.1070650001,42.995315843,24.238054362,1,3,2,NONE,,,-51.778869000,-2.423049000,-1.586107235669,ZONE_02_FIRST_CORNER
START_A,,504,37.2889574002,127.1070663334,42.991204245,23.969534935,1,3,2,NONE,,,-51.660786000,-2.181852000,-1.500168857194,ZONE_02_FIRST_CORNER
START_A,,505,37.2889594592,127.1070673352,43.008548726,23.724366418,1,3,2,NONE,,,-51.572061000,-1.952644000,-1.630421819758,ZONE_02_FIRST_CORNER
START_A,,506,37.2889614002,127.1070686667,42.993880200,23.478647039,1,3,2,NONE,,,-51.454137000,-1.736572000,-1.668823000346,ZONE_02_FIRST_CORNER
START_A,,507,37.2889634002,127.1070701667,42.968506220,23.220628974,1,3,2,NONE,,,-51.321289000,-1.513932000,-1.707881127913,ZONE_02_FIRST_CORNER
START_A,,508,37.2889652335,127.1070716667,42.935228778,22.979400713,1,3,2,NONE,,,-51.188441000,-1.309849000,-1.618521702233,ZONE_02_FIRST_CORNER
START_A,,509,37.2889672335,127.1070730001,42.923205574,22.727667257,1,3,2,NONE,,,-51.070349000,-1.087209000,-1.565328496336,ZONE_02_FIRST_CORNER
START_A,,510,37.2889692335,127.1070741667,42.924547623,22.482225226,1,3,2,NONE,,,-50.967029000,-0.864569000,-1.565361756788,ZONE_02_FIRST_CORNER
START_A,,511,37.2889712335,127.1070753334,42.925881529,22.236779361,1,3,2,NONE,,,-50.863700000,-0.641929000,-1.655379122549,ZONE_02_FIRST_CORNER
START_A,,512,37.2889730668,127.1070766667,42.905962101,22.001839117,1,3,2,NONE,,,-50.745616000,-0.437846000,-1.757001200619,ZONE_02_FIRST_CORNER
START_A,,513,37.2889749002,127.1070783334,42.859331329,21.754312887,1,3,2,NONE,,,-50.598004000,-0.233752000,-1.655375451568,ZONE_02_FIRST_CORNER
START_A,,514,37.2889767335,127.1070796667,42.839412806,21.519373069,1,3,2,NONE,,,-50.479921000,-0.029669000,-1.707881127913,ZONE_02_FIRST_CORNER
START_A,,515,37.2889785668,127.1070811667,42.806135363,21.278144808,1,3,2,NONE,,,-50.347073000,0.174414000,-1.728026902304,ZONE_02_FIRST_CORNER
START_A,,516,37.2889804971,127.1070828166,42.765445998,21.021492999,1,3,2,NONE,,,-50.200950000,0.389295000,-1.786250682595,ZONE_02_FIRST_CORNER
START_A,,517,37.2889820668,127.1070843334,42.718324591,20.806180547,1,3,2,NONE,,,-50.066614000,0.564034000,-1.902227267062,ZONE_02_FIRST_CORNER
START_A,,518,37.2889835668,127.1070861667,42.642537928,20.585950168,1,3,2,NONE,,,-49.904248000,0.731014000,-2.022033122505,ZONE_02_FIRST_CORNER
START_A,,519,37.2889850668,127.1070885001,42.526677221,20.346855739,1,3,2,NONE,,,-49.697590000,0.897994000,-2.004151152976,ZONE_02_FIRST_CORNER
START_A,,520,37.2889864002,127.1070905001,42.429633765,20.137117194,1,3,2,NONE,,,-49.520460000,1.046428000,-2.047728668942,ZONE_02_FIRST_CORNER
START_A,,521,37.2889878066,127.1070928067,42.311482604,19.908460222,1,3,2,NONE,,,-49.316175000,1.202989000,-2.133688859331,ZONE_02_FIRST_CORNER
START_A,,522,37.2889889324,127.1070950244,42.187152601,19.711419507,1,3,2,NONE,,,-49.119765000,1.328313000,-2.216754176255,ZONE_02_FIRST_CORNER
START_A,,523,37.2889899002,127.1070973334,42.048014540,19.526848510,1,3,2,NONE,,,-48.915268000,1.436048000,-2.347541079405,ZONE_02_FIRST_CORNER
START_A,,524,37.2889907335,127.1071001667,41.860486910,19.336046961,1,3,2,NONE,,,-48.664336000,1.528811000,-2.455350866575,ZONE_02_FIRST_CORNER
START_A,,525,37.2889912335,127.1071026667,41.683865830,19.191387694,1,3,2,NONE,,,-48.442924000,1.584471000,-2.397161968946,ZONE_02_FIRST_CORNER
START_A,,526,37.2889919002,127.1071053334,41.501789294,19.023650180,1,3,2,NONE,,,-48.206747000,1.658688000,-2.510340055115,ZONE_02_FIRST_CORNER
START_A,,527,37.2889923099,127.1071079925,41.308137943,18.882084270,1,3,2,NONE,,,-47.971244000,1.704296000,-2.573568903681,ZONE_02_FIRST_CORNER
START_A,,528,37.2889925668,127.1071105001,41.119381290,18.761622812,1,3,2,NONE,,,-47.749158000,1.732894000,-2.701634096649,ZONE_02_FIRST_CORNER
START_A,,529,37.2889925668,127.1071133334,40.892346621,18.654750805,1,3,2,NONE,,,-47.498227000,1.732894000,-2.775408431161,ZONE_02_FIRST_CORNER
START_A,,530,37.2889924002,127.1071161667,40.657412269,18.564658224,1,3,2,NONE,,,-47.247295000,1.714348000,-2.785250377585,ZONE_02_FIRST_CORNER
START_A,,531,37.2889922335,127.1071186667,40.449181118,18.487147796,1,3,2,NONE,,,-47.025882000,1.695791000,-2.771364102264,ZONE_02_FIRST_CORNER
START_A,,532,37.2889920668,127.1071216667,40.200884972,18.390777576,1,3,2,NONE,,,-46.760187000,1.677234000,-2.878613378052,ZONE_02_FIRST_CORNER
START_A,,533,37.2889916714,127.1071244455,39.959470219,18.325785298,1,3,2,NONE,,,-46.514082000,1.633218000,-2.990776328421,ZONE_02_FIRST_CORNER
START_A,,534,37.2889910668,127.1071270001,39.726103065,18.290320424,1,3,2,NONE,,,-46.287834000,1.565914000,-3.055728409979,ZONE_02_FIRST_CORNER
START_A,,535,37.2889902335,127.1071298334,39.459560452,18.267377533,1,3,2,NONE,,,-46.036903000,1.473151000,-3.006106224351,ZONE_02_FIRST_CORNER
START_A,,536,37.2889895668,127.1071325001,39.214265583,18.233938547,1,3,2,NONE,,,-45.800726000,1.398934000,-2.933090073908,ZONE_02_FIRST_CORNER
START_A,,537,37.2889890668,127.1071351667,38.976882320,18.183713591,1,3,2,NONE,,,-45.564558000,1.343274000,-2.989152430851,ZONE_02_FIRST_CORNER
START_A,,538,37.2889884002,127.1071380001,38.718235027,18.143977063,1,3,2,NONE,,,-45.313618000,1.269068000,-3.044337422809,ZONE_02_FIRST_CORNER
START_A,,539,37.2889876554,127.1071406240,38.472667346,18.120018737,1,3,2,NONE,,,-45.081232000,1.186157000,-3.129236754201,ZONE_02_FIRST_CORNER
START_A,,540,37.2889867335,127.1071431667,38.225210110,18.116961024,1,3,2,NONE,,,-44.856038000,1.083531000,-3.100776044276,ZONE_02_FIRST_CORNER
START_A,,541,37.2889858574,127.1071457775,37.974466979,18.106720853,1,3,2,NONE,,,-44.624812000,0.986004000,-3.032906881627,ZONE_02_FIRST_CORNER
START_A,,542,37.2889850668,127.1071486667,37.705469165,18.077368952,1,3,2,NONE,,,-44.368930000,0.897994000,-2.989152430851,ZONE_02_FIRST_CORNER
START_A,,543,37.2889844002,127.1071515001,37.446821872,18.037632424,1,3,2,NONE,,,-44.117990000,0.823788000,-3.038702706672,ZONE_02_FIRST_CORNER
START_A,,544,37.2889836226,127.1071542891,37.186469686,18.010749872,1,3,2,NONE,,,-43.870982000,0.737226000,-3.115496534647,ZONE_02_FIRST_CORNER
START_A,,545,37.2889827335,127.1071568334,36.940438036,18.004327943,1,3,2,NONE,,,-43.645645000,0.638251000,-3.119176387659,ZONE_02_FIRST_CORNER
START_A,,546,37.2889817335,127.1071596667,36.665991960,17.998174856,1,3,2,NONE,,,-43.394714000,0.526931000,-3.119163093209,ZONE_02_FIRST_CORNER
START_A,,547,37.2889807335,127.1071625001,36.391537741,17.992017936,1,3,2,NONE,,,-43.143774000,0.415611000,-3.075904304580,ZONE_02_FIRST_CORNER
START_A,,548,37.2889799002,127.1071651667,36.138352237,17.975362636,1,3,2,NONE,,,-42.907606000,0.322848000,-3.037573587279,ZONE_02_FIRST_CORNER
START_A,,549,37.2889790668,127.1071681667,35.858446925,17.946141680,1,3,2,NONE,,,-42.641911000,0.230074000,-3.105747242207,ZONE_02_FIRST_CORNER
START_A,,550,37.2889783127,127.1071703831,35.645091561,17.938490592,1,3,2,NONE,,,-42.445615000,0.146128000,3.097596290313,ZONE_02_FIRST_CORNER
START_A,,551,37.2889775668,127.1071721667,35.466805332,17.946339603,1,3,2,NONE,,,-42.287650000,0.063094000,-3.119163093209,ZONE_02_FIRST_CORNER
START_A,,552,37.2889765668,127.1071750001,35.192351113,17.940182683,1,3,2,NONE,,,-42.036710000,-0.048226000,-3.075904304580,ZONE_02_FIRST_CORNER
START_A,,553,37.2889757335,127.1071776667,34.939165609,17.923527383,1,3,2,NONE,,,-41.800542000,-0.140989000,-3.055716745524,ZONE_02_FIRST_CORNER
START_A,,554,37.2889749002,127.1071805001,34.672614853,17.900580659,1,3,2,NONE,,,-41.549602000,-0.233752000,-3.018491162157,ZONE_02_FIRST_CORNER
START_A,,555,37.2889741454,127.1071833934,34.404986253,17.867467745,1,3,2,NONE,,,-41.293357000,-0.317776000,-3.140792072834,ZONE_02_FIRST_CORNER
START_A,,556,37.2889732335,127.1071858334,34.166231922,17.867276603,1,3,2,NONE,,,-41.077258000,-0.419289000,3.078774154939,ZONE_02_FIRST_CORNER
START_A,,557,37.2889720668,127.1071885001,33.897231349,17.884197078,1,3,2,NONE,,,-40.841081000,-0.549166000,3.141075855624,ZONE_02_FIRST_CORNER
START_A,,558,37.2889710668,127.1071911667,33.636143287,17.884332008,1,3,2,NONE,,,-40.604914000,-0.660486000,3.141092185542,ZONE_02_FIRST_CORNER
START_A,,559,37.2889700668,127.1071938334,33.375046178,17.884462679,1,3,2,NONE,,,-40.368737000,-0.771806000,-3.075892778037,ZONE_02_FIRST_CORNER
START_A,,560,37.2889692335,127.1071965001,33.121853436,17.867803971,1,3,2,NONE,,,-40.132561000,-0.864569000,3.141077488666,ZONE_02_FIRST_CORNER
START_A,,561,37.2889682335,127.1071991667,32.860764469,17.867938475,1,3,2,NONE,,,-39.896393000,-0.975889000,3.141090552601,ZONE_02_FIRST_CORNER
START_A,,562,37.2889672335,127.1072018334,32.599668264,17.868069572,1,3,2,NONE,,,-39.660217000,-1.087209000,3.103939925579,ZONE_02_FIRST_CORNER
START_A,,563,37.2889660668,127.1072046667,32.317317821,17.878705863,1,3,2,NONE,,,-39.409285000,-1.217086000,3.141090552601,ZONE_02_FIRST_CORNER
START_A,,564,37.2889650668,127.1072073334,32.056221616,17.878836960,1,3,2,NONE,,,-39.173109000,-1.328406000,-3.119174910459,ZONE_02_FIRST_CORNER
START_A,,565,37.2889640668,127.1072101667,31.781774635,17.872683447,1,3,2,NONE,,,-38.922177000,-1.439726000,-3.075892778037,ZONE_02_FIRST_CORNER
START_A,,566,37.2889632335,127.1072128334,31.528581893,17.856024740,1,3,2,NONE,,,-38.686001000,-1.532489000,3.087431810020,ZONE_02_FIRST_CORNER
START_A,,567,37.2889622335,127.1072151667,31.294200812,17.868731444,1,3,2,NONE,,,-38.479352000,-1.643809000,3.047430546822,ZONE_02_FIRST_CORNER
START_A,,568,37.2889609002,127.1072180001,31.003943447,17.896143754,1,3,2,NONE,,,-38.228411000,-1.792232000,-3.123610195430,ZONE_02_FIRST_CORNER
START_A,,569,37.2889600668,127.1072203334,30.777461144,17.892070606,1,3,2,NONE,,,-38.021762000,-1.885006000,3.141090552601,ZONE_02_FIRST_CORNER
START_A,,570,37.2889590668,127.1072230001,30.516364939,17.892201703,1,3,2,NONE,,,-37.785586000,-1.996326000,3.136463945892,ZONE_02_FIRST_CORNER
START_A,,571,37.2889581150,127.1072255081,30.270270657,17.893463860,1,3,2,NONE,,,-37.563465000,-2.102280000,3.095208813508,ZONE_02_FIRST_CORNER
START_A,,572,37.2889570668,127.1072280001,30.020887653,17.905039504,1,3,2,NONE,,,-37.342761000,-2.218966000,2.991006693689,ZONE_02_FIRST_CORNER
START_A,,573,37.2889557335,127.1072305001,29.757346316,17.945027847,1,3,2,NONE,,,-37.121348000,-2.367389000,3.051055911529,ZONE_02_FIRST_CORNER
START_A,,574,37.2889545668,127.1072330001,29.501703758,17.968236339,1,3,2,NONE,,,-36.899935000,-2.497266000,3.051092875120,ZONE_02_FIRST_CORNER
START_A,,575,37.2889534002,127.1072355001,29.246065885,17.991434878,1,3,2,NONE,,,-36.678522000,-2.627132000,3.051053940456,ZONE_02_FIRST_CORNER
START_A,,576,37.2889522335,127.1072380001,28.990424231,18.014643795,1,3,2,NONE,,,-36.457110000,-2.757009000,2.923179111850,ZONE_02_FIRST_CORNER
START_A,,577,37.2889509002,127.1072401667,28.753598923,18.067208172,1,3,2,NONE,,,-36.265225000,-2.905432000,2.865464535048,ZONE_02_FIRST_CORNER
START_A,,578,37.2889494002,127.1072423334,28.508862010,18.136558520,1,3,2,NONE,,,-36.073331000,-3.072412000,2.901928946363,ZONE_02_FIRST_CORNER
START_A,,579,37.2889479002,127.1072446667,28.250775225,18.199624684,1,3,2,NONE,,,-35.866682000,-3.239392000,2.884068266859,ZONE_02_FIRST_CORNER
START_A,,580,37.2889465668,127.1072466667,28.027295103,18.258483196,1,3,2,NONE,,,-35.689552000,-3.387826000,2.958710719432,ZONE_02_FIRST_CORNER
START_A,,581,37.2889452335,127.1072490001,27.777103638,18.304755723,1,3,2,NONE,,,-35.482894000,-3.536249000,2.892056361225,ZONE_02_FIRST_CORNER
START_A,,582,37.2889438657,127.1072510853,27.545165349,18.363864741,1,3,2,NONE,,,-35.298218000,-3.688512000,2.790954036842,ZONE_02_FIRST_CORNER
START_A,,583,37.2889422357,127.1072531129,27.305410635,18.451555597,1,3,2,NONE,,,-35.118643000,-3.869964000,2.651525388224,ZONE_02_FIRST_CORNER
START_A,,584,37.2889404002,127.1072548334,27.080521808,18.571528063,1,3,2,NONE,,,-34.966267000,-4.074292000,2.682799750670,ZONE_02_FIRST_CORNER
START_A,,585,37.2889387335,127.1072565001,26.867947331,18.676528432,1,3,2,NONE,,,-34.818656000,-4.259829000,2.729652418313,ZONE_02_FIRST_CORNER
START_A,,586,37.2889370668,127.1072583334,26.642022078,18.775244191,1,3,2,NONE,,,-34.656289000,-4.445366000,2.608435335726,ZONE_02_FIRST_CORNER
START_A,,587,37.2889351951,127.1072599349,26.424952231,18.903351459,1,3,2,NONE,,,-34.514452000,-4.653724000,2.497634369387,ZONE_02_FIRST_CORNER
START_A,,588,37.2889334811,127.1072610754,26.252300344,19.032963747,1,3,2,NONE,,,-34.413444000,-4.844526000,2.436555102090,ZONE_02_FIRST_CORNER
START_A,,589,37.2889315668,127.1072621667,26.074093776,19.184606237,1,3,2,NONE,,,-34.316793000,-5.057626000,2.389358649084,ZONE_02_FIRST_CORNER
START_A,,590,37.2889295668,127.1072631667,25.899140067,19.348324069,1,3,2,NONE,,,-34.228228000,-5.280266000,2.479436712518,ZONE_02_FIRST_CORNER
START_A,,591,37.2889277335,127.1072643334,25.718731807,19.488964081,1,3,2,NONE,,,-34.124899000,-5.484349000,2.479436712518,ZONE_02_FIRST_CORNER
START_A,,592,37.2889259002,127.1072655001,25.538323547,19.629604092,1,3,2,NONE,,,-34.021570000,-5.688432000,2.422785448631,ZONE_02_FIRST_CORNER
START_A,,593,37.2889239200,127.1072665879,25.357273040,19.788015999,1,3,2,NONE,,,-33.925229000,-5.908868000,2.320500215693,ZONE_02_FIRST_CORNER
START_A,,594,37.2889220668,127.1072673334,25.209672921,19.946547922,1,3,2,NONE,,,-33.859204000,-6.115166000,2.269999533633,ZONE_02_FIRST_CORNER
START_A,,595,37.2889200668,127.1072680001,25.061426193,20.122837529,1,3,2,NONE,,,-33.800157000,-6.337806000,2.250812612275,ZONE_02_FIRST_CORNER
START_A,,596,37.2889179002,127.1072686667,24.905289735,20.315911246,1,3,2,NONE,,,-33.741120000,-6.578992000,2.330874118210,ZONE_02_FIRST_CORNER
START_A,,597,37.2889159002,127.1072695001,24.743685897,20.485913262,1,3,2,NONE,,,-33.667310000,-6.801632000,2.250805991626,ZONE_02_FIRST_CORNER
START_A,,598,37.2889137335,127.1072701667,24.587543849,20.678996506,1,3,2,NONE,,,-33.608272000,-7.042829000,2.185457363319,ZONE_02_FIRST_CORNER
START_A,,599,37.2889118719,127.1072705797,24.466189159,20.850916349,1,3,2,NONE,,,-33.571695000,-7.250062000,2.104864983791,ZONE_02_FIRST_CORNER
START_A,,600,37.2889097335,127.1072708334,24.344475212,21.056724379,1,3,2,NONE,,,-33.549226000,-7.488109000,2.010754883736,ZONE_02_FIRST_CORNER
START_A,,601,37.2889074002,127.1072708334,24.233850157,21.291731875,1,4,2,NONE,,,-33.549226000,-7.747852000,2.010754883736,ZONE_02_FIRST_CORNER
START_A,,602,37.2889054002,127.1072708334,24.139027342,21.493169715,1,4,2,NONE,,,-33.549226000,-7.970492000,2.071889980490,ZONE_02_FIRST_CORNER
START_A,,603,37.2889032335,127.1072710001,24.022943051,21.705109343,1,4,2,NONE,,,-33.534462000,-8.211689000,2.010754883736,ZONE_02_FIRST_CORNER
START_A,,604,37.2889010668,127.1072710001,23.920216774,21.923336987,1,4,2,NONE,,,-33.534462000,-8.452886000,1.900896829613,ZONE_02_FIRST_CORNER
START_A,,605,37.2888991013,127.1072707276,23.848865551,22.131578326,1,4,2,NONE,,,-33.558596000,-8.671685000,1.824476184178,ZONE_02_FIRST_CORNER
START_A,,606,37.2888967335,127.1072701667,23.781549927,22.391218148,1,4,2,NONE,,,-33.608272000,-8.935269000,1.829180211481,ZONE_02_FIRST_CORNER
START_A,,607,37.2888945668,127.1072696667,23.718889549,22.628306009,1,4,2,NONE,,,-33.652555000,-9.176466000,1.801638048832,ZONE_02_FIRST_CORNER
START_A,,608,37.2888924472,127.1072691013,23.663701695,22.863116563,1,4,2,NONE,,,-33.702629000,-9.412420000,1.855811742975,ZONE_02_FIRST_CORNER
START_A,,609,37.2888902335,127.1072686667,23.593572574,23.102471353,1,4,2,NONE,,,-33.741120000,-9.658849000,1.814421975001,ZONE_02_FIRST_CORNER
START_A,,610,37.2888882335,127.1072681667,23.538814755,23.322768984,1,4,2,NONE,,,-33.785402000,-9.881489000,1.712802860297,ZONE_02_FIRST_CORNER
START_A,,611,37.2888860668,127.1072673334,23.503191179,23.571939165,1,4,2,NONE,,,-33.859204000,-10.122686000,1.722534280166,ZONE_02_FIRST_CORNER->ZONE_03_NARROW
START_A,,612,37.2888837335,127.1072665001,23.463385969,23.832251381,1,4,2,NONE,,,-33.933005000,-10.382429000,1.689423410538,ZONE_02_FIRST_CORNER->ZONE_03_NARROW
START_A,,613,37.2888815668,127.1072656667,23.435028339,24.070177529,1,4,2,NONE,,,-34.006815000,-10.623626000,1.739818065376,ZONE_02_FIRST_CORNER->ZONE_03_NARROW
START_A,,614,37.2888794002,127.1072650001,23.396377697,24.296668377,1,4,2,NONE,,,-34.065852000,-10.864812000,1.690276860418,ZONE_02_FIRST_CORNER->ZONE_03_NARROW
START_A,,615,37.2888770668,127.1072641667,23.367258426,24.539223155,1,4,2,NONE,,,-34.139663000,-11.124566000,1.616095811050,ZONE_02_FIRST_CORNER->ZONE_03_NARROW
START_A,,616,37.2888748670,127.1072632047,23.356836487,24.769133271,1,4,2,NONE,,,-34.224862000,-11.369448000,1.507573491130,ZONE_02_FIRST_CORNER->ZONE_03_NARROW
START_A,,617,37.2888727335,127.1072620001,23.371260604,24.996976482,1,4,2,NONE,,,-34.331548000,-11.606949000,1.518549144063,ZONE_02_FIRST_CORNER->ZONE_03_NARROW
START_A,,618,37.2888705668,127.1072608334,23.383047053,25.222361313,1,4,2,NONE,,,-34.434877000,-11.848146000,1.573558890638,ZONE_02_FIRST_CORNER->ZONE_03_NARROW
START_A,,619,37.2888684002,127.1072598334,23.382449804,25.438554655,1,4,2,NONE,,,-34.523442000,-12.089332000,1.568744697344,ZONE_02_FIRST_CORNER->ZONE_03_NARROW
START_A,,620,37.2888662335,127.1072588334,23.382886892,25.651598702,1,4,2,NONE,,,-34.612007000,-12.330529000,1.532843870336,ZONE_02_FIRST_CORNER->ZONE_03_NARROW
START_A,,621,37.2888639002,127.1072576667,23.391593723,25.880902706,1,4,2,NONE,,,-34.715336000,-12.590272000,1.498668481074,ZONE_02_FIRST_CORNER->ZONE_03_NARROW
START_A,,622,37.2888617335,127.1072565001,23.406997097,26.094088802,1,4,2,NONE,,,-34.818656000,-12.831469000,1.497716889760,ZONE_02_FIRST_CORNER->ZONE_03_NARROW
START_A,,623,37.2888595668,127.1072553334,23.422465195,26.305373290,1,4,2,NONE,,,-34.921985000,-13.072666000,1.530727906044,ZONE_02_FIRST_CORNER->ZONE_03_NARROW
START_A,,624,37.2888575668,127.1072543334,23.430132711,26.496631436,1,4,2,NONE,,,-35.010550000,-13.295306000,1.566244508200,ZONE_02_FIRST_CORNER->ZONE_03_NARROW
START_A,,625,37.2888554002,127.1072533334,23.431058943,26.700116250,1,4,2,NONE,,,-35.099115000,-13.536492000,1.569821462702,ZONE_02_FIRST_CORNER->ZONE_03_NARROW
START_A,,626,37.2888532335,127.1072523334,23.431256717,26.902989548,1,4,2,NONE,,,-35.187680000,-13.777689000,1.470966306434,ZONE_02_FIRST_CORNER->ZONE_03_NARROW
START_A,,627,37.2888512335,127.1072511667,23.450784546,27.097950080,1,4,2,NONE,,,-35.291009000,-14.000329000,1.513847642181,ZONE_02_FIRST_CORNER->ZONE_03_NARROW
START_A,,628,37.2888490668,127.1072500001,23.462665890,27.306356959,1,4,2,NONE,,,-35.394329000,-14.241526000,1.418063417588,ZONE_02_FIRST_CORNER->ZONE_03_NARROW
START_A,,629,37.2888470668,127.1072486667,23.493640084,27.507577312,1,4,2,NONE,,,-35.512421000,-14.464166000,1.594092421139,ZONE_02_FIRST_CORNER->ZONE_03_NARROW
START_A,,630,37.2888449002,127.1072476667,23.488868245,27.712374565,1,4,2,NONE,,,-35.600986000,-14.705352000,1.623810475299,ZONE_02_FIRST_CORNER->ZONE_03_NARROW
START_A,,631,37.2888425857,127.1072466550,23.477270061,27.930944820,1,4,2,NONE,,,-35.690588000,-14.963002000,1.587094509542,ZONE_02_FIRST_CORNER->ZONE_03_NARROW
START_A,,632,37.2888405668,127.1072456667,23.474072940,28.127091752,1,4,2,NONE,,,-35.778117000,-15.187746000,1.555761035502,ZONE_02_FIRST_CORNER->ZONE_03_NARROW
START_A,,633,37.2888384002,127.1072445001,23.477329664,28.343680780,1,4,2,NONE,,,-35.881437000,-15.428932000,1.565915476666,ZONE_02_FIRST_CORNER->ZONE_03_NARROW
START_A,,634,37.2888362335,127.1072433334,23.478401990,28.563379620,1,4,2,NONE,,,-35.984766000,-15.670129000,1.638272866393,ZONE_02_FIRST_CORNER->ZONE_03_NARROW
START_A,,635,37.2888340668,127.1072423334,23.463714511,28.780717091,1,4,2,NONE,,,-36.073331000,-15.911326000,1.647321043202,ZONE_02_FIRST_CORNER->ZONE_03_NARROW
START_A,,636,37.2888319002,127.1072413334,23.446754045,29.001918130,1,4,2,NONE,,,-36.161896000,-16.152512000,1.718561051388,ZONE_02_FIRST_CORNER->ZONE_03_NARROW
START_A,,637,37.2888297335,127.1072405001,23.414109402,29.221230990,1,4,2,NONE,,,-36.235697000,-16.393709000,1.664595685321,ZONE_02_FIRST_CORNER->ZONE_03_NARROW
START_A,,638,37.2888275668,127.1072395001,23.392447522,29.451491762,1,4,2,NONE,,,-36.324262000,-16.634906000,1.672737997118,ZONE_02_FIRST_CORNER->ZONE_03_NARROW
START_A,,639,37.2888254002,127.1072385001,23.368353520,29.687023335,1,4,2,NONE,,,-36.412827000,-16.876092000,1.680434767837,ZONE_02_FIRST_CORNER->ZONE_03_NARROW
START_A,,640,37.2888232335,127.1072375001,23.341791874,29.928317639,1,4,2,NONE,,,-36.501392000,-17.117289000,1.687577089148,ZONE_02_FIRST_CORNER->ZONE_03_NARROW
START_A,,641,37.2888210668,127.1072365001,23.312753956,30.175839526,1,4,2,NONE,,,-36.589957000,-17.358486000,1.693648734618,ZONE_02_FIRST_CORNER->ZONE_03_NARROW
START_A,,642,37.2888189002,127.1072355001,23.281431441,30.429516078,1,4,2,NONE,,,-36.678522000,-17.599672000,1.578076932697,ZONE_03_NARROW
START_A,,643,37.2888170668,127.1072343334,23.279765943,30.658270245,1,4,2,NONE,,,-36.781851000,-17.803766000,1.501621136257,ZONE_03_NARROW
START_A,,644,37.2888153771,127.1072330455,23.294970913,30.877723334,1,4,2,NONE,,,-36.895914000,-17.991863000,1.444514638810,ZONE_03_NARROW
START_A,,645,37.2888126179,127.1072306615,23.341914141,31.247479457,1,4,2,NONE,,,-37.107053000,-18.299017000,1.470355959586,ZONE_03_NARROW
START_A,,646,37.2888110555,127.1072293850,23.362714586,31.453875072,1,4,2,NONE,,,-37.220107000,-18.472944000,1.556765628561,ZONE_03_NARROW
START_A,,647,37.2888091026,127.1072280758,23.366171428,31.700235938,1,4,2,NONE,,,-37.336056000,-18.690341000,1.641883321248,ZONE_03_NARROW
START_A,,648,37.2888081912,127.1072275849,23.358331444,31.810337287,1,4,2,NONE,,,-37.379533000,-18.791798000,1.648512647807,ZONE_03_NARROW
START_A,,649,37.2888074096,127.1072271716,23.351002936,31.904445543,1,4,2,NONE,,,-37.416137000,-18.878805000,1.666215615871,ZONE_03_NARROW
START_A,,650,37.2888065862,127.1072267576,23.341597192,32.002718970,1,4,2,NONE,,,-37.452803000,-18.970466000,1.633622752212,ZONE_03_NARROW
START_A,,651,37.2888054932,127.1072261554,23.333256259,32.135305784,1,4,2,NONE,,,-37.506137000,-19.092139000,1.677897351764,ZONE_03_NARROW
START_A,,652,37.2888037414,127.1072253043,23.310907348,32.343178626,1,4,2,NONE,,,-37.581514000,-19.287149000,1.677897351764,ZONE_03_NARROW
COMMON_1,,0,37.2887990994,127.1072232333,23.237174808,32.886534682,1,4,2,NONE,,,-37.764928000,-19.803900000,1.662566630172,ZONE_03_NARROW
COMMON_1,,1,37.2887981573,127.1072227546,23.226808380,32.999177986,1,4,2,NONE,,,-37.807324000,-19.908774000,1.641808938661,ZONE_03_NARROW
COMMON_1,,2,37.2887967542,127.1072219987,23.214750874,33.168686343,1,4,2,NONE,,,-37.874271000,-20.064968000,1.666253844076,ZONE_03_NARROW
COMMON_1,,3,37.2887959524,127.1072215956,23.205588400,33.264379460,1,4,2,NONE,,,-37.909971000,-20.154224000,1.623056951148,ZONE_03_NARROW
COMMON_1,,4,37.2887949301,127.1072210161,23.199067148,33.389049109,1,4,2,NONE,,,-37.961295000,-20.268026000,1.663860118315,ZONE_03_NARROW
COMMON_1,,5,37.2887934869,127.1072202855,23.182971979,33.561497229,1,4,2,NONE,,,-38.026000000,-20.428683000,1.637295669464,ZONE_03_NARROW
COMMON_1,,6,37.2887924245,127.1072197060,23.174404977,33.690135648,1,4,2,NONE,,,-38.077324000,-20.546950000,1.604355044827,ZONE_03_NARROW
COMMON_1,,7,37.2887912819,127.1072190257,23.169682720,33.830799065,1,4,2,NONE,,,-38.137575000,-20.674144000,1.578433736907,ZONE_03_NARROW
COMMON_1,,8,37.2887897627,127.1072180598,23.168235279,34.020315322,1,4,2,NONE,,,-38.223120000,-20.843261000,1.527591508395,ZONE_03_NARROW
COMMON_1,,9,37.2887880999,127.1072168655,23.177443357,34.233308888,1,4,2,NONE,,,-38.328893000,-21.028364000,1.612089881552,ZONE_03_NARROW
COMMON_1,,10,37.2887861996,127.1072157566,23.167815288,34.466337904,1,4,2,NONE,,,-38.427103000,-21.239906000,1.566545472519,ZONE_03_NARROW
COMMON_1,,11,37.2887845707,127.1072146902,23.168684377,34.670787159,1,4,2,NONE,,,-38.521549000,-21.421235000,1.552794457620,ZONE_03_NARROW
COMMON_1,,12,37.2887828061,127.1072134959,23.172700419,34.893853311,1,4,2,NONE,,,-38.627322000,-21.617670000,1.479999518156,ZONE_03_NARROW
COMMON_1,,13,37.2887816863,127.1072126002,23.186097832,35.041001397,1,4,2,NONE,,,-38.706650000,-21.742326000,1.447556026109,ZONE_03_NARROW
COMMON_1,,14,37.2887802950,127.1072114059,23.209153328,35.227130884,1,4,2,NONE,,,-38.812423000,-21.897206000,1.428994837776,ZONE_03_NARROW
COMMON_1,,15,37.2887790055,127.1072102543,23.234039642,35.401454080,1,4,2,NONE,,,-38.914414000,-22.040753000,1.516402899986,ZONE_03_NARROW
COMMON_1,,16,37.2887774358,127.1072090974,23.245052333,35.603718005,1,4,2,NONE,,,-39.016875000,-22.215492000,1.479950281809,ZONE_03_NARROW
COMMON_1,,17,37.2887757691,127.1072077641,23.265004345,35.822737928,1,4,2,NONE,,,-39.134959000,-22.401029000,1.508742596100,ZONE_03_NARROW
COMMON_1,,18,37.2887744358,127.1072067641,23.275722737,35.995243761,1,4,2,NONE,,,-39.223524000,-22.549452000,1.606724732118,ZONE_03_NARROW
COMMON_1,,19,37.2887725727,127.1072056616,23.267488443,36.224331324,1,4,2,NONE,,,-39.321167000,-22.756852000,1.693060471164,ZONE_03_NARROW
COMMON_1,,20,37.2887711037,127.1072049799,23.246228623,36.397348360,1,4,2,NONE,,,-39.381542000,-22.920381000,1.745807321375,ZONE_03_NARROW
COMMON_1,,21,37.2887697930,127.1072044686,23.219628053,36.547787093,1,4,2,NONE,,,-39.426825000,-23.066288000,1.670235179259,ZONE_03_NARROW
COMMON_1,,22,37.2887678495,127.1072035028,23.196532071,36.779284197,1,4,2,NONE,,,-39.512362000,-23.282639000,1.575495865466,ZONE_03_NARROW
COMMON_1,,23,37.2887664358,127.1072025974,23.195702023,36.955906298,1,4,2,NONE,,,-39.592548000,-23.440012000,1.585328616598,ZONE_03_NARROW
COMMON_1,,24,37.2887651024,127.1072017641,23.193293103,37.121657873,1,4,2,NONE,,,-39.666350000,-23.588446000,1.692815683405,ZONE_03_NARROW
COMMON_1,,25,37.2887630359,127.1072008044,23.163442918,37.365077405,1,4,2,STOP_LINE,,,-39.751346000,-23.818489000,1.755407307297,ZONE_03_NARROW
COMMON_1,,26,37.2887616024,127.1072002641,23.132861696,37.528843476,1,4,2,NONE,,,-39.799197000,-23.978066000,1.668866256869,ZONE_03_NARROW
COMMON_1,,27,37.2887597817,127.1071993557,23.111510447,37.745859585,1,4,2,NONE,,,-39.879650000,-24.180746000,1.593925213126,ZONE_03_NARROW
COMMON_1,,28,37.2887582691,127.1071984307,23.107179847,37.933063908,1,4,2,NONE,,,-39.961573000,-24.349129000,1.508742596100,ZONE_03_NARROW
COMMON_1,,29,37.2887569358,127.1071974307,23.117898239,38.105569741,1,4,2,NONE,,,-40.050138000,-24.497552000,1.508775206048,ZONE_03_NARROW
COMMON_1,,30,37.2887556024,127.1071964307,23.128611591,38.278085351,1,4,2,NONE,,,-40.138703000,-24.645986000,1.585304473804,ZONE_03_NARROW
COMMON_1,,31,37.2887542691,127.1071955974,23.126206822,38.443826690,1,4,2,NONE,,,-40.212504000,-24.794409000,1.668154798821,ZONE_03_NARROW
COMMON_1,,32,37.2887526024,127.1071947641,23.106797354,38.642557258,1,4,2,NONE,,,-40.286305000,-24.979946000,1.610859137859,ZONE_03_NARROW
COMMON_1,,33,37.2887510811,127.1071938735,23.099314878,38.829225941,1,4,2,NONE,,,-40.365181000,-25.149297000,1.508605051334,ZONE_03_NARROW
COMMON_1,,34,37.2887496024,127.1071927641,23.111229437,39.020558151,1,4,2,NONE,,,-40.463435000,-25.313906000,1.492600889900,ZONE_03_NARROW
COMMON_1,,35,37.2887481024,127.1071915974,23.126568639,39.216323090,1,4,2,NONE,,,-40.566764000,-25.480886000,1.538572390502,ZONE_03_NARROW
COMMON_1,,36,37.2887464358,127.1071904307,23.133410530,39.428572866,1,4,2,NONE,,,-40.670093000,-25.666412000,1.593491973889,ZONE_03_NARROW
COMMON_1,,37,37.2887448213,127.1071894423,23.128873814,39.628432204,1,4,2,NONE,,,-40.757631000,-25.846138000,1.673959193383,ZONE_03_NARROW
COMMON_1,,38,37.2887431024,127.1071885974,23.107715642,39.832798953,1,4,2,NONE,,,-40.832460000,-26.037486000,1.738610843184,ZONE_03_NARROW
COMMON_1,,39,37.2887414358,127.1071879307,23.075196053,40.024759374,1,4,2,NONE,,,-40.891506000,-26.223012000,1.668154798821,ZONE_03_NARROW
COMMON_1,,40,37.2887397691,127.1071870974,23.055786585,40.223489941,1,4,2,NONE,,,-40.965307000,-26.408549000,1.668154798821,ZONE_03_NARROW
COMMON_1,,41,37.2887381024,127.1071862641,23.036377116,40.422220509,1,4,2,NONE,,,-41.039108000,-26.594086000,1.699702542353,ZONE_03_NARROW
COMMON_1,,42,37.2887362691,127.1071854307,23.008479226,40.637440495,1,4,2,NONE,,,-41.112919000,-26.798169000,1.812450593870,ZONE_03_NARROW
COMMON_1,,43,37.2887346024,127.1071849307,22.962831437,40.822646200,1,4,2,NONE,,,-41.157201000,-26.983706000,1.850399811478,ZONE_03_NARROW
COMMON_1,,44,37.2887326024,127.1071844307,22.900184877,41.040831814,1,4,2,NONE,,,-41.201484000,-27.206346000,1.765144480972,ZONE_03_NARROW
COMMON_1,,45,37.2887307691,127.1071837641,22.859154938,41.249282725,1,4,2,NONE,,,-41.260521000,-27.410429000,1.765099265673,ZONE_03_NARROW
COMMON_1,,46,37.2887289358,127.1071830974,22.818133888,41.457738218,1,4,2,NONE,,,-41.319568000,-27.614512000,1.699763111033,ZONE_03_NARROW
COMMON_1,,47,37.2887271024,127.1071822641,22.790222070,41.672963400,1,4,2,NONE,,,-41.393369000,-27.818606000,1.699706875523,ZONE_03_NARROW
COMMON_1,,48,37.2887252691,127.1071814307,22.762323291,41.888182928,1,4,2,NONE,,,-41.467179000,-28.022689000,1.699745874657,ZONE_03_NARROW
COMMON_1,,49,37.2887234358,127.1071805974,22.734416512,42.103398332,1,4,2,NONE,,,-41.540980000,-28.226772000,1.732456560572,ZONE_03_NARROW
COMMON_1,,50,37.2887214080,127.1071797689,22.696211566,42.337664654,1,4,2,NONE,,,-41.614356000,-28.452507000,1.731621216499,ZONE_03_NARROW
COMMON_1,,51,37.2887197691,127.1071790974,22.665483643,42.527079006,1,4,2,NONE,,,-41.673828000,-28.634949000,1.612213053911,ZONE_03_NARROW
COMMON_1,,52,37.2887177691,127.1071779307,22.655320835,42.772318011,1,4,2,NONE,,,-41.777157000,-28.857589000,1.538634618536,ZONE_03_NARROW
COMMON_1,,53,37.2887161024,127.1071767641,22.662149687,42.984573440,1,4,2,NONE,,,-41.880477000,-29.043126000,1.578055212063,ZONE_03_NARROW
COMMON_1,,54,37.2887142691,127.1071755974,22.660489228,43.213317831,1,4,2,NONE,,,-41.983806000,-29.247209000,1.668133275497,ZONE_03_NARROW
COMMON_1,,55,37.2887122691,127.1071745974,22.637203260,43.451792342,1,4,2,NONE,,,-42.072371000,-29.469849000,1.699745874657,ZONE_03_NARROW
COMMON_1,,56,37.2887104358,127.1071737641,22.609296481,43.667007746,1,4,2,NONE,,,-42.146172000,-29.673932000,1.726617806371,ZONE_03_NARROW
COMMON_1,,57,37.2887084358,127.1071729307,22.572895352,43.898721888,1,4,2,NONE,,,-42.219982000,-29.896572000,1.612246314362,ZONE_03_NARROW
COMMON_1,,58,37.2887064358,127.1071717641,22.562724544,44.143956768,1,4,2,NONE,,,-42.323302000,-30.119212000,1.668133275497,ZONE_03_NARROW
COMMON_1,,59,37.2887044358,127.1071707641,22.539438575,44.382431280,1,4,2,NONE,,,-42.411867000,-30.341852000,1.699724113515,ZONE_03_NARROW
COMMON_1,,60,37.2887026024,127.1071699307,22.511534757,44.597660585,1,4,2,NONE,,,-42.485677000,-30.545946000,1.726650181015,ZONE_03_NARROW
COMMON_1,,61,37.2887006024,127.1071690974,22.475126517,44.829371061,1,4,2,NONE,,,-42.559479000,-30.768586000,1.726654227894,ZONE_03_NARROW
COMMON_1,,62,37.2886986024,127.1071682641,22.438717388,45.061081079,1,4,2,NONE,,,-42.633280000,-30.991226000,1.612213053911,ZONE_03_NARROW
COMMON_1,,63,37.2886966024,127.1071670974,22.428554580,45.306320084,1,4,2,NONE,,,-42.736609000,-31.213866000,1.612213053911,ZONE_03_NARROW
COMMON_1,,64,37.2886946024,127.1071659307,22.418391771,45.551559088,1,4,2,NONE,,,-42.839938000,-31.436506000,1.637297030502,ZONE_03_NARROW
COMMON_1,,65,37.2886927691,127.1071649307,22.403608153,45.773538985,1,4,2,NONE,,,-42.928503000,-31.640589000,1.726654227894,ZONE_03_NARROW
COMMON_1,,66,37.2886907691,127.1071640974,22.367199024,46.005249003,1,4,2,NONE,,,-43.002304000,-31.863229000,1.726654227894,ZONE_03_NARROW
COMMON_1,,67,37.2886887691,127.1071632641,22.330789895,46.236959021,1,4,2,NONE,,,-43.076105000,-32.085869000,1.699702542353,ZONE_03_NARROW
COMMON_1,,68,37.2886869358,127.1071624307,22.302892005,46.452179007,1,4,2,NONE,,,-43.149916000,-32.289952000,1.630314793363,ZONE_03_NARROW
COMMON_1,,69,37.2886850028,127.1071613561,22.288896275,46.687050657,1,4,2,NONE,,,-43.245088000,-32.505133000,1.677129967810,ZONE_03_NARROW
COMMON_1,,70,37.2886831024,127.1071604307,22.264817378,46.912643193,1,4,2,NONE,,,-43.327046000,-32.716686000,1.699745874657,ZONE_03_NARROW
COMMON_1,,71,37.2886812691,127.1071595974,22.236910600,47.127858597,1,4,2,NONE,,,-43.400847000,-32.920769000,1.710809634354,ZONE_03_NARROW
COMMON_1,,72,37.2886793943,127.1071587746,22.206060412,47.346754442,1,4,2,NONE,,,-43.473718000,-33.129472000,1.810517215467,ZONE_03_NARROW
COMMON_1,,73,37.2886772615,127.1071581293,22.148078531,47.583975898,1,4,2,NONE,,,-43.530869000,-33.366895000,1.723484730115,ZONE_03_NARROW
COMMON_1,,74,37.2886756024,127.1071574307,22.118453442,47.776488921,1,4,2,NONE,,,-43.592741000,-33.551586000,1.637297030502,ZONE_03_NARROW
COMMON_1,,75,37.2886737691,127.1071564307,22.103669823,47.998468818,1,4,2,NONE,,,-43.681306000,-33.755669000,1.637297030502,ZONE_03_NARROW
COMMON_1,,76,37.2886719358,127.1071554307,22.088886205,48.220448715,1,4,2,NONE,,,-43.769871000,-33.959752000,1.699763111033,ZONE_03_NARROW
COMMON_1,,77,37.2886701024,127.1071545974,22.060974386,48.435673897,1,4,2,NONE,,,-43.843672000,-34.163846000,1.699741541365,ZONE_03_NARROW
COMMON_1,,78,37.2886682691,127.1071537641,22.033068496,48.650889759,1,4,2,NONE,,,-43.917474000,-34.367929000,1.738627976763,ZONE_03_NARROW
COMMON_1,,79,37.2886666024,127.1071530974,22.000543868,48.842859957,1,4,2,NONE,,,-43.976520000,-34.553466000,1.672003153821,ZONE_03_NARROW
COMMON_1,,80,37.2886647807,127.1071521968,21.978527100,49.059659021,1,4,2,NONE,,,-44.056282000,-34.756258000,1.566302055576,ZONE_03_NARROW
COMMON_1,,81,37.2886631024,127.1071510974,21.979473941,49.270334915,1,4,2,NONE,,,-44.153650000,-34.943086000,1.578055212063,ZONE_03_NARROW
COMMON_1,,82,37.2886612691,127.1071499307,21.977813482,49.499079305,1,4,2,NONE,,,-44.256979000,-35.147169000,1.668154798821,ZONE_03_NARROW
COMMON_1,,83,37.2886596024,127.1071490974,21.958404014,49.697809873,1,4,2,NONE,,,-44.330780000,-35.332706000,1.699741541365,ZONE_03_NARROW
COMMON_1,,84,37.2886577691,127.1071482641,21.930498124,49.913025735,1,4,2,NONE,,,-44.404582000,-35.536789000,1.699706875523,ZONE_03_NARROW
COMMON_1,,85,37.2886559358,127.1071474307,21.902599345,50.128245263,1,4,2,NONE,,,-44.478392000,-35.740872000,1.637316713253,ZONE_03_NARROW
COMMON_1,,86,37.2886541024,127.1071464307,21.887810687,50.350234937,1,4,2,NONE,,,-44.566957000,-35.944966000,1.538609416837,ZONE_03_NARROW
COMMON_1,,87,37.2886524358,127.1071452641,21.894644578,50.562480590,1,4,2,NONE,,,-44.670277000,-36.130492000,1.601377833600,ZONE_03_NARROW
COMMON_1,,88,37.2886507691,127.1071442641,21.888358270,50.767975651,1,4,2,NONE,,,-44.758842000,-36.316029000,1.688096069419,ZONE_03_NARROW
COMMON_1,,89,37.2886490612,127.1071434594,21.864596124,50.969621983,1,4,2,NONE,,,-44.830110000,-36.506152000,1.681252517245,ZONE_03_NARROW
COMMON_1,,90,37.2886472691,127.1071425974,21.841050023,51.181925746,1,4,2,NONE,,,-44.906453000,-36.705649000,1.601373444044,ZONE_03_NARROW
COMMON_1,,91,37.2886456024,127.1071415974,21.834764603,51.387421265,1,4,2,NONE,,,-44.995019000,-36.891186000,1.601354783821,ZONE_03_NARROW
COMMON_1,,92,37.2886439358,127.1071405974,21.828483334,51.592906548,1,4,2,NONE,,,-45.083584000,-37.076712000,1.601377833600,ZONE_03_NARROW
COMMON_1,,93,37.2886422691,127.1071395974,21.822197026,51.798401608,1,4,2,NONE,,,-45.172149000,-37.262249000,1.613065722840,ZONE_03_NARROW
COMMON_1,,94,37.2886403325,127.1071384702,21.812157887,52.035763870,1,4,2,NONE,,,-45.271979000,-37.477831000,1.665058483431,ZONE_03_NARROW
COMMON_1,,95,37.2886386024,127.1071375974,21.792624749,52.242371180,1,4,2,NONE,,,-45.349279000,-37.670426000,1.699745874657,ZONE_03_NARROW
COMMON_1,,96,37.2886367691,127.1071367641,21.764717970,52.457586584,1,4,2,NONE,,,-45.423080000,-37.874509000,1.637297030502,ZONE_03_NARROW
COMMON_1,,97,37.2886349358,127.1071357641,21.749934352,52.679566481,1,4,2,NONE,,,-45.511645000,-38.078592000,1.578076932697,ZONE_03_NARROW
COMMON_1,,98,37.2886331024,127.1071345974,21.748268853,52.908320649,1,4,2,NONE,,,-45.614974000,-38.282686000,1.637297030502,ZONE_03_NARROW
COMMON_1,,99,37.2886312691,127.1071335974,21.733485235,53.130300546,1,4,2,NONE,,,-45.703539000,-38.486769000,1.637297030502,ZONE_03_NARROW
COMMON_1,,100,37.2886294358,127.1071325974,21.718701616,53.352280443,1,4,2,NONE,,,-45.792104000,-38.690852000,1.699758777921,ZONE_03_NARROW
COMMON_1,,101,37.2886276024,127.1071317641,21.690790687,53.567506083,1,4,2,NONE,,,-45.865906000,-38.894946000,1.699706875523,ZONE_03_NARROW
COMMON_1,,102,37.2886257691,127.1071309307,21.662891908,53.782725611,1,4,2,NONE,,,-45.939716000,-39.099029000,1.612246314362,ZONE_03_NARROW
COMMON_1,,103,37.2886237691,127.1071297641,21.652721100,54.027960491,1,4,2,NONE,,,-46.043036000,-39.321669000,1.578055212063,ZONE_03_NARROW
COMMON_1,,104,37.2886219358,127.1071285974,21.651060641,54.256704882,1,4,2,NONE,,,-46.146365000,-39.525752000,1.637316713253,ZONE_03_NARROW
COMMON_1,,105,37.2886201024,127.1071275974,21.636271983,54.478694556,1,4,2,NONE,,,-46.234930000,-39.729846000,1.699745874657,ZONE_03_NARROW
COMMON_1,,106,37.2886182691,127.1071267641,21.608365204,54.693909960,1,4,2,NONE,,,-46.308731000,-39.933929000,1.787496587343,ZONE_03_NARROW
COMMON_1,,107,37.2886162691,127.1071260974,21.558840915,54.918859609,1,4,2,NONE,,,-46.367777000,-40.156569000,1.699741541365,ZONE_03_NARROW
COMMON_1,,108,37.2886144358,127.1071252641,21.530935025,55.134075472,1,4,2,NONE,,,-46.441579000,-40.360652000,1.668133275497,ZONE_03_NARROW
COMMON_1,,109,37.2886124358,127.1071242641,21.507649057,55.372549983,1,4,2,NONE,,,-46.530144000,-40.583292000,1.637316713253,ZONE_03_NARROW
COMMON_1,,110,37.2886106024,127.1071232641,21.492860398,55.594539657,1,4,2,NONE,,,-46.618709000,-40.787386000,1.666423525820,ZONE_03_NARROW
COMMON_1,,111,37.2886087552,127.1071223359,21.471715709,55.814981091,1,4,2,NONE,,,-46.700915000,-40.993016000,1.734378302280,ZONE_03_NARROW
COMMON_1,,112,37.2886069358,127.1071215974,21.437054841,56.024974589,1,4,2,NONE,,,-46.766320000,-41.195552000,1.699758777921,ZONE_03_NARROW
COMMON_1,,113,37.2886051024,127.1071207641,21.409143911,56.240200229,1,4,2,NONE,,,-46.840122000,-41.399646000,1.668092554164,ZONE_03_NARROW
COMMON_1,,114,37.2886034358,127.1071199307,21.389747482,56.438925143,1,4,2,NONE,,,-46.913932000,-41.585172000,1.637316713253,ZONE_03_NARROW
COMMON_1,,115,37.2886016024,127.1071189307,21.374958824,56.660914818,1,4,2,NONE,,,-47.002497000,-41.789266000,1.637297030502,ZONE_03_NARROW
COMMON_1,,116,37.2885997691,127.1071179307,21.360175205,56.882894715,1,4,2,NONE,,,-47.091062000,-41.993349000,1.699745874657,ZONE_03_NARROW
COMMON_1,,117,37.2885979358,127.1071170974,21.332268426,57.098110119,1,4,2,NONE,,,-47.164863000,-42.197432000,1.765118176314,ZONE_03_NARROW
COMMON_1,,118,37.2885961024,127.1071164307,21.291241448,57.306574931,1,4,2,NONE,,,-47.223909000,-42.401526000,1.699741541365,ZONE_03_NARROW
COMMON_1,,119,37.2885942691,127.1071155974,21.263335558,57.521790793,1,4,2,NONE,,,-47.297711000,-42.605609000,1.699745874657,ZONE_03_NARROW
COMMON_1,,120,37.2885924358,127.1071147641,21.235428779,57.737006198,1,4,2,NONE,,,-47.371512000,-42.809692000,1.637316713253,ZONE_03_NARROW
COMMON_1,,121,37.2885906024,127.1071137641,21.220640121,57.958995872,1,4,2,NONE,,,-47.460077000,-43.013786000,1.637297030502,ZONE_03_NARROW
COMMON_1,,122,37.2885887691,127.1071127641,21.205856502,58.180975769,1,4,2,NONE,,,-47.548642000,-43.217869000,1.699706875523,ZONE_03_NARROW
COMMON_1,,123,37.2885869358,127.1071119307,21.177957723,58.396195297,1,4,2,NONE,,,-47.622452000,-43.421952000,1.699758777922,ZONE_03_NARROW
COMMON_1,,124,37.2885851024,127.1071110974,21.150046794,58.611420937,1,4,2,NONE,,,-47.696254000,-43.626046000,1.699745874657,ZONE_03_NARROW
COMMON_1,,125,37.2885832691,127.1071102641,21.122140015,58.826636341,1,4,2,NONE,,,-47.770055000,-43.830129000,1.612213053910,ZONE_03_NARROW
COMMON_1,,126,37.2885812691,127.1071090974,21.111977206,59.071875345,1,4,2,NONE,,,-47.873384000,-44.052769000,1.578055212063,ZONE_03_NARROW
COMMON_1,,127,37.2885794358,127.1071079307,21.110316748,59.300619735,1,4,2,NONE,,,-47.976713000,-44.256852000,1.637316713253,ZONE_03_NARROW
COMMON_1,,128,37.2885776024,127.1071069307,21.095528089,59.522609410,1,4,2,NONE,,,-48.065278000,-44.460946000,1.699745874657,ZONE_03_NARROW
COMMON_1,,129,37.2885757691,127.1071060974,21.067621311,59.737824814,1,4,2,NONE,,,-48.139079000,-44.665029000,1.707213725009,ZONE_03_NARROW
COMMON_1,,130,37.2885737549,127.1071052032,21.035282330,59.973411518,1,4,2,NONE,,,-48.218274000,-44.889250000,1.596275157432,ZONE_03_NARROW
COMMON_1,,131,37.2885719358,127.1071040974,21.029551724,60.198279223,1,4,2,NONE,,,-48.316209000,-45.091752000,1.578076932697,ZONE_03_NARROW
COMMON_1,,132,37.2885701024,127.1071029307,21.027886225,60.427033390,1,4,2,NONE,,,-48.419538000,-45.295846000,1.578090314177,ZONE_03_NARROW
COMMON_1,,133,37.2885682691,127.1071017641,21.026217767,60.655773657,1,4,2,NONE,,,-48.522858000,-45.499929000,1.601377833600,ZONE_03_NARROW
COMMON_1,,134,37.2885666024,127.1071007641,21.019931459,60.861268717,1,4,2,NONE,,,-48.611423000,-45.685466000,1.668133275497,ZONE_03_NARROW
COMMON_1,,135,37.2885646024,127.1070997641,20.996645490,61.099743229,1,4,2,NONE,,,-48.699988000,-45.908106000,1.699931569277,ZONE_03_NARROW
COMMON_1,,136,37.2885627691,127.1070989307,20.968704901,61.314906065,1,4,2,NONE,,,-48.773798000,-46.112189000,1.614800731345,ZONE_03_NARROW->ZONE_04_S_CURVE
COMMON_1,,137,37.2885611024,127.1070979307,20.959811325,61.516882073,1,4,2,NONE,,,-48.862364000,-46.297726000,1.554710722950,ZONE_03_NARROW->ZONE_04_S_CURVE
COMMON_1,,138,37.2885592691,127.1070965974,20.963431091,61.741894063,1,4,2,NONE,,,-48.980447000,-46.501809000,1.660396005109,ZONE_03_NARROW->ZONE_04_S_CURVE
COMMON_1,,139,37.2885576024,127.1070955974,20.946268715,61.932926279,1,4,2,NONE,,,-49.069012000,-46.687346000,1.733470445648,ZONE_03_NARROW->ZONE_04_S_CURVE
COMMON_1,,140,37.2885560473,127.1070947779,20.918394505,62.102762133,1,4,2,NONE,,,-49.141592000,-46.860449000,1.755126499169,ZONE_03_NARROW->ZONE_04_S_CURVE
COMMON_1,,141,37.2885544358,127.1070939307,20.886313330,62.274828385,1,4,2,NONE,,,-49.216624000,-47.039852000,1.752758505126,ZONE_03_NARROW->ZONE_04_S_CURVE
COMMON_1,,142,37.2885529358,127.1070930974,20.857164322,62.433249138,1,4,2,NONE,,,-49.290425000,-47.206832000,1.689839139471,ZONE_03_NARROW->ZONE_04_S_CURVE
COMMON_1,,143,37.2885514358,127.1070920974,20.837890523,62.594390060,1,4,2,NONE,,,-49.378990000,-47.373812000,1.629671023060,ZONE_03_NARROW->ZONE_04_S_CURVE
COMMON_1,,144,37.2885499358,127.1070909307,20.828246286,62.758010285,1,4,2,NONE,,,-49.482319000,-47.540792000,1.725836989352,ZONE_03_NARROW->ZONE_04_S_CURVE
COMMON_1,,145,37.2885484358,127.1070899307,20.803997929,62.913155095,1,4,2,NONE,,,-49.570884000,-47.707772000,1.861722233479,ZONE_03_NARROW->ZONE_04_S_CURVE
COMMON_1,,146,37.2885468096,127.1070890965,20.757013872,63.070071245,1,4,2,NONE,,,-49.644765000,-47.888800000,1.936451795603,ZONE_03_NARROW->ZONE_04_S_CURVE
COMMON_1,,147,37.2885449358,127.1070882641,20.690692640,63.243290978,1,4,2,NONE,,,-49.718487000,-48.097392000,1.876234927159,ZONE_03_NARROW->ZONE_04_S_CURVE
COMMON_1,,148,37.2885432110,127.1070873313,20.639478890,63.405716853,1,4,2,NONE,,,-49.801100000,-48.289397000,1.795457259795,ZONE_03_NARROW->ZONE_04_S_CURVE
COMMON_1,,149,37.2885416024,127.1070862641,20.603900139,63.561409893,1,4,2,NONE,,,-49.895617000,-48.468466000,1.858934841757,ZONE_03_NARROW->ZONE_04_S_CURVE
COMMON_1,,150,37.2885399358,127.1070852641,20.557666527,63.717400762,1,4,2,NONE,,,-49.984182000,-48.653992000,1.900820523260,ZONE_03_NARROW->ZONE_04_S_CURVE
COMMON_1,,151,37.2885383179,127.1070843527,20.506994014,63.865327287,1,4,2,NONE,,,-50.064900000,-48.834096000,1.885744016798,ZONE_03_NARROW->ZONE_04_S_CURVE
COMMON_1,,152,37.2885367691,127.1070834307,20.460748246,64.007276223,1,4,2,NONE,,,-50.146557000,-49.006509000,1.971510477718,ZONE_03_NARROW->ZONE_04_S_CURVE
COMMON_1,,153,37.2885354358,127.1070827641,20.411047273,64.124596416,1,4,2,NONE,,,-50.205595000,-49.154932000,1.876771628681,ZONE_03_NARROW->ZONE_04_S_CURVE
COMMON_1,,154,37.2885341024,127.1070819307,20.372489409,64.246655326,1,4,2,NONE,,,-50.279405000,-49.303366000,1.748656185508,ZONE_03_NARROW->ZONE_04_S_CURVE
COMMON_1,,155,37.2885324358,127.1070805974,20.343613105,64.407293978,1,4,2,NONE,,,-50.397489000,-49.488892000,1.873689710964,ZONE_03_NARROW->ZONE_04_S_CURVE
COMMON_1,,156,37.2885313387,127.1070798931,20.312248550,64.507657553,1,4,2,NONE,,,-50.459865000,-49.611021000,1.843509618302,ZONE_03_NARROW->ZONE_04_S_CURVE
COMMON_1,,157,37.2885300753,127.1070790295,20.279502140,64.624742221,1,5,2,NONE,,,-50.536350000,-49.751663000,1.754364618033,ZONE_03_NARROW->ZONE_04_S_CURVE
COMMON_1,,158,37.2885292774,127.1070783887,20.265249274,64.701511525,1,5,2,NONE,,,-50.593102000,-49.840485000,1.670186622067,ZONE_03_NARROW->ZONE_04_S_CURVE
COMMON_1,,159,37.2885282799,127.1070774694,20.255337231,64.800911400,1,5,2,NONE,,,-50.674520000,-49.951516000,1.666912175555,ZONE_03_NARROW->ZONE_04_S_CURVE
COMMON_1,,160,37.2885270167,127.1070762993,20.243154375,64.927272633,1,5,2,NONE,,,-50.778150000,-50.092146000,1.602476558081,ZONE_03_NARROW->ZONE_04_S_CURVE
COMMON_1,,161,37.2885254874,127.1070747392,20.238158664,65.084911618,1,5,2,NONE,,,-50.916321000,-50.262388000,1.733372096135,ZONE_03_NARROW->ZONE_04_S_CURVE
COMMON_1,,162,37.2885241024,127.1070735974,20.215844268,65.220955584,1,5,2,NONE,,,-51.017444000,-50.416566000,1.607905635864,ZONE_03_NARROW->ZONE_04_S_CURVE
COMMON_1,,163,37.2885226024,127.1070720974,20.210047786,65.377084081,1,5,2,NONE,,,-51.150292000,-50.583546000,1.513738312155,ZONE_03_NARROW->ZONE_04_S_CURVE
COMMON_1,,164,37.2885214358,127.1070707641,20.217318351,65.504369838,1,5,2,NONE,,,-51.268376000,-50.713412000,1.395984192812,ZONE_03_NARROW->ZONE_04_S_CURVE
COMMON_1,,165,37.2885201680,127.1070690561,20.243285719,65.651398034,1,5,2,NONE,,,-51.419645000,-50.854543000,1.277708387084,ZONE_03_NARROW->ZONE_04_S_CURVE
COMMON_1,,166,37.2885189358,127.1070670974,20.289512874,65.804580274,1,5,2,NONE,,,-51.593117000,-50.991712000,1.279003300249,ZONE_03_NARROW->ZONE_04_S_CURVE
COMMON_1,,167,37.2885177691,127.1070652641,20.333708457,65.951719115,1,5,2,NONE,,,-51.755484000,-51.121589000,1.271828882807,ZONE_03_NARROW->ZONE_04_S_CURVE
COMMON_1,,168,37.2885166024,127.1070634307,20.379947134,66.101744713,1,5,2,NONE,,,-51.917859000,-51.251466000,1.255529835609,ZONE_03_NARROW->ZONE_04_S_CURVE
COMMON_1,,169,37.2885153584,127.1070614507,20.433511312,66.265979333,1,5,2,NONE,,,-52.093218000,-51.389948000,1.163784424789,ZONE_03_NARROW->ZONE_04_S_CURVE
COMMON_1,,170,37.2885144358,127.1070597641,20.490035649,66.397100963,1,5,2,NONE,,,-52.242592000,-51.492652000,1.016164616893,ZONE_03_NARROW->ZONE_04_S_CURVE
COMMON_1,,171,37.2885134523,127.1070574390,20.588923530,66.556727263,1,5,2,NONE,,,-52.448514000,-51.602135000,0.910836276195,ZONE_03_NARROW->ZONE_04_S_CURVE
COMMON_1,,172,37.2885127691,127.1070554307,20.687280287,66.683468980,1,5,2,NONE,,,-52.626380000,-51.678189000,0.869445876032,ZONE_03_NARROW->ZONE_04_S_CURVE
COMMON_1,,173,37.2885121024,127.1070532641,20.800810772,66.817888288,1,5,2,NONE,,,-52.818265000,-51.752406000,0.901318804251,ZONE_03_NARROW->ZONE_04_S_CURVE
COMMON_1,,174,37.2885114358,127.1070512641,20.906041332,66.950855199,1,5,2,NONE,,,-52.995395000,-51.826612000,0.843665247055,ZONE_03_NARROW->ZONE_04_S_CURVE
COMMON_1,,175,37.2885107691,127.1070489307,21.039365902,67.100697791,1,5,2,NONE,,,-53.202053000,-51.900829000,0.778553826232,ZONE_03_NARROW->ZONE_04_S_CURVE
COMMON_1,,176,37.2885102691,127.1070467641,21.174007722,67.233509044,1,5,2,NONE,,,-53.393938000,-51.956489000,0.679717326630,ZONE_03_NARROW->ZONE_04_S_CURVE
COMMON_1,,177,37.2885099060,127.1070442898,21.344190315,67.371049587,1,5,2,NONE,,,-53.613074000,-51.996909000,0.660876056372,ZONE_04_S_CURVE
COMMON_1,,178,37.2885096024,127.1070419307,21.511278296,67.500962098,1,5,2,NONE,,,-53.822008000,-52.030706000,0.596858320061,ZONE_04_S_CURVE
COMMON_1,,179,37.2885094358,127.1070397641,21.670726999,67.609313002,1,5,2,NONE,,,-54.013893000,-52.049252000,0.596910621484,ZONE_04_S_CURVE
COMMON_1,,180,37.2885092691,127.1070375974,21.830178319,67.717677876,1,5,2,NONE,,,-54.205787000,-52.067809000,0.584122243392,ZONE_04_S_CURVE
COMMON_1,,181,37.2885091024,127.1070350974,22.015527835,67.840208018,1,5,2,NONE,,,-54.427200000,-52.086366000,0.500505962455,ZONE_04_S_CURVE
COMMON_1,,182,37.2885091024,127.1070329307,22.183884094,67.932292096,1,5,2,NONE,,,-54.619094000,-52.086366000,0.410946569815,ZONE_04_S_CURVE
COMMON_1,,183,37.2885092691,127.1070305974,22.374090440,68.015175853,1,5,2,NONE,,,-54.825743000,-52.067809000,0.404101303427,ZONE_04_S_CURVE
COMMON_1,,184,37.2885094358,127.1070284307,22.551351637,68.090979135,1,5,2,NONE,,,-55.017637000,-52.049252000,0.322852817389,ZONE_04_S_CURVE
COMMON_1,,185,37.2885097691,127.1070260974,22.750457644,68.157591746,1,5,2,NONE,,,-55.224286000,-52.012149000,0.404101303427,ZONE_04_S_CURVE
COMMON_1,,186,37.2885099358,127.1070239307,22.927718841,68.233395028,1,5,2,NONE,,,-55.416180000,-51.993592000,0.420686045014,ZONE_04_S_CURVE
COMMON_1,,187,37.2885100833,127.1070216129,23.115695119,68.317494799,1,5,2,NONE,,,-55.621456000,-51.977172000,0.344639456203,ZONE_04_S_CURVE
COMMON_1,,188,37.2885103271,127.1070196628,23.280245025,68.376562536,1,5,2,NONE,,,-55.794167000,-51.950032000,0.256567840797,ZONE_04_S_CURVE
COMMON_1,,189,37.2885107691,127.1070174307,23.477293855,68.428258264,1,5,2,NONE,,,-55.991853000,-51.900829000,0.237404159080,ZONE_04_S_CURVE
COMMON_1,,190,37.2885112691,127.1070150974,23.685304800,68.478590079,1,5,2,NONE,,,-56.198502000,-51.845169000,0.196043524527,ZONE_04_S_CURVE
COMMON_1,,191,37.2885117691,127.1070130974,23.867417549,68.514756626,1,5,2,NONE,,,-56.375632000,-51.789509000,0.237404159080,ZONE_04_S_CURVE
COMMON_1,,192,37.2885122691,127.1070107641,24.075428494,68.565088441,1,5,2,NONE,,,-56.582281000,-51.733849000,0.237415095750,ZONE_04_S_CURVE
COMMON_1,,193,37.2885127691,127.1070084307,24.283447335,68.615424574,1,5,2,NONE,,,-56.788939000,-51.678189000,0.131449098049,ZONE_04_S_CURVE
COMMON_1,,194,37.2885134358,127.1070062641,24.487410172,68.642390800,1,5,2,NONE,,,-56.980824000,-51.603972000,0.050220241299,ZONE_04_S_CURVE
COMMON_1,,195,37.2885142691,127.1070040974,24.700280566,68.653090199,1,5,2,NONE,,,-57.172718000,-51.511209000,0.006386561944,ZONE_04_S_CURVE
COMMON_1,,196,37.2885152691,127.1070017641,24.935001047,68.654589276,1,5,2,NONE,,,-57.379367000,-51.399889000,0.018078530183,ZONE_04_S_CURVE
COMMON_1,,197,37.2885161024,127.1069997641,25.134918394,68.658203882,1,5,2,NONE,,,-57.556497000,-51.307126000,-0.025161586978,ZONE_04_S_CURVE
COMMON_1,,198,37.2885171024,127.1069975974,25.356693725,68.652622484,1,5,2,NONE,,,-57.748391000,-51.195806000,0.012544953113,ZONE_04_S_CURVE
COMMON_1,,199,37.2885179958,127.1069954815,25.568832572,68.655283896,1,5,2,NONE,,,-57.935786000,-51.096342000,-0.055695074941,ZONE_04_S_CURVE
COMMON_1,,200,37.2885190155,127.1069934200,25.783479926,68.643316719,1,5,2,NONE,,,-58.118362000,-50.982840000,-0.169386912765,ZONE_04_S_CURVE
COMMON_1,,201,37.2885202691,127.1069914307,26.005018566,68.605427910,1,5,2,NONE,,,-58.294545000,-50.843289000,-0.240059028353,ZONE_04_S_CURVE
COMMON_1,,202,37.2885216024,127.1069895974,26.218692404,68.553124985,1,5,2,NONE,,,-58.456911000,-50.694866000,-0.174172636706,ZONE_04_S_CURVE
COMMON_1,,203,37.2885227691,127.1069877641,26.423467459,68.517093685,1,5,2,NONE,,,-58.619278000,-50.564989000,-0.287635122240,ZONE_04_S_CURVE
COMMON_1,,204,37.2885241024,127.1069860974,26.624196147,68.457710285,1,5,2,NONE,,,-58.766889000,-50.416566000,-0.287668789336,ZONE_04_S_CURVE
COMMON_1,,205,37.2885254358,127.1069844307,26.824930990,68.398317714,1,5,2,NONE,,,-58.914501000,-50.268132000,-0.391023400564,ZONE_04_S_CURVE
COMMON_1,,206,37.2885268172,127.1069830287,27.007661901,68.322986579,1,5,2,NONE,,,-59.038669000,-50.114354000,-0.405194212642,ZONE_04_S_CURVE
COMMON_1,,207,37.2885282691,127.1069815974,27.196435044,68.242016218,1,5,2,NONE,,,-59.165432000,-49.952729000,-0.503503605304,ZONE_04_S_CURVE
COMMON_1,,208,37.2885299358,127.1069802641,27.389068393,68.135902119,1,5,2,NONE,,,-59.283516000,-49.767192000,-0.462133325319,ZONE_04_S_CURVE
COMMON_1,,209,37.2885312691,127.1069790974,27.550946717,68.055269138,1,5,2,NONE,,,-59.386845000,-49.618769000,-0.503503605304,ZONE_04_S_CURVE
COMMON_1,,210,37.2885329358,127.1069777641,27.743580066,67.949155040,1,5,2,NONE,,,-59.504929000,-49.433232000,-0.516158543890,ZONE_04_S_CURVE
COMMON_1,,211,37.2885344358,127.1069765974,27.914362451,67.852240782,1,5,2,NONE,,,-59.608257000,-49.266252000,-0.624903717596,ZONE_04_S_CURVE
COMMON_1,,212,37.2885361024,127.1069755974,28.081093203,67.731971546,1,5,2,NONE,,,-59.696823000,-49.080726000,-0.624931157095,ZONE_04_S_CURVE
COMMON_1,,213,37.2885377691,127.1069745974,28.247828357,67.611692180,1,5,2,NONE,,,-59.785388000,-48.895189000,-0.723299198152,ZONE_04_S_CURVE
COMMON_1,,214,37.2885396024,127.1069737641,28.410510125,67.468056874,1,5,2,NONE,,,-59.859189000,-48.691106000,-0.624931157095,ZONE_04_S_CURVE
COMMON_1,,215,37.2885412691,127.1069727641,28.577245279,67.347777508,1,5,2,NONE,,,-59.947754000,-48.505569000,-0.720350101490,ZONE_04_S_CURVE
COMMON_1,,216,37.2885430634,127.1069719410,28.737051695,67.207517413,1,5,2,NONE,,,-60.020652000,-48.305827000,-0.790230037846,ZONE_04_S_CURVE
COMMON_1,,217,37.2885449358,127.1069712641,28.889669820,67.053417252,1,5,2,NONE,,,-60.080602000,-48.097392000,-0.873957455604,ZONE_04_S_CURVE
COMMON_1,,218,37.2885469358,127.1069707641,29.035358331,66.879335883,1,5,2,NONE,,,-60.124884000,-47.874752000,-0.938433224068,ZONE_04_S_CURVE
COMMON_1,,219,37.2885489358,127.1069704307,29.168102568,66.698174519,1,5,2,NONE,,,-60.154412000,-47.652112000,-0.926644460274,ZONE_04_S_CURVE
COMMON_1,,220,37.2885507691,127.1069700974,29.291933972,66.533289632,1,5,2,NONE,,,-60.183931000,-47.448029000,-0.873957455604,ZONE_04_S_CURVE
COMMON_1,,221,37.2885527691,127.1069695974,29.437622482,66.359208263,1,5,2,NONE,,,-60.228213000,-47.225389000,-0.926644460274,ZONE_04_S_CURVE
COMMON_1,,222,37.2885546024,127.1069692641,29.561453885,66.194323376,1,5,2,NONE,,,-60.257732000,-47.021306000,-1.004073981096,ZONE_04_S_CURVE
COMMON_1,,223,37.2885566024,127.1069690974,29.681245077,66.006077219,1,5,2,NONE,,,-60.272496000,-46.798666000,-1.070290364340,ZONE_04_S_CURVE
COMMON_1,,224,37.2885587691,127.1069690974,29.796988161,65.794465473,1,5,2,NONE,,,-60.272496000,-46.557469000,-1.097563678558,ZONE_04_S_CURVE
COMMON_1,,225,37.2885607465,127.1069691652,29.897350529,65.598460293,1,5,2,NONE,,,-60.266491000,-46.337345000,-1.043626287870,ZONE_04_S_CURVE
COMMON_1,,226,37.2885627691,127.1069690974,30.010664452,65.403803572,1,5,2,NONE,,,-60.272496000,-46.112189000,-1.070290364340,ZONE_04_S_CURVE
COMMON_1,,227,37.2885647691,127.1069690974,30.117502598,65.208472621,1,5,2,NONE,,,-60.272496000,-45.889549000,-1.131425461093,ZONE_04_S_CURVE
COMMON_1,,228,37.2885669358,127.1069692641,30.220292636,64.989776081,1,5,2,NONE,,,-60.257732000,-45.648352000,-1.202107779160,ZONE_04_S_CURVE
COMMON_1,,229,37.2885689358,127.1069695974,30.301232586,64.780279863,1,5,2,NONE,,,-60.228213000,-45.425712000,-1.202107779160,ZONE_04_S_CURVE
COMMON_1,,230,37.2885709358,127.1069699307,30.382172536,64.570783645,1,5,2,NONE,,,-60.198694000,-45.203072000,-1.153152498136,ZONE_04_S_CURVE
COMMON_1,,231,37.2885730375,127.1069701501,30.477395693,64.356195985,1,5,2,NONE,,,-60.179263000,-44.969111000,-1.118030174478,ZONE_04_S_CURVE
COMMON_1,,232,37.2885749358,127.1069702641,30.569943612,64.165952637,1,5,2,NONE,,,-60.169167000,-44.757792000,-1.036124433950,ZONE_04_S_CURVE
COMMON_1,,233,37.2885769330,127.1069701783,30.683298945,63.974541945,1,5,2,NONE,,,-60.176766000,-44.535464000,-1.107451262484,ZONE_04_S_CURVE
COMMON_1,,234,37.2885787691,127.1069702641,30.774714966,63.791571532,1,5,2,NONE,,,-60.169167000,-44.331069000,-1.070290364340,ZONE_04_S_CURVE
COMMON_1,,235,37.2885807691,127.1069702641,30.881553111,63.596240581,1,5,2,NONE,,,-60.169167000,-44.108429000,-1.136466500458,ZONE_04_S_CURVE
COMMON_1,,236,37.2885827691,127.1069704307,30.975446107,63.393829156,1,5,2,NONE,,,-60.154412000,-43.885789000,-1.142507671258,ZONE_04_S_CURVE
COMMON_1,,237,37.2885846024,127.1069705974,31.060426269,63.207694209,1,5,2,NONE,,,-60.139648000,-43.681706000,-1.070290364340,ZONE_04_S_CURVE
COMMON_1,,238,37.2885864358,127.1069705974,31.158364754,63.028634404,1,5,2,NONE,,,-60.139648000,-43.477612000,-1.049599792826,ZONE_04_S_CURVE
COMMON_1,,239,37.2885884852,127.1069705441,31.271983624,62.830744425,1,5,2,NONE,,,-60.144369000,-43.249473000,-1.092028572881,ZONE_04_S_CURVE
COMMON_1,,240,37.2885904358,127.1069705974,31.372041046,62.637972503,1,5,2,NONE,,,-60.139648000,-43.032332000,-1.202107779160,ZONE_04_S_CURVE
COMMON_1,,241,37.2885924358,127.1069709307,31.452980996,62.428476284,1,5,2,NONE,,,-60.110129000,-42.809692000,-1.202143090693,ZONE_04_S_CURVE
COMMON_1,,242,37.2885944358,127.1069712641,31.533913927,62.218976227,1,5,2,NONE,,,-60.080602000,-42.587052000,-1.136466500458,ZONE_04_S_CURVE
COMMON_1,,243,37.2885964358,127.1069714307,31.627806923,62.016564802,1,5,2,NONE,,,-60.065847000,-42.364412000,-1.136506747584,ZONE_04_S_CURVE
COMMON_1,,244,37.2885984358,127.1069715974,31.721692022,61.814149058,1,5,2,NONE,,,-60.051083000,-42.141772000,-1.145216078834,ZONE_04_S_CURVE
COMMON_1,,245,37.2886003955,127.1069717823,31.812010156,61.614895512,1,5,2,NONE,,,-60.034707000,-41.923618000,-1.128092462980,ZONE_04_S_CURVE
COMMON_1,,246,37.2886024358,127.1069719307,31.909470118,61.409321890,1,5,2,NONE,,,-60.021564000,-41.696492000,-1.251869126043,ZONE_04_S_CURVE
COMMON_1,,247,37.2886046024,127.1069724307,31.986357559,61.176470212,1,5,2,NONE,,,-59.977282000,-41.455306000,-1.152847517593,ZONE_04_S_CURVE
COMMON_1,,248,37.2886064850,127.1069726265,32.071710339,60.984283800,1,5,2,NONE,,,-59.959941000,-41.245735000,-1.121947949369,ZONE_04_S_CURVE
COMMON_1,,249,37.2886086024,127.1069727641,32.174127758,60.771638725,1,5,2,NONE,,,-59.947754000,-41.010026000,-1.070290364340,ZONE_04_S_CURVE
COMMON_1,,250,37.2886104358,127.1069727641,32.272066244,60.592578920,1,5,2,NONE,,,-59.947754000,-40.805932000,-1.009152486282,ZONE_04_S_CURVE
COMMON_1,,251,37.2886126024,127.1069725974,32.400757096,60.388061617,1,5,2,NONE,,,-59.962518000,-40.564746000,-1.070290364340,ZONE_04_S_CURVE
COMMON_1,,252,37.2886144358,127.1069725974,32.498695582,60.209001812,1,5,2,NONE,,,-59.962518000,-40.360652000,-1.136506747584,ZONE_04_S_CURVE
COMMON_1,,253,37.2886164358,127.1069727641,32.592580682,60.006586068,1,5,2,NONE,,,-59.947754000,-40.138012000,-1.142463801010,ZONE_04_S_CURVE
COMMON_1,,254,37.2886182691,127.1069729307,32.677568739,59.820455439,1,5,2,NONE,,,-59.932999000,-39.933929000,-1.070290364340,ZONE_04_S_CURVE
COMMON_1,,255,37.2886202691,127.1069729307,32.784406885,59.625124489,1,5,2,NONE,,,-59.932999000,-39.711289000,-0.998116927669,ZONE_04_S_CURVE
COMMON_1,,256,37.2886221024,127.1069727641,32.895285242,59.453154809,1,5,2,NONE,,,-59.947754000,-39.507206000,-0.984814506343,ZONE_04_S_CURVE
COMMON_1,,257,37.2886239028,127.1069725702,33.006527725,59.285558272,1,5,2,NONE,,,-59.964927000,-39.306785000,-1.010891520580,ZONE_04_S_CURVE
COMMON_1,,258,37.2886257691,127.1069724307,33.117063027,59.109214436,1,5,2,NONE,,,-59.977282000,-39.099029000,-1.004114228221,ZONE_04_S_CURVE
COMMON_1,,259,37.2886277691,127.1069722641,33.236846323,58.920963960,1,5,2,NONE,,,-59.992037000,-38.876389000,-0.926606064055,ZONE_04_S_CURVE
COMMON_1,,260,37.2886296024,127.1069719307,33.360684745,58.756082913,1,5,2,NONE,,,-60.021564000,-38.672306000,-0.856628616627,ZONE_04_S_CURVE
COMMON_1,,261,37.2886314358,127.1069714307,33.497474473,58.598273169,1,5,2,NONE,,,-60.065847000,-38.468212000,-0.811087678816,ZONE_04_S_CURVE
COMMON_1,,262,37.2886334358,127.1069707641,33.656108133,58.431272274,1,5,2,NONE,,,-60.124884000,-38.245572000,-0.856617447667,ZONE_04_S_CURVE
COMMON_1,,263,37.2886352691,127.1069702641,33.792892582,58.273472181,1,5,2,NONE,,,-60.169167000,-38.041489000,-0.811049910838,ZONE_04_S_CURVE
COMMON_1,,264,37.2886372691,127.1069695974,33.951534138,58.106475605,1,5,2,NONE,,,-60.228213000,-37.818849000,-0.750207551389,ZONE_04_S_CURVE
COMMON_1,,265,37.2886392691,127.1069687641,34.123120844,57.946559503,1,5,2,NONE,,,-60.302014000,-37.596209000,-0.654582239876,ZONE_04_S_CURVE
COMMON_1,,266,37.2886410595,127.1069677707,34.295951435,57.813918923,1,5,2,NONE,,,-60.389995000,-37.396902000,-0.632208945466,ZONE_04_S_CURVE
COMMON_1,,267,37.2886427691,127.1069667641,34.465491689,57.689730104,1,5,2,NONE,,,-60.479145000,-37.206589000,-0.601612435731,ZONE_04_S_CURVE
COMMON_1,,268,37.2886446024,127.1069655974,34.654078672,57.560263906,1,5,2,NONE,,,-60.582473000,-37.002506000,-0.723312101416,ZONE_04_S_CURVE
COMMON_1,,269,37.2886464358,127.1069647641,34.816766595,57.416619430,1,5,2,NONE,,,-60.656275000,-36.798412000,-0.660850353997,ZONE_04_S_CURVE
COMMON_1,,270,37.2886482691,127.1069637641,34.992401409,57.280068918,1,5,2,NONE,,,-60.744840000,-36.594329000,-0.660850353997,ZONE_04_S_CURVE
COMMON_1,,271,37.2886501024,127.1069627641,35.168036223,57.143518406,1,5,2,NONE,,,-60.833405000,-36.390246000,-0.624931157095,ZONE_04_S_CURVE
COMMON_1,,272,37.2886517691,127.1069617641,35.334771376,57.023239039,1,5,2,NONE,,,-60.921970000,-36.204709000,-0.545715973515,ZONE_04_S_CURVE
COMMON_1,,273,37.2886536024,127.1069604307,35.536312282,56.900858114,1,5,2,NONE,,,-61.040063000,-36.000626000,-0.500163751516,ZONE_04_S_CURVE
COMMON_1,,274,37.2886551638,127.1069591724,35.717492433,56.801840420,1,5,2,NONE,,,-61.151504000,-35.826811000,-0.588915639071,ZONE_04_S_CURVE
COMMON_1,,275,37.2886568305,127.1069580781,35.891555129,56.685568923,1,5,2,NONE,,,-61.248421000,-35.641274000,-0.537264978963,ZONE_04_S_CURVE
COMMON_1,,276,37.2886586024,127.1069567641,36.088307980,56.568359720,1,5,2,NONE,,,-61.364795000,-35.444026000,-0.503469082419,ZONE_04_S_CURVE
COMMON_1,,277,37.2886602691,127.1069554307,36.280949226,56.462249940,1,5,2,NONE,,,-61.482888000,-35.258489000,-0.398242836921,ZONE_04_S_CURVE
COMMON_1,,278,37.2886617691,127.1069539307,36.477630683,56.379501431,1,5,2,NONE,,,-61.615736000,-35.091509000,-0.298900867131,ZONE_04_S_CURVE
COMMON_1,,279,37.2886632691,127.1069520974,36.700209459,56.310917709,1,5,2,NONE,,,-61.778102000,-34.924529000,-0.340209351750,ZONE_04_S_CURVE
COMMON_1,,280,37.2886646024,127.1069505974,36.887985978,56.244449996,1,5,2,NONE,,,-61.910950000,-34.776106000,-0.287672176554,ZONE_04_S_CURVE
COMMON_1,,281,37.2886659358,127.1069489307,37.088719944,56.185056945,1,5,2,NONE,,,-62.058561000,-34.627672000,-0.398243016965,ZONE_04_S_CURVE
COMMON_1,,282,37.2886676024,127.1069472641,37.307246211,56.093117765,1,5,2,NONE,,,-62.206164000,-34.442146000,-0.287672176554,ZONE_04_S_CURVE
COMMON_1,,283,37.2886689358,127.1069455974,37.507980178,56.033724715,1,5,2,NONE,,,-62.353775000,-34.293712000,-0.174134325819,ZONE_04_S_CURVE
COMMON_1,,284,37.2886701024,127.1069437641,37.712749077,55.997702585,1,5,2,NONE,,,-62.516141000,-34.163846000,-0.132172870795,ZONE_04_S_CURVE
COMMON_1,,285,37.2886712691,127.1069417641,37.930477178,55.968756079,1,5,2,NONE,,,-62.693272000,-34.033969000,-0.174148603422,ZONE_04_S_CURVE
COMMON_1,,286,37.2886724358,127.1069399307,38.135259252,55.932728617,1,5,2,NONE,,,-62.855647000,-33.904092000,-0.132135173959,ZONE_04_S_CURVE
COMMON_1,,287,37.2886736024,127.1069379307,38.352981197,55.903791282,1,5,2,NONE,,,-63.032777000,-33.774226000,-0.132175562923,ZONE_04_S_CURVE
COMMON_1,,288,37.2886747691,127.1069359307,38.570708421,55.874844295,1,5,2,NONE,,,-63.209907000,-33.644349000,-0.100495017109,ZONE_04_S_CURVE
COMMON_1,,289,37.2886757691,127.1069340974,38.766578538,55.855093791,1,5,2,NONE,,,-63.372274000,-33.533029000,-0.019439190585,ZONE_04_S_CURVE
COMMON_1,,290,37.2886767806,127.1069318766,38.993171438,55.850688453,1,5,2,NONE,,,-63.568959000,-33.420429000,0.002393344114,ZONE_04_S_CURVE
COMMON_1,,291,37.2886776374,127.1069298964,39.192805269,55.851166247,1,5,2,NONE,,,-63.744335000,-33.325050000,0.028477626054,ZONE_04_S_CURVE
COMMON_1,,292,37.2886784358,127.1069279307,39.388193842,55.856731954,1,5,2,NONE,,,-63.918428000,-33.236172000,-0.015197302806,ZONE_04_S_CURVE
COMMON_1,,293,37.2886793511,127.1069259012,39.594783927,55.853592100,1,5,2,NONE,,,-64.098171000,-33.134281000,0.010585747941,ZONE_04_S_CURVE
COMMON_1,,294,37.2886802355,127.1069238167,39.803997264,55.855806863,1,5,2,NONE,,,-64.282785000,-33.035829000,0.122914370962,ZONE_04_S_CURVE
COMMON_1,,295,37.2886809358,127.1069215974,40.013849358,55.881731388,1,5,2,NONE,,,-64.479337000,-32.957872000,0.155754450346,ZONE_04_S_CURVE
COMMON_1,,296,37.2886816024,127.1069192641,40.230759963,55.915792058,1,5,2,NONE,,,-64.685986000,-32.883666000,0.218636334046,ZONE_04_S_CURVE
COMMON_1,,297,37.2886821703,127.1069167991,40.452631534,55.965089258,1,5,2,NONE,,,-64.904299000,-32.820447000,0.171113300372,ZONE_04_S_CURVE
COMMON_1,,298,37.2886827691,127.1069145974,40.655694687,56.000179210,1,5,2,NONE,,,-65.099293000,-32.753789000,0.155707300699,ZONE_04_S_CURVE
COMMON_1,,299,37.2886834358,127.1069122641,40.872610571,56.034230229,1,5,2,NONE,,,-65.305942000,-32.679572000,0.254213120974,ZONE_04_S_CURVE
COMMON_1,,300,37.2886839358,127.1069097642,41.093565788,56.091642038,1,5,2,NONE,,,-65.527345000,-32.623912000,0.322860392470,ZONE_04_S_CURVE
COMMON_1,,301,37.2886842691,127.1069074308,41.292679691,56.158258968,1,5,2,NONE,,,-65.734003000,-32.586809000,0.334481502204,ZONE_04_S_CURVE
COMMON_1,,302,37.2886846024,127.1069049307,41.504746639,56.231960691,1,5,2,NONE,,,-65.955425000,-32.549706000,0.410946569815,ZONE_04_S_CURVE
COMMON_1,,303,37.2886847691,127.1069025974,41.694952986,56.314844448,1,5,2,NONE,,,-66.162074000,-32.531149000,0.322852817389,ZONE_04_S_CURVE
COMMON_1,,304,37.2886851024,127.1069002641,41.894058993,56.381457059,1,5,2,NONE,,,-66.368723000,-32.494046000,0.334425817061,ZONE_04_S_CURVE
COMMON_1,,305,37.2886854358,127.1068977641,42.106122446,56.455144332,1,5,2,NONE,,,-66.590135000,-32.456932000,0.334468251224,ZONE_04_S_CURVE
COMMON_1,,306,37.2886857691,127.1068952642,42.318173603,56.528837418,1,5,2,NONE,,,-66.811539000,-32.419829000,0.410950449324,ZONE_04_S_CURVE
COMMON_1,,307,37.2886859358,127.1068929308,42.508387846,56.611725493,1,5,2,NONE,,,-67.018197000,-32.401272000,0.500505962455,ZONE_04_S_CURVE
COMMON_1,,308,37.2886859358,127.1068900975,42.728539619,56.732139627,1,5,2,NONE,,,-67.269128000,-32.401272000,0.416939016091,ZONE_04_S_CURVE
COMMON_1,,309,37.2886861024,127.1068875975,42.931693733,56.822117827,1,5,2,NONE,,,-67.490541000,-32.382726000,0.422097607476,ZONE_04_S_CURVE
COMMON_1,,310,37.2886862691,127.1068849307,43.147814068,56.919175489,1,5,2,NONE,,,-67.726727000,-32.364169000,0.413294289994,ZONE_04_S_CURVE
COMMON_1,,311,37.2886864544,127.1068822668,43.364701859,57.014292374,1,5,2,NONE,,,-67.962655000,-32.343541000,0.400828575737,ZONE_04_S_CURVE
COMMON_1,,312,37.2886866479,127.1068798349,43.564000588,57.098749246,1,5,2,NONE,,,-68.178036000,-32.322001000,0.487864031256,ZONE_04_S_CURVE
COMMON_1,,313,37.2886866755,127.1068770904,43.778727599,57.212693620,1,5,2,NONE,,,-68.421103000,-32.318928000,0.613309814849,ZONE_04_S_CURVE
COMMON_1,,314,37.2886864358,127.1068744308,43.972578415,57.349136859,1,5,2,NONE,,,-68.656651000,-32.345612000,0.500505962455,ZONE_04_S_CURVE
COMMON_1,,315,37.2886864358,127.1068719308,44.166832870,57.455386205,1,5,2,NONE,,,-68.878064000,-32.345612000,0.500505962455,ZONE_04_S_CURVE
COMMON_1,,316,37.2886864358,127.1068692642,44.374031597,57.568715545,1,5,2,NONE,,,-69.114231000,-32.345612000,0.479497960946,ZONE_04_S_CURVE
COMMON_1,,317,37.2886864821,127.1068664945,44.591715439,57.681905244,1,5,2,NONE,,,-69.359530000,-32.340458000,0.524779189924,ZONE_04_S_CURVE
COMMON_1,,318,37.2886864358,127.1068640975,44.775493552,57.788299030,1,5,2,NONE,,,-69.571821000,-32.345612000,0.578917623756,ZONE_04_S_CURVE
COMMON_1,,319,37.2886862691,127.1068614308,44.973795236,57.917913486,1,5,2,NONE,,,-69.807997000,-32.364169000,0.615823612380,ZONE_04_S_CURVE
COMMON_1,,320,37.2886860122,127.1068586431,45.176681003,58.061480072,1,5,2,NONE,,,-70.054890000,-32.392767000,0.538212465733,ZONE_04_S_CURVE
COMMON_1,,321,37.2886859358,127.1068560975,45.370396866,58.177128907,1,5,2,NONE,,,-70.280341000,-32.401272000,0.500505962455,ZONE_04_S_CURVE
COMMON_1,,322,37.2886859358,127.1068534308,45.577604366,58.290463046,1,5,2,NONE,,,-70.516518000,-32.401272000,0.500505962455,ZONE_04_S_CURVE
COMMON_1,,323,37.2886859358,127.1068507642,45.784803093,58.403792386,1,5,2,NONE,,,-70.752685000,-32.401272000,0.500505962455,ZONE_04_S_CURVE
COMMON_1,,324,37.2886859358,127.1068479308,46.004963640,58.524211319,1,5,2,NONE,,,-71.003626000,-32.401272000,0.574324188359,ZONE_04_S_CURVE
COMMON_1,,325,37.2886857691,127.1068450975,46.216210474,58.660906249,1,5,2,NONE,,,-71.254557000,-32.419829000,0.500505962455,ZONE_04_S_CURVE
COMMON_1,,326,37.2886857691,127.1068424308,46.423417975,58.774240388,1,5,2,NONE,,,-71.490734000,-32.419829000,0.422091325228,ZONE_04_S_CURVE
COMMON_1,,327,37.2886859358,127.1068397642,46.639521640,58.871288932,1,5,2,NONE,,,-71.726901000,-32.401272000,0.430824882294,ZONE_04_S_CURVE
COMMON_1,,328,37.2886860951,127.1068368954,46.870942173,58.977654388,1,5,2,NONE,,,-71.980977000,-32.383539000,0.417574976203,ZONE_04_S_CURVE
COMMON_1,,329,37.2886862691,127.1068342642,47.084685511,59.072485264,1,5,2,NONE,,,-72.214009000,-32.364169000,0.422094631799,ZONE_04_S_CURVE
COMMON_1,,330,37.2886864358,127.1068315975,47.300797950,59.169538607,1,5,2,NONE,,,-72.450186000,-32.345612000,0.500505962455,ZONE_04_S_CURVE
COMMON_1,,331,37.2886864358,127.1068289308,47.508004573,59.282872266,1,5,2,NONE,,,-72.686362000,-32.345612000,0.416939016091,ZONE_04_S_CURVE
COMMON_1,,332,37.2886866024,127.1068264308,47.711158688,59.372850466,1,5,2,NONE,,,-72.907775000,-32.327066000,0.422091655898,ZONE_04_S_CURVE
COMMON_1,,333,37.2886867691,127.1068237642,47.927263230,59.469899491,1,5,2,NONE,,,-73.143943000,-32.308509000,0.344680617054,ZONE_04_S_CURVE
COMMON_1,,334,37.2886871024,127.1068210975,48.152274451,59.550681208,1,5,2,NONE,,,-73.380119000,-32.271406000,0.416889681518,ZONE_04_S_CURVE
COMMON_1,,335,37.2886872691,127.1068185975,48.355433844,59.640649758,1,5,2,NONE,,,-73.601532000,-32.252849000,0.422094301155,ZONE_04_S_CURVE
COMMON_1,,336,37.2886874358,127.1068159308,48.571545406,59.737702621,1,5,2,NONE,,,-73.837708000,-32.234292000,0.334474876976,ZONE_04_S_CURVE
COMMON_1,,337,37.2886877691,127.1068134308,48.783604458,59.811400026,1,5,2,NONE,,,-74.059121000,-32.197189000,0.322852817389,ZONE_04_S_CURVE
COMMON_1,,338,37.2886881024,127.1068110975,48.982710465,59.878012637,1,5,2,NONE,,,-74.265770000,-32.160086000,0.237404159080,ZONE_04_S_CURVE
COMMON_1,,339,37.2886886024,127.1068087642,49.190721410,59.928344452,1,5,2,NONE,,,-74.472419000,-32.104426000,0.237415095750,ZONE_04_S_CURVE
COMMON_1,,340,37.2886891024,127.1068064308,49.398740251,59.978680585,1,5,2,NONE,,,-74.679077000,-32.048766000,0.322801249894,ZONE_04_S_CURVE
COMMON_1,,341,37.2886894358,127.1068040975,49.597851536,60.045283546,1,5,2,NONE,,,-74.885726000,-32.011652000,0.322852817389,ZONE_04_S_CURVE
COMMON_1,,342,37.2886897691,127.1068017642,49.796957542,60.111896157,1,5,2,NONE,,,-75.092375000,-31.974549000,0.237413880608,ZONE_04_S_CURVE
COMMON_1,,343,37.2886902691,127.1067994308,50.004975506,60.162231810,1,5,2,NONE,,,-75.299032000,-31.918889000,0.131449098049,ZONE_04_S_CURVE
COMMON_1,,344,37.2886909358,127.1067972642,50.208938343,60.189198036,1,5,2,NONE,,,-75.490917000,-31.844672000,0.078590436744,ZONE_04_S_CURVE
COMMON_1,,345,37.2886917691,127.1067949308,50.434761782,60.206982228,1,5,2,NONE,,,-75.697575000,-31.751909000,0.050201862908,ZONE_04_S_CURVE
COMMON_1,,346,37.2886926024,127.1067927642,50.647624280,60.217677308,1,5,2,NONE,,,-75.889460000,-31.659146000,0.103732594686,ZONE_04_S_CURVE
COMMON_1,,347,37.2886932691,127.1067907642,50.838642844,60.237563539,1,5,2,NONE,,,-76.066591000,-31.584929000,0.012583252022,ZONE_04_S_CURVE
COMMON_1,,348,37.2886941658,127.1067886405,51.051558369,60.240242850,1,5,2,NONE,,,-76.254676000,-31.485108000,-0.025536555403,ZONE_04_S_CURVE
COMMON_1,,349,37.2886951608,127.1067864865,51.272079406,60.234610278,1,5,2,NONE,,,-76.445445000,-31.374345000,-0.134917025313,ZONE_04_S_CURVE
COMMON_1,,350,37.2886962691,127.1067845975,51.478062747,60.206649761,1,5,2,NONE,,,-76.612745000,-31.250969000,-0.196940497902,ZONE_04_S_CURVE
COMMON_1,,351,37.2886976024,127.1067825975,51.704689630,60.161431629,1,5,2,NONE,,,-76.789875000,-31.102546000,-0.174175640968,ZONE_04_S_CURVE
COMMON_1,,352,37.2886987691,127.1067807642,51.909463808,60.125399849,1,5,2,NONE,,,-76.952241000,-30.972669000,-0.094490479917,ZONE_04_S_CURVE
COMMON_1,,353,37.2886999358,127.1067785975,52.140144078,60.103537655,1,5,2,NONE,,,-77.144135000,-30.842792000,-0.132132481899,ZONE_04_S_CURVE
COMMON_1,,354,37.2887011024,127.1067765975,52.357866901,60.074600799,1,5,2,NONE,,,-77.321266000,-30.712926000,-0.240095934492,ZONE_04_S_CURVE
COMMON_1,,355,37.2887024358,127.1067747642,52.571546017,60.022288223,1,5,2,NONE,,,-77.483632000,-30.564492000,-0.240031425366,ZONE_04_S_CURVE
COMMON_1,,356,37.2887037691,127.1067729308,52.785227750,59.969989617,1,5,2,NONE,,,-77.646007000,-30.416069000,-0.240059028353,ZONE_04_S_CURVE
COMMON_1,,357,37.2887051024,127.1067710975,52.998901588,59.917686691,1,5,2,NONE,,,-77.808373000,-30.267646000,-0.196974201964,ZONE_04_S_CURVE
COMMON_1,,358,37.2887064358,127.1067690975,53.225534628,59.872459389,1,5,2,NONE,,,-77.985504000,-30.119212000,-0.140228117903,ZONE_04_S_CURVE
COMMON_1,,359,37.2887077644,127.1067668580,53.470519796,59.837878617,1,5,2,NONE,,,-78.183845000,-29.971312000,-0.195999225454,ZONE_04_S_CURVE
COMMON_1,,360,37.2887089358,127.1067650975,53.669888735,59.798294270,1,5,2,NONE,,,-78.339764000,-29.840912000,-0.314289175483,ZONE_04_S_CURVE
COMMON_1,,361,37.2887105283,127.1067632102,53.901605044,59.722971796,1,5,2,NONE,,,-78.506913000,-29.663635000,-0.435132150513,ZONE_04_S_CURVE
COMMON_1,,362,37.2887122691,127.1067615975,54.119906612,59.621494891,1,5,2,NONE,,,-78.649742000,-29.469849000,-0.398246504331,ZONE_04_S_CURVE
COMMON_1,,363,37.2887137691,127.1067600975,54.316587192,59.538745902,1,5,2,NONE,,,-78.782589000,-29.302869000,-0.298897788887,ZONE_04_S_CURVE
COMMON_1,,364,37.2887152691,127.1067582642,54.539166846,59.470162660,1,5,2,NONE,,,-78.944956000,-29.135889000,-0.427347637578,ZONE_04_S_CURVE
COMMON_1,,365,37.2887169764,127.1067566566,54.755282423,59.371740455,1,5,2,NONE,,,-79.087333000,-28.945832000,-0.530035808299,ZONE_04_S_CURVE
COMMON_1,,366,37.2887186024,127.1067554308,54.937388332,59.265032745,1,5,2,NONE,,,-79.195896000,-28.764826000,-0.635799637857,ZONE_04_S_CURVE
COMMON_1,,367,37.2887206024,127.1067542642,55.134873233,59.119281912,1,5,2,NONE,,,-79.299216000,-28.542186000,-0.691686598992,ZONE_04_S_CURVE
COMMON_1,,368,37.2887226024,127.1067532642,55.319412985,58.966450604,1,5,2,NONE,,,-79.387781000,-28.319546000,-0.635766377405,ZONE_04_S_CURVE
COMMON_1,,369,37.2887246024,127.1067520975,55.516905783,58.820704089,1,5,2,NONE,,,-79.491110000,-28.096906000,-0.613285984834,ZONE_04_S_CURVE
COMMON_1,,370,37.2887265734,127.1067508793,55.716851110,58.679978312,1,5,2,NONE,,,-79.599000000,-27.877494000,-0.714225913336,ZONE_04_S_CURVE
COMMON_1,,371,37.2887286024,127.1067499308,55.898938333,58.522126266,1,5,2,NONE,,,-79.683004000,-27.651626000,-0.750207551389,ZONE_04_S_CURVE
COMMON_1,,372,37.2887306024,127.1067490975,56.070525040,58.362210164,1,5,2,NONE,,,-79.756805000,-27.428986000,-0.773354346384,ZONE_04_S_CURVE
COMMON_1,,373,37.2887327691,127.1067482642,56.251017561,58.186013747,1,5,2,NONE,,,-79.830607000,-27.187789000,-0.811049910838,ZONE_04_S_CURVE
COMMON_1,,374,37.2887347691,127.1067475975,56.409659117,58.019017171,1,5,2,NONE,,,-79.889653000,-26.965149000,-0.750207551389,ZONE_04_S_CURVE
COMMON_1,,375,37.2887367691,127.1067467642,56.581245824,57.859101069,1,5,2,NONE,,,-79.963454000,-26.742509000,-0.773324018259,ZONE_04_S_CURVE
COMMON_1,,376,37.2887389358,127.1067459308,56.761745364,57.682908491,1,5,2,NONE,,,-80.037264000,-26.501312000,-0.873953134973,ZONE_04_S_CURVE
COMMON_1,,377,37.2887409358,127.1067454308,56.907434752,57.508827601,1,5,2,NONE,,,-80.081547000,-26.278672000,-0.888711602637,ZONE_04_S_CURVE
COMMON_1,,378,37.2887431024,127.1067449308,57.062022921,57.318475087,1,5,2,NONE,,,-80.125829000,-26.037486000,-0.893761139232,ZONE_04_S_CURVE
COMMON_1,,379,37.2887451085,127.1067444810,57.204137487,57.141664984,1,5,2,NONE,,,-80.165666000,-25.814167000,-0.854180232073,ZONE_04_S_CURVE
COMMON_1,,380,37.2887471024,127.1067439308,57.353401697,56.970313308,1,5,2,NONE,,,-80.214395000,-25.592206000,-0.830243168085,ZONE_04_S_CURVE
COMMON_1,,381,37.2887492691,127.1067432642,57.520940295,56.787031617,1,5,2,NONE,,,-80.273432000,-25.351009000,-0.907709375026,ZONE_04_S_CURVE
COMMON_1,,382,37.2887512170,127.1067428626,57.656200422,56.613857236,1,5,2,NONE,,,-80.309000000,-25.134169000,-0.967874606477,ZONE_04_S_CURVE
COMMON_1,,383,37.2887532691,127.1067425975,57.786419997,56.424704090,1,5,2,NONE,,,-80.332478000,-24.905729000,-1.070290364340,ZONE_04_S_CURVE
COMMON_1,,384,37.2887554358,127.1067425975,57.902163081,56.213092344,1,5,2,NONE,,,-80.332478000,-24.664532000,-1.136502275692,ZONE_04_S_CURVE
COMMON_1,,385,37.2887574358,127.1067427642,57.996049058,56.010677080,1,5,2,NONE,,,-80.317715000,-24.441892000,-1.070290364340,ZONE_04_S_CURVE
COMMON_1,,386,37.2887594358,127.1067427642,58.102887204,55.815346129,1,5,2,NONE,,,-80.317715000,-24.219252000,-1.122216185116,ZONE_04_S_CURVE
COMMON_1,,387,37.2887615177,127.1067429002,58.203532761,55.606236443,1,5,2,NONE,,,-80.305670000,-23.987495000,-1.145445117915,ZONE_04_S_CURVE
COMMON_1,,388,37.2887636024,127.1067430975,58.299564959,55.394247815,1,5,2,NONE,,,-80.288196000,-23.755426000,-1.251865036595,ZONE_04_S_CURVE
COMMON_1,,389,37.2887657691,127.1067435975,58.376456801,55.161386007,1,5,2,NONE,,,-80.243913000,-23.514229000,-1.251861025799,ZONE_04_S_CURVE
COMMON_1,,390,37.2887679358,127.1067440975,58.453349521,54.928524680,1,5,2,NONE,,,-80.199631000,-23.273032000,-1.202107779160,ZONE_04_S_CURVE
COMMON_1,,391,37.2887699358,127.1067444308,58.534289471,54.719028461,1,5,2,NONE,,,-80.170112000,-23.050392000,-1.192112460029,ZONE_04_S_CURVE
COMMON_1,,392,37.2887721024,127.1067447642,58.624121184,54.493256779,1,5,2,NONE,,,-80.140584000,-22.809206000,-1.202103365195,ZONE_04_S_CURVE
COMMON_1,,393,37.2887741024,127.1067450975,58.705062011,54.283761040,1,5,2,NONE,,,-80.111066000,-22.586566000,-1.310376676613,ZONE_04_S_CURVE
COMMON_1,,394,37.2887762691,127.1067457642,58.769000808,54.043814439,1,5,2,NONE,,,-80.052019000,-22.345369000,-1.310337560594,ZONE_04_S_CURVE
COMMON_1,,395,37.2887784358,127.1067464308,58.832948377,53.803872637,1,5,2,NONE,,,-79.992982000,-22.104172000,-1.310383298753,ZONE_04_S_CURVE
COMMON_1,,396,37.2887806024,127.1067470975,58.896882772,53.563936167,1,5,2,NONE,,,-79.933936000,-21.862986000,-1.266627593706,ZONE_04_S_CURVE
COMMON_1,,397,37.2887826024,127.1067475975,58.964869676,53.347355155,1,5,2,NONE,,,-79.889653000,-21.640346000,-1.251865036595,ZONE_04_S_CURVE
COMMON_1,,398,37.2887847691,127.1067480975,59.041761518,53.114493347,1,5,2,NONE,,,-79.845370000,-21.399149000,-1.367222591240,ZONE_04_S_CURVE
COMMON_1,,399,37.2887869358,127.1067489308,59.092756042,52.867466752,1,5,2,NONE,,,-79.771569000,-21.157952000,-1.390409598813,ZONE_04_S_CURVE
COMMON_1,,400,37.2887889358,127.1067497642,59.134837731,52.636716633,1,5,2,NONE,,,-79.697759000,-20.935312000,-1.422210687843,ZONE_04_S_CURVE
COMMON_1,,401,37.2887911024,127.1067507642,59.172873931,52.382614895,1,5,2,NONE,,,-79.609194000,-20.694126000,-1.367222591240,ZONE_04_S_CURVE
COMMON_1,,402,37.2887932691,127.1067515975,59.223868454,52.135588299,1,5,2,NONE,,,-79.535393000,-20.452929000,-1.329535014236,ZONE_04_S_CURVE
COMMON_1,,403,37.2887952691,127.1067522642,59.278902312,51.911922494,1,5,2,NONE,,,-79.476346000,-20.230289000,-1.367222591240,ZONE_04_S_CURVE
COMMON_1,,404,37.2887974358,127.1067530975,59.329896836,51.664895899,1,5,2,NONE,,,-79.402545000,-19.989092000,-1.479730374682,ZONE_04_S_CURVE
COMMON_1,,405,37.2887992691,127.1067540975,59.350128437,51.443346102,1,5,2,NONE,,,-79.313980000,-19.785009000,-1.515649571584,ZONE_04_S_CURVE
COMMON_1,,406,37.2888009358,127.1067550975,59.361460378,51.238067451,1,5,2,NONE,,,-79.225415000,-19.599472000,-1.569886860684,ZONE_04_S_CURVE
COMMON_1,,407,37.2888022938,127.1067560291,59.361617009,51.065844756,1,5,2,NONE,,,-79.142908000,-19.448299000,-1.654154800123,ZONE_04_S_CURVE
COMMON_1,,408,37.2888037365,127.1067572272,59.345589996,50.874024142,1,5,2,NONE,,,-79.036798000,-19.287698000,-1.759923866727,ZONE_04_S_CURVE
COMMON_1,,409,37.2888062354,127.1067598176,59.277800697,50.519876308,1,5,2,NONE,,,-78.807379000,-19.009520000,-1.966346118686,ZONE_04_S_CURVE
COMMON_1,,410,37.2888086055,127.1067635414,59.115063172,50.130139350,1,6,2,NONE,,,-78.477580000,-18.745681000,-2.148159521905,ZONE_04_S_CURVE
COMMON_1,,411,37.2888097691,127.1067662642,58.965655503,49.900777630,1,6,2,NONE,,,-78.236435000,-18.616149000,-2.131148723916,ZONE_04_S_CURVE
COMMON_1,,412,37.2888105891,127.1067681071,58.866263525,49.742369034,1,6,2,NONE,,,-78.073219000,-18.524866000,-2.177441486922,ZONE_04_S_CURVE
COMMON_1,,413,37.2888113362,127.1067699852,58.760240503,49.589584215,1,6,2,NONE,,,-77.906884000,-18.441699000,-2.254727558443,ZONE_04_S_CURVE
COMMON_1,,414,37.2888119545,127.1067718956,58.644828798,49.448006748,1,6,2,NONE,,,-77.737690000,-18.372870000,-2.286844075985,ZONE_04_S_CURVE
COMMON_1,,415,37.2888126024,127.1067740975,58.508347101,49.291149175,1,6,2,NONE,,,-77.542678000,-18.300746000,-2.377984887759,ZONE_04_S_CURVE
COMMON_1,,416,37.2888131024,127.1067764308,58.353755229,49.143151885,1,6,2,NONE,,,-77.336029000,-18.245086000,-2.377994609287,ZONE_04_S_CURVE
COMMON_1,,417,37.2888136024,127.1067787642,58.199156338,48.995150756,1,6,2,NONE,,,-77.129372000,-18.189426000,-2.377984887759,ZONE_04_S_CURVE
COMMON_1,,418,37.2888141024,127.1067810975,58.044564466,48.847153466,1,6,2,NONE,,,-76.922723000,-18.133766000,-2.361590235142,ZONE_04_S_CURVE
COMMON_1,,419,37.2888146852,127.1067836498,57.877378667,48.681762185,1,6,2,NONE,,,-76.696678000,-18.068889000,-2.430037777672,ZONE_04_S_CURVE
COMMON_1,,420,37.2888151024,127.1067860975,57.709474630,48.536989299,1,6,2,NONE,,,-76.479897000,-18.022446000,-2.475006545741,ZONE_04_S_CURVE
COMMON_1,,421,37.2888154358,127.1067885975,57.533030930,48.398178841,1,6,2,NONE,,,-76.258485000,-17.985332000,-2.394804528950,ZONE_04_S_CURVE
COMMON_1,,422,37.2888159358,127.1067910975,57.365486012,48.243096757,1,6,2,NONE,,,-76.037072000,-17.929672000,-2.475055605655,ZONE_04_S_CURVE
COMMON_1,,423,37.2888162691,127.1067935975,57.189036155,48.104295470,1,6,2,NONE,,,-75.815659000,-17.892569000,-2.539789058886,ZONE_04_S_CURVE
COMMON_1,,424,37.2888164885,127.1067963106,56.989943998,47.967561398,1,6,2,NONE,,,-75.575373000,-17.868145000,-2.534821031442,ZONE_04_S_CURVE
COMMON_1,,425,37.2888166946,127.1067987392,56.812247487,47.844217938,1,6,2,NONE,,,-75.360284000,-17.845202000,-2.524709246199,ZONE_04_S_CURVE
COMMON_1,,426,37.2888169265,127.1068012325,56.630902004,47.715605106,1,6,2,NONE,,,-75.139465000,-17.819387000,-2.636755739370,ZONE_04_S_CURVE
COMMON_1,,427,37.2888169358,127.1068039308,56.421735494,47.600019765,1,6,2,NONE,,,-74.900489000,-17.818352000,-2.641086691135,ZONE_04_S_CURVE
COMMON_1,,428,37.2888169358,127.1068064308,56.227481917,47.493770899,1,6,2,NONE,,,-74.679077000,-17.818352000,-2.641086691135,ZONE_04_S_CURVE
COMMON_1,,429,37.2888169358,127.1068089308,56.033227462,47.387521553,1,6,2,NONE,,,-74.457664000,-17.818352000,-2.620928408603,ZONE_04_S_CURVE
COMMON_1,,430,37.2888169780,127.1068115619,55.831040641,47.271578700,1,6,2,NONE,,,-74.224640000,-17.813654000,-2.730574703399,ZONE_04_S_CURVE
COMMON_1,,431,37.2888167977,127.1068140876,55.625158778,47.181846740,1,6,2,NONE,,,-74.000952000,-17.833725000,-2.738581280018,ZONE_04_S_CURVE
COMMON_1,,432,37.2888166024,127.1068165975,55.419702053,47.094250795,1,6,2,NONE,,,-73.778662000,-17.855466000,-2.807117776614,ZONE_04_S_CURVE
COMMON_1,,433,37.2888162691,127.1068190975,55.207643001,47.020553390,1,6,2,NONE,,,-73.557249000,-17.892569000,-2.796912036536,ZONE_04_S_CURVE
COMMON_1,,434,37.2888159358,127.1068217642,54.982631780,46.939771672,1,6,2,NONE,,,-73.321073000,-17.929672000,-2.724702972071,ZONE_04_S_CURVE
COMMON_1,,435,37.2888157691,127.1068242642,54.779472387,46.849803123,1,6,2,NONE,,,-73.099660000,-17.948229000,-2.724702972071,ZONE_04_S_CURVE
COMMON_1,,436,37.2888156024,127.1068267642,54.576312994,46.759834573,1,6,2,NONE,,,-72.878247000,-17.966786000,-2.818740677916,ZONE_04_S_CURVE
COMMON_1,,437,37.2888152691,127.1068290975,54.377207865,46.693222442,1,6,2,NONE,,,-72.671599000,-18.003889000,-2.796911387383,ZONE_04_S_CURVE
COMMON_1,,438,37.2888149358,127.1068317642,54.152195766,46.612440244,1,6,2,NONE,,,-72.435422000,-18.040992000,-2.807166100154,ZONE_04_S_CURVE
COMMON_1,,439,37.2888146024,127.1068342642,53.940131435,46.538752491,1,6,2,NONE,,,-72.214009000,-18.078106000,-2.796917879159,ZONE_04_S_CURVE
COMMON_1,,440,37.2888142691,127.1068369308,53.715128110,46.457975092,1,6,2,NONE,,,-71.977842000,-18.115209000,-2.719498021790,ZONE_04_S_CURVE
COMMON_1,,441,37.2888141024,127.1068395975,53.499015671,46.360921749,1,6,2,NONE,,,-71.741665000,-18.133766000,-2.794206212555,ZONE_04_S_CURVE
COMMON_1,,442,37.2888137836,127.1068421940,53.280233382,46.281707353,1,6,2,NONE,,,-71.511706000,-18.169255000,-2.809561814079,ZONE_04_S_CURVE
COMMON_1,,443,37.2888134358,127.1068447642,53.061945398,46.206442627,1,6,2,NONE,,,-71.284076000,-18.207972000,-2.872542668394,ZONE_04_S_CURVE
COMMON_1,,444,37.2888129358,127.1068474308,52.828036257,46.141945544,1,6,2,NONE,,,-71.047908000,-18.263632000,-2.891756585981,ZONE_04_S_CURVE
COMMON_1,,445,37.2888123667,127.1068502244,52.580568518,46.078799867,1,6,2,NONE,,,-70.800493000,-18.326984000,-2.851189449419,ZONE_04_S_CURVE
COMMON_1,,446,37.2888119358,127.1068527642,52.360203060,46.012943221,1,6,2,NONE,,,-70.575555000,-18.374952000,-2.821756810201,ZONE_04_S_CURVE
COMMON_1,,447,37.2888114908,127.1068558263,52.098501577,45.926265797,1,6,2,NONE,,,-70.304360000,-18.424489000,-2.838724502062,ZONE_04_S_CURVE
COMMON_1,,448,37.2888111024,127.1068582642,51.888324374,45.860589278,1,6,2,NONE,,,-70.088447000,-18.467726000,-2.928614778568,ZONE_04_S_CURVE
COMMON_1,,449,37.2888104358,127.1068610975,51.632563405,45.805279027,1,6,2,NONE,,,-69.837516000,-18.541932000,-3.037871831569,ZONE_04_S_CURVE
COMMON_1,,450,37.2888096024,127.1068635975,51.393789537,45.780424011,1,6,2,NONE,,,-69.616103000,-18.634706000,-2.964469051462,ZONE_04_S_CURVE
COMMON_1,,451,37.2888089358,127.1068660975,51.163925887,45.739278548,1,6,2,NONE,,,-69.394690000,-18.708912000,-2.872535105283,ZONE_04_S_CURVE
COMMON_1,,452,37.2888084358,127.1068687642,50.930009727,45.674777626,1,6,2,NONE,,,-69.158514000,-18.764572000,-2.887368853319,ZONE_04_S_CURVE
COMMON_1,,453,37.2888079358,127.1068712642,50.709045736,45.617361018,1,6,2,NONE,,,-68.937101000,-18.820232000,-2.964525964169,ZONE_04_S_CURVE
COMMON_1,,454,37.2888072691,127.1068737641,50.479184703,45.576229525,1,6,2,NONE,,,-68.715697000,-18.894449000,-3.037816692696,ZONE_04_S_CURVE
COMMON_1,,455,37.2888064358,127.1068762642,50.240409095,45.551361019,1,6,2,NONE,,,-68.494276000,-18.987212000,-3.009875185617,ZONE_04_S_CURVE
COMMON_1,,456,37.2888055913,127.1068790108,49.981881006,45.517110045,1,6,2,NONE,,,-68.251023000,-19.081222000,-2.990906439622,ZONE_04_S_CURVE
COMMON_1,,457,37.2888048958,127.1068814070,49.758539001,45.483198425,1,6,2,NONE,,,-68.038803000,-19.158645000,-2.943632450897,ZONE_04_S_CURVE
COMMON_1,,458,37.2888042691,127.1068839307,49.528966271,45.437149053,1,6,2,NONE,,,-67.815292000,-19.228409000,-2.964501466462,ZONE_04_S_CURVE
COMMON_1,,459,37.2888036024,127.1068864308,49.299089446,45.396008922,1,6,2,NONE,,,-67.593870000,-19.302626000,-2.964469051462,ZONE_04_S_CURVE
COMMON_1,,460,37.2888029358,127.1068889308,49.069225795,45.354863459,1,6,2,NONE,,,-67.372457000,-19.376832000,-3.015398691016,ZONE_04_S_CURVE
COMMON_1,,461,37.2888021024,127.1068915974,48.817507655,45.322928448,1,6,2,NONE,,,-67.136290000,-19.469606000,-2.942333953946,ZONE_04_S_CURVE
COMMON_1,,462,37.2888014437,127.1068942621,48.575268533,45.274011070,1,6,2,NONE,,,-66.900290000,-19.542932000,-2.948741062952,ZONE_04_S_CURVE
COMMON_1,,463,37.2888007691,127.1068969307,48.331876880,45.226481905,1,6,2,NONE,,,-66.663945000,-19.618029000,-2.859351393913,ZONE_04_S_CURVE
COMMON_1,,464,37.2888002691,127.1068997642,48.084999778,45.154891872,1,6,2,NONE,,,-66.412996000,-19.673689000,-2.964525964169,ZONE_04_S_CURVE
COMMON_1,,465,37.2887996024,127.1069022641,47.855138745,45.113760378,1,6,2,NONE,,,-66.191592000,-19.747906000,-3.015358339931,ZONE_04_S_CURVE
COMMON_1,,466,37.2887987691,127.1069049307,47.603425883,45.081815717,1,6,2,NONE,,,-65.955425000,-19.840669000,-3.037815083134,ZONE_04_S_CURVE
COMMON_1,,467,37.2887979358,127.1069074308,47.364649398,45.056946732,1,6,2,NONE,,,-65.734003000,-19.933432000,-2.945570928904,ZONE_04_S_CURVE
COMMON_1,,468,37.2887972691,127.1069100974,47.121836196,45.008730925,1,6,2,NONE,,,-65.497836000,-20.007649000,-2.872534159929,ZONE_04_S_CURVE
COMMON_1,,469,37.2887967691,127.1069127641,46.887919160,44.944229523,1,6,2,NONE,,,-65.261659000,-20.063309000,-2.945569717856,ZONE_04_S_CURVE
COMMON_1,,470,37.2887961024,127.1069154307,46.645105080,44.896013237,1,6,2,NONE,,,-65.025491000,-20.137526000,-3.015345372523,ZONE_04_S_CURVE
COMMON_1,,471,37.2887952691,127.1069180974,46.393384323,44.864064257,1,6,2,NONE,,,-64.789315000,-20.230289000,-2.945558818837,ZONE_04_S_CURVE
COMMON_1,,472,37.2887946024,127.1069207641,46.150562348,44.815843651,1,6,2,NONE,,,-64.553138000,-20.304506000,-3.015358339931,ZONE_04_S_CURVE
COMMON_1,,473,37.2887937691,127.1069234307,45.898849486,44.783898990,1,6,2,NONE,,,-64.316971000,-20.397269000,-2.921450226453,ZONE_04_S_CURVE
COMMON_1,,474,37.2887931742,127.1069260275,45.665294719,44.731636679,1,6,2,NONE,,,-64.086985000,-20.463493000,-2.840790657943,ZONE_04_S_CURVE
COMMON_1,,475,37.2887927362,127.1069287475,45.430548697,44.658814893,1,6,2,NONE,,,-63.846088000,-20.512251000,-2.929698102272,ZONE_04_S_CURVE
COMMON_1,,476,37.2887921024,127.1069314307,45.188202211,44.606680380,1,6,2,NONE,,,-63.608450000,-20.582806000,-3.015345372523,ZONE_04_S_CURVE
COMMON_1,,477,37.2887912691,127.1069340974,44.936481453,44.574731400,1,6,2,NONE,,,-63.372274000,-20.675569000,-3.037829569636,ZONE_04_S_CURVE
COMMON_1,,478,37.2887904358,127.1069365974,44.697712864,44.549866733,1,6,2,NONE,,,-63.150861000,-20.768332000,-2.988230030895,ZONE_04_S_CURVE
COMMON_1,,479,37.2887897221,127.1069390769,44.466926507,44.514192606,1,6,2,NONE,,,-62.931264000,-20.847781000,-2.945301708683,ZONE_04_S_CURVE
COMMON_1,,480,37.2887890265,127.1069418617,44.213384694,44.463775448,1,6,2,NONE,,,-62.684628000,-20.925215000,-2.975970475788,ZONE_04_S_CURVE
COMMON_1,,481,37.2887882691,127.1069445974,43.960356052,44.421480861,1,6,2,NONE,,,-62.442340000,-21.009529000,-3.037829569636,ZONE_04_S_CURVE
COMMON_1,,482,37.2887874358,127.1069470974,43.721587463,44.396616194,1,6,2,NONE,,,-62.220927000,-21.102292000,-3.015385722482,ZONE_04_S_CURVE
COMMON_1,,483,37.2887866024,127.1069497641,43.469861427,44.364676865,1,6,2,NONE,,,-61.984751000,-21.195066000,-3.015356899066,ZONE_04_S_CURVE
COMMON_1,,484,37.2887857691,127.1069524307,43.218147688,44.332731724,1,6,2,NONE,,,-61.748583000,-21.287829000,-2.928645335082,ZONE_04_S_CURVE
COMMON_1,,485,37.2887851024,127.1069552641,42.962373544,44.277426805,1,6,2,NONE,,,-61.497643000,-21.362046000,-2.945527326622,ZONE_04_S_CURVE
COMMON_1,,486,37.2887844358,127.1069579307,42.719564744,44.229200868,1,6,2,NONE,,,-61.261475000,-21.436252000,-3.015385722482,ZONE_04_S_CURVE
COMMON_1,,487,37.2887836024,127.1069605974,42.467838707,44.197261538,1,6,2,NONE,,,-61.025299000,-21.529026000,-2.995179708378,ZONE_04_S_CURVE
COMMON_1,,488,37.2887827691,127.1069634307,42.203171923,44.158231604,1,6,2,NONE,,,-60.774367000,-21.621789000,-3.081547349065,ZONE_04_S_CURVE
COMMON_1,,489,37.2887817691,127.1069660974,41.942546227,44.142563420,1,6,2,NONE,,,-60.538191000,-21.733109000,-2.945558818837,ZONE_04_S_CURVE
COMMON_1,,490,37.2887811024,127.1069687641,41.699724252,44.094342814,1,6,2,NONE,,,-60.302014000,-21.807326000,-2.928614778568,ZONE_04_S_CURVE
COMMON_1,,491,37.2887804358,127.1069715974,41.443963282,44.039032563,1,6,2,NONE,,,-60.051083000,-21.881532000,-2.964513714867,ZONE_04_S_CURVE
COMMON_1,,492,37.2887797691,127.1069740974,41.214094353,43.997896751,1,6,2,NONE,,,-59.829670000,-21.955749000,-3.058628982145,ZONE_04_S_CURVE
COMMON_1,,493,37.2887787691,127.1069769307,40.940523507,43.975148093,1,6,2,NONE,,,-59.578739000,-22.067069000,-3.037829569636,ZONE_04_S_CURVE
COMMON_1,,494,37.2887779358,127.1069794307,40.701754918,43.950283426,1,6,2,NONE,,,-59.357326000,-22.159832000,-2.945560029802,ZONE_04_S_CURVE
COMMON_1,,495,37.2887772691,127.1069820974,40.458933820,43.902063301,1,6,2,NONE,,,-59.121150000,-22.234049000,-3.015343931753,ZONE_04_S_CURVE
COMMON_1,,496,37.2887764358,127.1069847641,40.207212185,43.870113841,1,6,2,NONE,,,-58.884973000,-22.326812000,-3.015397250025,ZONE_04_S_CURVE
COMMON_1,,497,37.2887756024,127.1069874307,39.955493168,43.838178350,1,6,2,NONE,,,-58.648805000,-22.419586000,-3.081547349065,ZONE_04_S_CURVE
COMMON_1,,498,37.2887746024,127.1069900974,39.694867472,43.822510166,1,6,2,NONE,,,-58.412629000,-22.530906000,-3.081545716124,ZONE_04_S_CURVE
COMMON_1,,499,37.2887736024,127.1069927641,39.434240899,43.806841502,1,6,2,NONE,,,-58.176452000,-22.642226000,-3.106950326998,ZONE_04_S_CURVE
COMMON_1,,500,37.2887726024,127.1069952641,39.186568249,43.798258111,1,6,2,NONE,,,-57.955040000,-22.753546000,-3.015356899066,ZONE_04_S_CURVE
COMMON_1,,501,37.2887717691,127.1069979307,38.934854510,43.766312970,1,6,2,NONE,,,-57.718872000,-22.846309000,-2.945558818837,ZONE_04_S_CURVE
COMMON_1,,502,37.2887711024,127.1070005974,38.692032535,43.718092365,1,6,2,NONE,,,-57.482695000,-22.920526000,-3.063020295624,ZONE_04_S_CURVE
COMMON_1,,503,37.2887702691,127.1070029307,38.466217869,43.700312971,1,6,2,NONE,,,-57.276047000,-23.013289000,-3.081545716124,ZONE_04_S_CURVE
COMMON_1,,504,37.2887692691,127.1070055974,38.205591296,43.684644307,1,6,2,NONE,,,-57.039870000,-23.124609000,-3.015345372523,ZONE_04_S_CURVE
COMMON_1,,505,37.2887684358,127.1070082641,37.953870538,43.652695327,1,6,2,NONE,,,-56.803694000,-23.217372000,-3.106948514431,ZONE_04_S_CURVE
COMMON_1,,506,37.2887674358,127.1070107641,37.706197011,43.644111457,1,6,2,NONE,,,-56.582281000,-23.328692000,-3.015397250025,ZONE_04_S_CURVE
COMMON_1,,507,37.2887666024,127.1070134307,37.454477993,43.612175966,1,6,2,NONE,,,-56.346113000,-23.421466000,-3.015345372523,ZONE_04_S_CURVE
COMMON_1,,508,37.2887657691,127.1070160974,37.202757236,43.580226986,1,6,2,NONE,,,-56.109937000,-23.514229000,-3.106948514430,ZONE_04_S_CURVE
COMMON_1,,509,37.2887647691,127.1070185974,36.955083708,43.571643116,1,6,2,NONE,,,-55.888524000,-23.625549000,-3.106948514431,ZONE_04_S_CURVE
COMMON_1,,510,37.2887637691,127.1070210974,36.707410181,43.563059245,1,6,2,NONE,,,-55.667111000,-23.736869000,-3.081547349065,ZONE_04_S_CURVE
COMMON_1,,511,37.2887627691,127.1070237641,36.446784485,43.547391061,1,6,2,NONE,,,-55.430935000,-23.848189000,-3.037829569636,ZONE_04_S_CURVE
COMMON_1,,512,37.2887619358,127.1070262641,36.208015896,43.522526394,1,6,2,NONE,,,-55.209522000,-23.940952000,-3.045676371802,ZONE_04_S_CURVE
COMMON_1,,513,37.2887610951,127.1070287318,35.971361964,43.499757562,1,6,2,NONE,,,-54.990970000,-24.034539000,-3.008319396074,ZONE_04_S_CURVE
COMMON_1,,514,37.2887602691,127.1070314307,35.717529167,43.465726717,1,6,2,NONE,,,-54.751942000,-24.126489000,-3.106948514431,ZONE_04_S_CURVE
COMMON_1,,515,37.2887592691,127.1070339307,35.469855640,43.457142846,1,6,2,NONE,,,-54.530529000,-24.237809000,-3.106948514431,ZONE_04_S_CURVE
COMMON_1,,516,37.2887582691,127.1070364307,35.222182112,43.448558976,1,6,2,NONE,,,-54.309116000,-24.349129000,-3.063002216846,ZONE_04_S_CURVE
COMMON_1,,517,37.2887574358,127.1070387641,34.996358673,43.430774783,1,6,2,NONE,,,-54.102458000,-24.441892000,-3.037873441376,ZONE_04_S_CURVE
COMMON_1,,518,37.2887566024,127.1070412641,34.757585683,43.405920247,1,6,2,NONE,,,-53.881046000,-24.534666000,-3.037829569636,ZONE_04_S_CURVE
COMMON_1,,519,37.2887557691,127.1070437641,34.518817094,43.381055581,1,6,2,NONE,,,-53.659633000,-24.627429000,-3.135206091646,ZONE_04_S_CURVE
COMMON_1,,520,37.2887547691,127.1070460974,34.284096613,43.379556503,1,6,2,NONE,,,-53.452984000,-24.738749000,-3.135206091646,ZONE_04_S_CURVE
COMMON_1,,521,37.2887537691,127.1070484307,34.049376131,43.378057426,1,6,2,NONE,,,-53.246335000,-24.850069000,-3.106948514430,ZONE_04_S_CURVE
COMMON_1,,522,37.2887527691,127.1070509307,33.801702604,43.369473556,1,6,2,NONE,,,-53.024922000,-24.961389000,-3.063004024658,ZONE_04_S_CURVE
COMMON_1,,523,37.2887519358,127.1070532641,33.575880042,43.351689843,1,6,2,NONE,,,-52.818265000,-25.054152000,-2.964513714868,ZONE_04_S_CURVE
COMMON_1,,524,37.2887512691,127.1070557641,33.346011113,43.310554031,1,6,2,NONE,,,-52.596852000,-25.128369000,-3.050073799151,ZONE_04_S_CURVE
COMMON_1,,525,37.2887505042,127.1070579823,33.132792899,43.290985882,1,6,2,NONE,,,-52.400397000,-25.213518000,-3.102134041213,ZONE_04_S_CURVE
COMMON_1,,526,37.2887496024,127.1070602641,32.907319898,43.282084410,1,6,2,NONE,,,-52.198309000,-25.313906000,-3.010093688434,ZONE_04_S_CURVE
COMMON_1,,527,37.2887489358,127.1070624307,32.703362340,43.255108533,1,6,2,NONE,,,-52.006424000,-25.388112000,-3.037862071111,ZONE_04_S_CURVE
COMMON_1,,528,37.2887482691,127.1070644307,32.512344652,43.235222782,1,6,2,NONE,,,-51.829294000,-25.462329000,-3.001976414830,ZONE_04_S_CURVE
COMMON_1,,529,37.2887476990,127.1070663293,32.334365994,43.210211346,1,6,2,NONE,,,-51.661144000,-25.525792000,-3.025281943111,ZONE_04_S_CURVE
COMMON_1,,530,37.2887471551,127.1070680203,32.173918283,43.191464948,1,6,2,NONE,,,-51.511381000,-25.586339000,-3.061278786147,ZONE_04_S_CURVE
COMMON_1,,531,37.2887465540,127.1070697113,32.010413886,43.178304970,1,6,2,NONE,,,-51.361617000,-25.653254000,3.141122046339,ZONE_04_S_CURVE
COMMON_1,,532,37.2887458957,127.1070712224,31.857832816,43.178376776,1,6,2,NONE,,,-51.227786000,-25.726536000,3.122937212730,ZONE_04_S_CURVE
COMMON_1,,533,37.2887452087,127.1070727335,31.703719440,43.181252162,1,6,2,NONE,,,-51.093956000,-25.803013000,3.112497337273,ZONE_04_S_CURVE
COMMON_1,,534,37.2887445217,127.1070742086,31.552402626,43.185656016,1,6,2,NONE,,,-50.963313000,-25.879489000,3.122990679841,ZONE_04_S_CURVE
COMMON_1,,535,37.2887434358,127.1070765974,31.308781027,43.190188381,1,6,2,NONE,,,-50.751749000,-26.000372000,3.112118467238,ZONE_04_S_CURVE
COMMON_1,,536,37.2887426039,127.1070783821,31.125667657,43.195587062,1,6,2,NONE,,,-50.593687000,-26.092979000,3.076615720755,ZONE_04_S_CURVE
COMMON_1,,537,37.2887416593,127.1070802530,30.929836230,43.208329525,1,6,2,NONE,,,-50.427991000,-26.198132000,2.972362798703,ZONE_04_S_CURVE
COMMON_1,,538,37.2887406024,127.1070819307,30.743017241,43.240250182,1,6,2,NONE,,,-50.279405000,-26.315786000,2.995953659183,ZONE_04_S_CURVE
COMMON_1,,539,37.2887396024,127.1070835974,30.560092274,43.267081160,1,6,2,NONE,,,-50.131793000,-26.427106000,3.071190090779,ZONE_04_S_CURVE
COMMON_1,,540,37.2887386824,127.1070853979,30.371045425,43.280412576,1,6,2,NONE,,,-49.972332000,-26.529520000,2.999284991740,ZONE_04_S_CURVE
COMMON_1,,541,37.2887377691,127.1070869307,30.203156052,43.304467120,1,6,2,NONE,,,-49.836579000,-26.631189000,3.032535047337,ZONE_04_S_CURVE
COMMON_1,,542,37.2887369358,127.1070884307,30.042089947,43.322102575,1,6,2,NONE,,,-49.703732000,-26.723952000,3.033351763745,ZONE_04_S_CURVE
COMMON_1,,543,37.2887361635,127.1070898233,29.892627015,43.338344054,1,6,2,NONE,,,-49.580396000,-26.809924000,3.105935513215,ZONE_04_S_CURVE
COMMON_1,,544,37.2887354840,127.1070912606,29.744647746,43.343622809,1,6,2,NONE,,,-49.453101000,-26.885566000,-3.128929507070,ZONE_04_S_CURVE
COMMON_1,,545,37.2887345556,127.1070934598,29.524171990,43.340830743,1,6,2,NONE,,,-49.258329000,-26.988916000,-3.069841446953,ZONE_04_S_CURVE
COMMON_1,,546,37.2887339843,127.1070950307,29.371592064,43.329864123,1,6,2,NONE,,,-49.119202000,-27.052513000,-3.065954962574,ZONE_04_S_CURVE
COMMON_1,,547,37.2887333058,127.1070969157,29.188880015,43.316017791,1,6,2,NONE,,,-48.952257000,-27.128043000,-3.010438334981,ZONE_04_S_CURVE
COMMON_1,,548,37.2887328773,127.1070983070,29.057883063,43.298737780,1,6,2,NONE,,,-48.829036000,-27.175744000,-2.988124225281,ZONE_04_S_CURVE
COMMON_1,,549,37.2887322703,127.1071004165,28.861546146,43.268367454,1,6,2,NONE,,,-48.642208000,-27.243315000,-2.937657001388,ZONE_04_S_CURVE
COMMON_1,,550,37.2887318775,127.1071020322,28.715020820,43.238064449,1,6,2,NONE,,,-48.499114000,-27.287042000,-3.013150943172,ZONE_04_S_CURVE
COMMON_1,,551,37.2887313062,127.1071038723,28.541523356,43.215656780,1,6,2,NONE,,,-48.336145000,-27.350639000,-3.016360113722,ZONE_04_S_CURVE
COMMON_1,,552,37.2887308420,127.1071053534,28.401641919,43.198046916,1,6,2,NONE,,,-48.204971000,-27.402314000,-3.016356114122,ZONE_04_S_CURVE
COMMON_1,,553,37.2887303778,127.1071068345,28.261761838,43.180436655,1,6,2,NONE,,,-48.073798000,-27.453988000,-3.067704419921,ZONE_04_S_CURVE
COMMON_1,,554,37.2887298422,127.1071083156,28.118066398,43.169799889,1,6,2,STOP_LINE,,,-47.942624000,-27.513611000,-3.039602625413,ZONE_04_S_CURVE
COMMON_1,,555,37.2887292708,127.1071100211,27.955027223,43.153113622,1,6,2,NONE,,,-47.791576000,-27.577209000,-3.055605652857,ZONE_04_S_CURVE
COMMON_1,,556,37.2887286024,127.1071119307,27.770937545,43.137245174,1,6,2,NONE,,,-47.622452000,-27.651626000,-3.001672819085,ZONE_04_S_CURVE
COMMON_1,,557,37.2887281024,127.1071135974,27.614722992,43.115243895,1,6,2,NONE,,,-47.474841000,-27.707286000,-3.069770688008,ZONE_04_S_CURVE
COMMON_1,,558,37.2887274358,127.1071154307,27.436663629,43.102433287,1,6,2,NONE,,,-47.312475000,-27.781492000,-3.123560536886,ZONE_04_S_CURVE
COMMON_1,,559,37.2887266024,127.1071174307,27.236740126,43.098827852,1,6,2,NONE,,,-47.135344000,-27.874266000,-3.091372412290,ZONE_04_S_CURVE
COMMON_1,,560,37.2887257691,127.1071195974,27.023869733,43.088128453,1,6,2,NONE,,,-46.943450000,-27.967029000,-3.085198983037,ZONE_04_S_CURVE
COMMON_1,,561,37.2887249900,127.1071216555,26.822334005,43.076751050,1,6,2,NONE,,,-46.761175000,-28.053758000,-2.993162828951,ZONE_04_S_CURVE
COMMON_1,,562,37.2887242758,127.1071240990,26.594317734,43.042655878,1,6,2,NONE,,,-46.544766000,-28.133263000,-2.950793907757,ZONE_04_S_CURVE
COMMON_1,,563,37.2887236410,127.1071265924,26.366666066,42.998685356,1,6,2,NONE,,,-46.323938000,-28.203929000,-3.021568778147,ZONE_04_S_CURVE
COMMON_1,,564,37.2887229269,127.1071288365,26.154148896,42.973055029,1,6,2,NONE,,,-46.125189000,-28.283423000,-3.044561907749,ZONE_04_S_CURVE
COMMON_1,,565,37.2887221024,127.1071312641,25.921476082,42.950407492,1,6,2,NONE,,,-45.910188000,-28.375206000,-3.010093688434,ZONE_04_S_CURVE
COMMON_1,,566,37.2887214358,127.1071334307,25.717518524,42.923431616,1,6,2,NONE,,,-45.718303000,-28.449412000,-2.985871498921,ZONE_04_S_CURVE
COMMON_1,,567,37.2887207691,127.1071357641,25.500594744,42.889376278,1,6,2,NONE,,,-45.511645000,-28.523629000,-2.896741882075,ZONE_04_S_CURVE
COMMON_1,,568,37.2887202290,127.1071383614,25.269928578,42.831741080,1,6,2,NONE,,,-45.281615000,-28.583753000,-3.004763604288,ZONE_04_S_CURVE
COMMON_1,,569,37.2887196024,127.1071404307,25.075667916,42.804993445,1,6,2,NONE,,,-45.098347000,-28.653506000,-2.985825889959,ZONE_04_S_CURVE
COMMON_1,,570,37.2887189358,127.1071427641,24.858750293,42.770928936,1,6,2,NONE,,,-44.891690000,-28.727712000,-2.952738026049,ZONE_04_S_CURVE
COMMON_1,,571,37.2887183643,127.1071449939,24.654961764,42.731978353,1,6,2,NONE,,,-44.694207000,-28.791331000,-3.015542873992,ZONE_04_S_CURVE
COMMON_1,,572,37.2887176024,127.1071474307,24.424918526,42.702826899,1,6,2,NONE,,,-44.478392000,-28.876146000,-2.904177557840,ZONE_04_S_CURVE
COMMON_1,,573,37.2887171024,127.1071497641,24.216899685,42.652490765,1,6,2,NONE,,,-44.271734000,-28.931806000,-2.904188494510,ZONE_04_S_CURVE
COMMON_1,,574,37.2887166024,127.1071520974,24.008888740,42.602158950,1,6,2,NONE,,,-44.065085000,-28.987466000,-3.010077910409,ZONE_04_S_CURVE
COMMON_1,,575,37.2887159358,127.1071542641,23.804923285,42.575178755,1,6,2,NONE,,,-43.873191000,-29.061672000,-3.063062789916,ZONE_04_S_CURVE
COMMON_1,,576,37.2887151024,127.1071565974,23.579102464,42.557408532,1,6,2,NONE,,,-43.666542000,-29.154446000,-3.063018487681,ZONE_04_S_CURVE
COMMON_1,,577,37.2887142691,127.1071589307,23.353286921,42.539628659,1,6,2,NONE,,,-43.459893000,-29.247209000,-3.010127775785,ZONE_04_S_CURVE
COMMON_1,,578,37.2887136024,127.1071610974,23.149316188,42.512658115,1,6,2,NONE,,,-43.267999000,-29.321426000,-2.904188494510,ZONE_04_S_CURVE
COMMON_1,,579,37.2887131024,127.1071634307,22.941305243,42.462326300,1,6,2,NONE,,,-43.061350000,-29.377086000,-2.993197981625,ZONE_04_S_CURVE
COMMON_1,,580,37.2887124130,127.1071657891,22.721227280,42.429426049,1,6,2,NONE,,,-42.852479000,-29.453830000,-2.957130277504,ZONE_04_S_CURVE
COMMON_1,,581,37.2887117691,127.1071682641,22.494518690,42.387125979,1,6,2,NONE,,,-42.633280000,-29.525509000,-2.985885352891,ZONE_04_S_CURVE
COMMON_1,,582,37.2887111024,127.1071705974,22.277602807,42.353074960,1,6,2,NONE,,,-42.426631000,-29.599726000,-3.002138574507,ZONE_04_S_CURVE
COMMON_1,,583,37.2887103896,127.1071729701,22.055163194,42.321852185,1,6,2,NONE,,,-42.216493000,-29.679075000,-2.992494834901,ZONE_04_S_CURVE
COMMON_1,,584,37.2887097691,127.1071750974,21.856721469,42.292043746,1,6,2,NONE,,,-42.028088000,-29.748149000,-2.954811430868,ZONE_04_S_CURVE
COMMON_1,,585,37.2887091597,127.1071774583,21.640722454,42.251223376,1,6,2,NONE,,,-41.818995000,-29.815987000,-3.061299211299,ZONE_04_S_CURVE
COMMON_1,,586,37.2887083265,127.1071798021,21.414096264,42.232987573,1,6,2,NONE,,,-41.611416000,-29.908739000,-3.085504436242,ZONE_04_S_CURVE
COMMON_1,,587,37.2887075330,127.1071818966,21.208961404,42.221469844,1,6,2,NONE,,,-41.425916000,-29.997072000,-3.026378584615,ZONE_04_S_CURVE
COMMON_1,,588,37.2887067691,127.1071842641,20.984196747,42.195458598,1,6,2,NONE,,,-41.216239000,-30.082109000,-3.063018487681,ZONE_04_S_CURVE
COMMON_1,,589,37.2887059358,127.1071865974,20.758381204,42.177678724,1,6,2,NONE,,,-41.009590000,-30.174872000,-3.063062789916,ZONE_04_S_CURVE
COMMON_1,,590,37.2887051024,127.1071889307,20.532560383,42.159908502,1,6,2,NONE,,,-40.802941000,-30.267646000,-3.044104130690,ZONE_04_S_CURVE
COMMON_1,,591,37.2887043590,127.1071911223,20.322557989,42.139370573,1,6,2,NONE,,,-40.608842000,-30.350401000,-3.106880257334,ZONE_04_S_CURVE
COMMON_1,,592,37.2887034358,127.1071934307,20.093874446,42.131429229,1,6,2,NONE,,,-40.404398000,-30.453172000,-3.135187907984,ZONE_04_S_CURVE
COMMON_1,,593,37.2887024358,127.1071957641,19.859146069,42.129925833,1,6,2,NONE,,,-40.197740000,-30.564492000,-3.135206091646,ZONE_04_S_CURVE
COMMON_1,,594,37.2887014358,127.1071980974,19.624425588,42.128426756,1,6,2,NONE,,,-39.991091000,-30.675812000,-3.091418876443,ZONE_04_S_CURVE
COMMON_1,,595,37.2887006024,127.1072002641,19.411549916,42.117737008,1,6,2,NONE,,,-39.799197000,-30.768586000,-3.081562046042,ZONE_04_S_CURVE
COMMON_1,,596,37.2886996024,127.1072029307,19.150932116,42.102073143,1,6,2,NONE,,,-39.563030000,-30.879906000,-3.063002216846,ZONE_04_S_CURVE
COMMON_1,,597,37.2886987691,127.1072052641,18.925108677,42.084288950,1,6,2,NONE,,,-39.356372000,-30.972669000,-3.135206091646,ZONE_04_S_CURVE
COMMON_1,,598,37.2886977691,127.1072075974,18.690388196,42.082789873,1,6,2,NONE,,,-39.149723000,-31.083989000,-3.135206091646,ZONE_04_S_CURVE
COMMON_1,,599,37.2886967691,127.1072099307,18.455667714,42.081290796,1,6,2,NONE,,,-38.943074000,-31.195309000,-3.135187907984,ZONE_04_S_CURVE
COMMON_1,,600,37.2886957691,127.1072122641,18.220939337,42.079787400,1,6,2,NONE,,,-38.736416000,-31.306629000,-3.037831179309,ZONE_04_S_CURVE
COMMON_1,,601,37.2886949358,127.1072147641,17.982171625,42.054923213,1,6,2,NONE,,,-38.515004000,-31.399392000,-3.037871831569,ZONE_04_S_CURVE
COMMON_1,,602,37.2886941024,127.1072172641,17.743397758,42.030068197,1,6,2,NONE,,,-38.293591000,-31.492166000,-3.135206091646,ZONE_04_S_CURVE
COMMON_1,,603,37.2886931024,127.1072195974,17.508677276,42.028569120,1,6,2,NONE,,,-38.086942000,-31.603486000,3.116431066612,ZONE_04_S_CURVE
COMMON_1,,604,37.2886921024,127.1072217641,17.286901945,42.034150517,1,6,2,NONE,,,-37.895048000,-31.714806000,3.116410708875,ZONE_04_S_CURVE
COMMON_1,,605,37.2886911024,127.1072239307,17.065134510,42.039736233,1,6,2,NONE,,,-37.703163000,-31.826126000,-3.091372412290,ZONE_04_S_CURVE
COMMON_1,,606,37.2886902691,127.1072260974,16.852264116,42.029036834,1,6,2,NONE,,,-37.511269000,-31.918889000,-3.037829569636,ZONE_04_S_CURVE
COMMON_1,,607,37.2886894358,127.1072285974,16.613495527,42.004172167,1,6,2,NONE,,,-37.289856000,-32.011652000,-3.091418876443,ZONE_04_S_CURVE
COMMON_1,,608,37.2886886024,127.1072307641,16.400619856,41.993482419,1,6,2,NONE,,,-37.097962000,-32.104426000,3.116410708875,ZONE_04_S_CURVE
COMMON_1,,609,37.2886876024,127.1072329307,16.178852420,41.999068135,1,6,2,NONE,,,-36.906077000,-32.215746000,3.116431066612,ZONE_04_S_CURVE
COMMON_1,,610,37.2886866024,127.1072350974,15.957077089,42.004649532,1,6,2,NONE,,,-36.714183000,-32.327066000,-3.091372412290,ZONE_04_S_CURVE
COMMON_1,,611,37.2886857691,127.1072372641,15.744206696,41.993950133,1,6,2,NONE,,,-36.522289000,-32.419829000,-3.056472295783,ZONE_04_S_CURVE
COMMON_1,,612,37.2886849346,127.1072396423,15.514839027,41.974378985,1,6,2,NONE,,,-36.311664000,-32.512725000,-2.991533242366,ZONE_04_S_CURVE
COMMON_1,,613,37.2886842691,127.1072419307,15.301475269,41.942119241,1,6,2,NONE,,,-36.108991000,-32.586809000,-3.091372412290,ZONE_04_S_CURVE
COMMON_1,,614,37.2886834358,127.1072440974,15.088604876,41.931419842,1,6,2,NONE,,,-35.917097000,-32.679572000,-3.091418876443,ZONE_04_S_CURVE
COMMON_1,,615,37.2886826024,127.1072462641,14.875729205,41.920730094,1,6,2,NONE,,,-35.725203000,-32.772346000,-3.091390790682,ZONE_04_S_CURVE
COMMON_1,,616,37.2886817691,127.1072484307,14.662866708,41.910035014,1,6,2,NONE,,,-35.533318000,-32.865109000,-3.091372412290,ZONE_04_S_CURVE
COMMON_1,,617,37.2886809358,127.1072505974,14.449996314,41.899335615,1,6,2,NONE,,,-35.341424000,-32.957872000,-3.020016542546,ZONE_04_S_CURVE
COMMON_1,,618,37.2886802586,127.1072527502,14.247088822,41.874544648,1,6,2,NONE,,,-35.150761000,-33.033258000,3.136863249703,ZONE_04_S_CURVE->ZONE_05_LONG_CORRIDOR
COMMON_1,,619,37.2886794176,127.1072547799,14.049329141,41.875479940,1,6,2,NONE,,,-34.971001000,-33.126878000,3.066722762050,ZONE_04_S_CURVE->ZONE_05_LONG_CORRIDOR
COMMON_1,,620,37.2886784358,127.1072569307,13.840503485,41.891143974,1,6,2,NONE,,,-34.780515000,-33.236172000,2.949535303581,ZONE_04_S_CURVE->ZONE_05_LONG_CORRIDOR
COMMON_1,,621,37.2886774328,127.1072587545,13.659362138,41.926367657,1,6,2,NONE,,,-34.618990000,-33.347826000,2.969324661932,ZONE_04_S_CURVE->ZONE_05_LONG_CORRIDOR
COMMON_1,,622,37.2886762691,127.1072610974,13.438399969,41.964813429,1,6,2,NONE,,,-34.411491000,-33.477369000,2.983762851115,ZONE_04_S_CURVE->ZONE_05_LONG_CORRIDOR
COMMON_1,,623,37.2886754358,127.1072629307,13.273141274,41.991114932,1,6,2,NONE,,,-34.249125000,-33.570132000,2.868709776261,ZONE_04_S_CURVE->ZONE_05_LONG_CORRIDOR
COMMON_1,,624,37.2886743043,127.1072650125,13.081028380,42.044880475,1,6,2,NONE,,,-34.064750000,-33.696090000,2.797345643929,ZONE_04_S_CURVE->ZONE_05_LONG_CORRIDOR
COMMON_1,,625,37.2886732278,127.1072668307,12.912898586,42.105158795,1,6,2,NONE,,,-33.903721000,-33.815926000,2.717643832355,ZONE_04_S_CURVE->ZONE_05_LONG_CORRIDOR
COMMON_1,,626,37.2886722522,127.1072683106,12.774273708,42.167722596,1,6,2,NONE,,,-33.772653000,-33.924530000,2.618551544592,ZONE_04_S_CURVE->ZONE_05_LONG_CORRIDOR
COMMON_1,,627,37.2886707691,127.1072702641,12.586841556,42.275797278,1,6,2,NONE,,,-33.599641000,-34.089629000,2.583035142215,ZONE_04_S_CURVE->ZONE_05_LONG_CORRIDOR
COMMON_1,,628,37.2886696024,127.1072717641,12.444442468,42.364788430,1,6,2,NONE,,,-33.466794000,-34.219506000,2.487010635892,ZONE_04_S_CURVE->ZONE_05_LONG_CORRIDOR
COMMON_1,,629,37.2886681024,127.1072734307,12.281332172,42.489969015,1,6,2,NONE,,,-33.319191000,-34.386486000,2.412682394582,ZONE_04_S_CURVE->ZONE_05_LONG_CORRIDOR
COMMON_1,,630,37.2886667015,127.1072748223,12.142134019,42.614266972,1,6,2,NONE,,,-33.195944000,-34.542434000,2.312678231423,ZONE_04_S_CURVE->ZONE_05_LONG_CORRIDOR
COMMON_1,,631,37.2886653223,127.1072759639,12.021960104,42.745382993,1,6,2,NONE,,,-33.094838000,-34.695967000,2.218112752870,ZONE_04_S_CURVE->ZONE_05_LONG_CORRIDOR
COMMON_1,,632,37.2886637075,127.1072770633,11.898938735,42.908114285,1,6,2,NONE,,,-32.997470000,-34.875726000,2.149867204883,ZONE_04_S_CURVE->ZONE_05_LONG_CORRIDOR
COMMON_1,,633,37.2886619358,127.1072780974,11.777408114,43.093986022,1,6,2,NONE,,,-32.905885000,-35.072952000,2.124636179675,ZONE_04_S_CURVE->ZONE_05_LONG_CORRIDOR
COMMON_1,,634,37.2886604358,127.1072789307,11.678515077,43.253903364,1,6,2,NONE,,,-32.832083000,-35.239932000,2.166052332110,ZONE_04_S_CURVE->ZONE_05_LONG_CORRIDOR
COMMON_1,,635,37.2886586024,127.1072800974,11.548566236,43.445796188,1,6,2,NONE,,,-32.728754000,-35.444026000,2.079456856931,ZONE_04_S_CURVE->ZONE_05_LONG_CORRIDOR
COMMON_1,,636,37.2886569358,127.1072809307,11.446782584,43.628334540,1,6,2,NONE,,,-32.654953000,-35.629552000,2.014565545908,ZONE_04_S_CURVE->ZONE_05_LONG_CORRIDOR
COMMON_1,,637,37.2886552691,127.1072815974,11.357120078,43.816941527,1,6,2,NONE,,,-32.595907000,-35.815089000,1.932146195033,ZONE_04_S_CURVE->ZONE_05_LONG_CORRIDOR
COMMON_1,,638,37.2886534358,127.1072820974,11.275509708,44.032873538,1,6,2,NONE,,,-32.551624000,-36.019172000,1.932751320039,ZONE_04_S_CURVE->ZONE_05_LONG_CORRIDOR
COMMON_1,,639,37.2886516024,127.1072825974,11.193803362,44.248664545,1,6,2,NONE,,,-32.507342000,-36.223266000,1.966039654352,ZONE_04_S_CURVE->ZONE_05_LONG_CORRIDOR
COMMON_1,,640,37.2886496117,127.1072832351,11.097717764,44.478976573,1,6,2,NONE,,,-32.450864000,-36.444860000,1.954606472169,ZONE_04_S_CURVE->ZONE_05_LONG_CORRIDOR
COMMON_1,,641,37.2886483020,127.1072836241,11.036275082,44.631123632,1,6,2,NONE,,,-32.416412000,-36.590666000,1.902140713975,ZONE_04_S_CURVE->ZONE_05_LONG_CORRIDOR
COMMON_1,,642,37.2886464284,127.1072840166,10.959633844,44.853900007,1,6,2,NONE,,,-32.381650000,-36.799236000,1.873919874927,ZONE_04_S_CURVE->ZONE_05_LONG_CORRIDOR
COMMON_1,,643,37.2886447630,127.1072842782,10.897017618,45.054104074,1,6,2,NONE,,,-32.358481000,-36.984628000,1.837627310114,ZONE_04_S_CURVE->ZONE_05_LONG_CORRIDOR
COMMON_1,,644,37.2886431024,127.1072844307,10.841642877,45.256682704,1,6,2,NONE,,,-32.344975000,-37.169486000,1.784804419984,ZONE_04_S_CURVE->ZONE_05_LONG_CORRIDOR
COMMON_1,,645,37.2886412691,127.1072844307,10.791934794,45.485397834,1,6,2,NONE,,,-32.344975000,-37.373569000,1.752781671892,ZONE_04_S_CURVE->ZONE_05_LONG_CORRIDOR
COMMON_1,,646,37.2886393764,127.1072843109,10.747978254,45.724264345,1,6,2,NONE,,,-32.355585000,-37.584264000,1.776842793427,ZONE_04_S_CURVE->ZONE_05_LONG_CORRIDOR
COMMON_1,,647,37.2886378672,127.1072842455,10.708829965,45.911565293,1,6,2,NONE,,,-32.361378000,-37.752268000,1.745069778663,ZONE_04_S_CURVE->ZONE_05_LONG_CORRIDOR
COMMON_1,,648,37.2886360456,127.1072840493,10.668589594,46.140126560,1,6,2,NONE,,,-32.378754000,-37.955049000,1.737754496277,ZONE_04_S_CURVE->ZONE_05_LONG_CORRIDOR
COMMON_1,,649,37.2886341720,127.1072837876,10.629070717,46.374622399,1,6,2,NONE,,,-32.401931000,-38.163618000,1.708549349338,ZONE_04_S_CURVE->ZONE_05_LONG_CORRIDOR
COMMON_1,,650,37.2886324358,127.1072834307,10.598697413,46.593716976,1,6,2,NONE,,,-32.433540000,-38.356892000,1.713503290926,ZONE_04_S_CURVE->ZONE_05_LONG_CORRIDOR
COMMON_1,,651,37.2886306591,127.1072830354,10.566795289,46.815747238,1,6,2,NONE,,,-32.468550000,-38.554674000,1.690537314354,ZONE_04_S_CURVE->ZONE_05_LONG_CORRIDOR
COMMON_1,,652,37.2886291024,127.1072825974,10.543286188,47.011140949,1,6,2,NONE,,,-32.507342000,-38.727966000,1.754748086047,ZONE_04_S_CURVE->ZONE_05_LONG_CORRIDOR
COMMON_1,,653,37.2886274844,127.1072822504,10.506998800,47.206176656,1,6,2,NONE,,,-32.538074000,-38.908082000,1.704733739571,ZONE_04_S_CURVE->ZONE_05_LONG_CORRIDOR
COMMON_1,,654,37.2886259358,127.1072817641,10.481407698,47.396100369,1,6,2,NONE,,,-32.581143000,-39.080472000,1.636264826889,ZONE_04_S_CURVE->ZONE_05_LONG_CORRIDOR
COMMON_1,,655,37.2886244358,127.1072810974,10.469019879,47.585047956,1,6,2,NONE,,,-32.640189000,-39.247452000,1.619092750181,ZONE_04_S_CURVE->ZONE_05_LONG_CORRIDOR
COMMON_1,,656,37.2886231024,127.1072804307,10.460901438,47.753013347,1,6,2,NONE,,,-32.699236000,-39.395886000,1.709333085827,ZONE_04_S_CURVE->ZONE_05_LONG_CORRIDOR
COMMON_1,,657,37.2886214358,127.1072797641,10.433236016,47.951431489,1,6,2,NONE,,,-32.758273000,-39.581412000,1.708720517784,ZONE_04_S_CURVE->ZONE_05_LONG_CORRIDOR
COMMON_1,,658,37.2886200161,127.1072791431,10.410019352,48.118691918,1,6,2,NONE,,,-32.813272000,-39.739453000,1.762618130132,ZONE_05_LONG_CORRIDOR
COMMON_1,,659,37.2886178870,127.1072783365,10.362825903,48.361694465,1,6,2,NONE,,,-32.884709000,-39.976464000,1.762618130132,ZONE_05_LONG_CORRIDOR
T_foword,mission_T_forward,0,37.2886165780,127.1072779031,10.328911477,48.508517074,1,7,2,NONE,AAA_T_JUNCTION,AAA_T_JUNCTION,-32.923093000,-40.122182000,1.587536916571,ZONE_05_LONG_CORRIDOR
T_foword,mission_T_forward,1,37.2886149744,127.1072768848,10.325563626,48.708482484,1,7,2,NONE,AAA_T_JUNCTION,AAA_T_JUNCTION,-33.013280000,-40.300686000,1.581008319251,ZONE_05_LONG_CORRIDOR
T_foword,mission_T_forward,2,37.2886133764,127.1072758535,10.323521541,48.908444799,1,7,2,NONE,AAA_T_JUNCTION,AAA_T_JUNCTION,-33.104621000,-40.478579000,1.534841165596,ZONE_05_LONG_CORRIDOR
T_foword,mission_T_forward,3,37.2886118179,127.1072747305,10.330710003,49.108287148,1,7,2,NONE,AAA_T_JUNCTION,AAA_T_JUNCTION,-33.204074000,-40.652066000,1.550836335334,ZONE_05_LONG_CORRIDOR
T_foword,mission_T_forward,4,37.2886102459,127.1072736394,10.334699995,49.308160082,1,7,2,NONE,AAA_T_JUNCTION,AAA_T_JUNCTION,-33.300711000,-40.827070000,1.557249103789,ZONE_05_LONG_CORRIDOR
T_foword,mission_T_forward,5,37.2886086684,127.1072725611,10.337407926,49.508036158,1,7,2,NONE,AAA_T_JUNCTION,AAA_T_JUNCTION,-33.396215000,-41.002674000,1.597153910884,ZONE_05_LONG_CORRIDOR
T_foword,mission_T_forward,6,37.2886070576,127.1072715625,10.332138693,49.707903212,1,7,2,NONE,AAA_T_JUNCTION,AAA_T_JUNCTION,-33.484656000,-41.181986000,1.577860959951,ZONE_05_LONG_CORRIDOR
T_foword,mission_T_forward,7,37.2886054625,127.1072705250,10.330726254,49.907830840,1,7,2,NONE,AAA_T_JUNCTION,AAA_T_JUNCTION,-33.576538000,-41.359555000,1.575663461511,ZONE_05_LONG_CORRIDOR
T_foword,mission_T_forward,8,37.2886038693,127.1072694832,10.329753201,50.107752455,1,7,2,NONE,AAA_T_JUNCTION,AAA_T_JUNCTION,-33.668806000,-41.536914000,1.611252058872,ZONE_05_LONG_CORRIDOR
T_foword,mission_T_forward,9,37.2886022475,127.1072685133,10.321667143,50.307517623,1,7,2,NONE,AAA_T_JUNCTION,AAA_T_JUNCTION,-33.754707000,-41.717448000,1.622187908955,ZONE_05_LONG_CORRIDOR
T_foword,mission_T_forward,10,37.2886006170,127.1072675654,10.311394270,50.507235690,1,7,2,NONE,AAA_T_JUNCTION,AAA_T_JUNCTION,-33.838651000,-41.898959000,1.645085599166,ZONE_05_LONG_CORRIDOR
T_foword,mission_T_forward,11,37.2885989702,127.1072666651,10.296557023,50.706590755,1,7,2,NONE,AAA_T_JUNCTION,AAA_T_JUNCTION,-33.918387000,-42.082275000,1.689310073336,ZONE_05_LONG_CORRIDOR
T_foword,mission_T_forward,12,37.2885972931,127.1072658570,10.272915704,50.905137592,1,7,2,NONE,AAA_T_JUNCTION,AAA_T_JUNCTION,-33.989956000,-42.268977000,1.740920940680,ZONE_05_LONG_CORRIDOR
T_foword,mission_T_forward,13,37.2885955846,127.1072651586,10.239056741,51.102238280,1,7,2,NONE,AAA_T_JUNCTION,AAA_T_JUNCTION,-34.051810000,-42.459159000,1.691222613700,ZONE_05_LONG_CORRIDOR
T_foword,mission_T_forward,14,37.2885939071,127.1072643550,10.215048149,51.300636976,1,7,2,NONE,AAA_T_JUNCTION,AAA_T_JUNCTION,-34.122985000,-42.645901000,1.611828866353,ZONE_05_LONG_CORRIDOR
T_foword,mission_T_forward,15,37.2885922854,127.1072633866,10.206849433,51.500334927,1,7,2,NONE,AAA_T_JUNCTION,AAA_T_JUNCTION,-34.208755000,-42.826428000,1.592361277302,ZONE_05_LONG_CORRIDOR
T_foword,mission_T_forward,16,37.2885906805,127.1072623795,10.202543571,51.699973434,1,7,2,NONE,AAA_T_JUNCTION,AAA_T_JUNCTION,-34.297942000,-43.005089000,1.627974622774,ZONE_05_LONG_CORRIDOR
T_foword,mission_T_forward,17,37.2885890457,127.1072614437,10.191116027,51.899613662,1,7,2,NONE,AAA_T_JUNCTION,AAA_T_JUNCTION,-34.380828000,-43.187069000,1.642138436668,ZONE_05_LONG_CORRIDOR
T_foword,mission_T_forward,18,37.2885874012,127.1072605373,10.176867247,52.098999380,1,7,2,NONE,AAA_T_JUNCTION,AAA_T_JUNCTION,-34.461099000,-43.370138000,1.730163290214,ZONE_05_LONG_CORRIDOR
T_foword,mission_T_forward,19,37.2885856998,127.1072598163,10.145149065,52.296337655,1,7,2,NONE,AAA_T_JUNCTION,AAA_T_JUNCTION,-34.524958000,-43.559533000,1.706487417786,ZONE_05_LONG_CORRIDOR
T_foword,mission_T_forward,20,37.2885840123,127.1072590447,10.118107050,52.494404042,1,7,2,NONE,AAA_T_JUNCTION,AAA_T_JUNCTION,-34.593294000,-43.747394000,1.607102672337,ZONE_05_LONG_CORRIDOR
T_foword,mission_T_forward,21,37.2885823945,127.1072580668,10.110853427,52.694105666,1,7,2,NONE,AAA_T_JUNCTION,AAA_T_JUNCTION,-34.679902000,-43.927484000,1.578634253210,ZONE_05_LONG_CORRIDOR
T_foword,mission_T_forward,22,37.2885807983,127.1072570306,10.109285936,52.894089543,1,7,2,NONE,AAA_T_JUNCTION,AAA_T_JUNCTION,-34.771673000,-44.105175000,1.608726666698,ZONE_05_LONG_CORRIDOR
T_foword,mission_T_forward,23,37.2885791787,127.1072560557,10.101705586,53.093842928,1,7,2,NONE,AAA_T_JUNCTION,AAA_T_JUNCTION,-34.858016000,-44.285463000,1.637558594847,ZONE_05_LONG_CORRIDOR
T_foword,mission_T_forward,24,37.2885775367,127.1072551394,10.088363133,53.293396118,1,7,2,NONE,AAA_T_JUNCTION,AAA_T_JUNCTION,-34.939167000,-44.468258000,1.662543328145,ZONE_05_LONG_CORRIDOR
T_foword,mission_T_forward,25,37.2885758777,127.1072542754,10.070048930,53.492452087,1,7,2,NONE,AAA_T_JUNCTION,AAA_T_JUNCTION,-35.015687000,-44.652929000,1.690012127482,ZONE_05_LONG_CORRIDOR
T_foword,mission_T_forward,26,37.2885742005,127.1072534690,10.046273855,53.690935291,1,7,2,NONE,AAA_T_JUNCTION,AAA_T_JUNCTION,-35.087108000,-44.839637000,1.643243907589,ZONE_05_LONG_CORRIDOR
T_foword,mission_T_forward,27,37.2885725572,127.1072525660,10.031821940,53.890067158,1,7,2,NONE,AAA_T_JUNCTION,AAA_T_JUNCTION,-35.167081000,-45.022576000,1.586216089585,ZONE_05_LONG_CORRIDOR
T_foword,mission_T_forward,28,37.2885709571,127.1072515465,10.028742804,54.089738939,1,7,2,NONE,AAA_T_JUNCTION,AAA_T_JUNCTION,-35.257369000,-45.200695000,1.591906345249,ZONE_05_LONG_CORRIDOR
T_foword,mission_T_forward,29,37.2885693500,127.1072505370,10.024521167,54.289691879,1,7,2,NONE,AAA_T_JUNCTION,AAA_T_JUNCTION,-35.346777000,-45.379595000,1.658948464221,ZONE_05_LONG_CORRIDOR
T_foword,mission_T_forward,30,37.2885676947,127.1072496661,10.006934372,54.488679869,1,7,2,NONE,AAA_T_JUNCTION,AAA_T_JUNCTION,-35.423909000,-45.563867000,1.669820539926,ZONE_05_LONG_CORRIDOR
T_foword,mission_T_forward,31,37.2885660304,127.1072488171,9.987166861,54.687649960,1,7,2,NONE,AAA_T_JUNCTION,AAA_T_JUNCTION,-35.499103000,-45.749139000,1.677137144049,ZONE_05_LONG_CORRIDOR
T_foword,mission_T_forward,32,37.2885643613,127.1072479834,9.965945957,54.886452761,1,7,2,NONE,AAA_T_JUNCTION,AAA_T_JUNCTION,-35.572933000,-45.934940000,1.651775790938,ZONE_05_LONG_CORRIDOR
T_foword,mission_T_forward,33,37.2885627093,127.1072470967,9.949770344,55.085765506,1,7,2,NONE,AAA_T_JUNCTION,AAA_T_JUNCTION,-35.651465000,-46.118842000,1.607716020130,ZONE_05_LONG_CORRIDOR
T_foword,mission_T_forward,34,37.2885610913,127.1072461202,9.942395304,55.285433725,1,7,2,NONE,AAA_T_JUNCTION,AAA_T_JUNCTION,-35.737950000,-46.298959000,1.570157553549,ZONE_05_LONG_CORRIDOR
T_foword,mission_T_forward,35,37.2885595028,127.1072450675,9.942522997,55.485338114,1,7,2,NONE,AAA_T_JUNCTION,AAA_T_JUNCTION,-35.831184000,-46.475790000,1.603623085524,ZONE_05_LONG_CORRIDOR
T_foword,mission_T_forward,36,37.2885578869,127.1072440820,9.935960996,55.685164250,1,7,2,NONE,AAA_T_JUNCTION,AAA_T_JUNCTION,-35.918462000,-46.655668000,1.645546441903,ZONE_05_LONG_CORRIDOR
T_foword,mission_T_forward,37,37.2885562404,127.1072431830,9.921036660,55.884448605,1,7,2,NONE,AAA_T_JUNCTION,AAA_T_JUNCTION,-35.998088000,-46.838962000,1.712740423433,ZONE_05_LONG_CORRIDOR
T_foword,mission_T_forward,38,37.2885545483,127.1072424243,9.892744450,56.082427550,1,7,2,NONE,AAA_T_JUNCTION,AAA_T_JUNCTION,-36.065277000,-47.027328000,1.724746817096,ZONE_05_LONG_CORRIDOR
T_foword,mission_T_forward,39,37.2885528492,127.1072416914,9.862081393,56.280026321,1,7,2,NONE,AAA_T_JUNCTION,AAA_T_JUNCTION,-36.130191000,-47.216462000,1.738109987101,ZONE_05_LONG_CORRIDOR
T_foword,mission_T_forward,40,37.2885511432,127.1072409873,9.828792270,56.477128645,1,7,2,NONE,AAA_T_JUNCTION,AAA_T_JUNCTION,-36.192550000,-47.406380000,1.681927950154,ZONE_05_LONG_CORRIDOR
T_foword,mission_T_forward,41,37.2885494712,127.1072401638,9.806622233,56.675800204,1,7,2,NONE,AAA_T_JUNCTION,AAA_T_JUNCTION,-36.265479000,-47.592507000,1.657168467450,ZONE_05_LONG_CORRIDOR
T_foword,mission_T_forward,42,37.2885478153,127.1072392883,9.789371173,56.875032742,1,7,2,NONE,AAA_T_JUNCTION,AAA_T_JUNCTION,-36.343022000,-47.776839000,1.680289447562,ZONE_05_LONG_CORRIDOR
T_foword,mission_T_forward,43,37.2885461439,127.1072384611,9.767519791,57.073803116,1,7,2,NONE,AAA_T_JUNCTION,AAA_T_JUNCTION,-36.416279000,-47.962905000,1.739328163701,ZONE_05_LONG_CORRIDOR
T_foword,mission_T_forward,44,37.2885444376,127.1072377598,9.734000086,57.270808915,1,7,2,NONE,AAA_T_JUNCTION,AAA_T_JUNCTION,-36.478389000,-48.152845000,1.812496620366,ZONE_05_LONG_CORRIDOR
T_foword,mission_T_forward,45,37.2885426950,127.1072372171,9.686163933,57.464854978,1,7,2,NONE,AAA_T_JUNCTION,AAA_T_JUNCTION,-36.526452000,-48.346835000,1.805457122532,ZONE_05_LONG_CORRIDOR
T_foword,mission_T_forward,46,37.2885409553,127.1072366590,9.639691548,57.659247170,1,7,2,NONE,AAA_T_JUNCTION,AAA_T_JUNCTION,-36.575883000,-48.540496000,1.737584755515,ZONE_05_LONG_CORRIDOR
T_foword,mission_T_forward,47,37.2885392502,127.1072359541,9.606519100,57.856288864,1,7,2,NONE,AAA_T_JUNCTION,AAA_T_JUNCTION,-36.638317000,-48.730306000,1.659715769782,ZONE_05_LONG_CORRIDOR
T_foword,mission_T_forward,48,37.2885375946,127.1072350849,9.588782525,58.055230777,1,7,2,NONE,AAA_T_JUNCTION,AAA_T_JUNCTION,-36.715295000,-48.914607000,1.659337300771,ZONE_05_LONG_CORRIDOR
T_foword,mission_T_forward,49,37.2885359381,127.1072342143,9.571108580,58.254322061,1,7,2,NONE,AAA_T_JUNCTION,AAA_T_JUNCTION,-36.792398000,-49.099011000,1.726042172362,ZONE_05_LONG_CORRIDOR
T_foword,mission_T_forward,50,37.2885342390,127.1072334844,9.540201995,58.451801672,1,7,2,NONE,AAA_T_JUNCTION,AAA_T_JUNCTION,-36.857041000,-49.288153000,1.768931640067,ZONE_05_LONG_CORRIDOR
T_foword,mission_T_forward,51,37.2885325162,127.1072328466,9.500848162,58.647816712,1,7,2,NONE,AAA_T_JUNCTION,AAA_T_JUNCTION,-36.913527000,-49.479934000,1.808537979587,ZONE_05_LONG_CORRIDOR
T_foword,mission_T_forward,52,37.2885307765,127.1072322956,9.453811923,58.841921114,1,7,2,NONE,AAA_T_JUNCTION,AAA_T_JUNCTION,-36.962325000,-49.673603000,1.730974046599,ZONE_05_LONG_CORRIDOR
T_foword,mission_T_forward,53,37.2885290742,127.1072315761,9.421925465,59.039284943,1,7,2,NONE,AAA_T_JUNCTION,AAA_T_JUNCTION,-37.026047000,-49.863099000,1.645925191346,ZONE_05_LONG_CORRIDOR
T_foword,mission_T_forward,54,37.2885274261,127.1072306772,9.406913881,59.238720006,1,7,2,NONE,AAA_T_JUNCTION,AAA_T_JUNCTION,-37.105666000,-50.046567000,1.688397292703,ZONE_05_LONG_CORRIDOR
T_foword,mission_T_forward,55,37.2885257493,127.1072298670,9.383450986,59.437312177,1,7,2,NONE,AAA_T_JUNCTION,AAA_T_JUNCTION,-37.177414000,-50.233226000,1.658881924999,ZONE_05_LONG_CORRIDOR
T_foword,mission_T_forward,56,37.2885240924,127.1072289952,9.365860634,59.636491542,1,7,2,NONE,AAA_T_JUNCTION,AAA_T_JUNCTION,-37.254632000,-50.417669000,1.690928698522,ZONE_05_LONG_CORRIDOR
T_foword,mission_T_forward,57,37.2885224151,127.1072281909,9.341909980,59.834900397,1,7,2,NONE,AAA_T_JUNCTION,AAA_T_JUNCTION,-37.325863000,-50.604393000,1.760742738022,ZONE_05_LONG_CORRIDOR
T_foword,mission_T_forward,58,37.2885206974,127.1072275357,9.304183120,60.031124380,1,7,2,NONE,AAA_T_JUNCTION,AAA_T_JUNCTION,-37.383886000,-50.795601000,1.780621416505,ZONE_05_LONG_CORRIDOR
T_foword,mission_T_forward,59,37.2885189699,127.1072269237,9.262566232,60.226545898,1,7,2,NONE,AAA_T_JUNCTION,AAA_T_JUNCTION,-37.438093000,-50.987911000,1.690969860408,ZONE_05_LONG_CORRIDOR
T_foword,mission_T_forward,60,37.2885172926,127.1072261195,9.238609199,60.424938964,1,7,2,NONE,AAA_T_JUNCTION,AAA_T_JUNCTION,-37.509311000,-51.174624000,1.635173686342,ZONE_05_LONG_CORRIDOR
T_foword,mission_T_forward,61,37.2885156539,127.1072251992,9.225754956,60.624333286,1,7,2,NONE,AAA_T_JUNCTION,AAA_T_JUNCTION,-37.590820000,-51.357051000,1.647377398963,ZONE_05_LONG_CORRIDOR
T_foword,mission_T_forward,62,37.2885140048,127.1072243033,9.210454053,60.823742614,1,7,2,NONE,AAA_T_JUNCTION,AAA_T_JUNCTION,-37.670171000,-51.540631000,1.668728281120,ZONE_05_LONG_CORRIDOR
T_foword,mission_T_forward,63,37.2885123432,127.1072234530,9.190927819,61.022490520,1,7,2,NONE,AAA_T_JUNCTION,AAA_T_JUNCTION,-37.745475000,-51.725594000,1.722495878532,ZONE_05_LONG_CORRIDOR
T_foword,mission_T_forward,64,37.2885106463,127.1072227156,9.160723757,61.220065347,1,7,2,NONE,AAA_T_JUNCTION,AAA_T_JUNCTION,-37.810784000,-51.914493000,1.745669083553,ZONE_05_LONG_CORRIDOR
T_foword,mission_T_forward,65,37.2885089354,127.1072220274,9.125932339,61.416985938,1,7,2,NONE,AAA_T_JUNCTION,AAA_T_JUNCTION,-37.871729000,-52.104950000,1.732704582127,ZONE_05_LONG_CORRIDOR
T_foword,mission_T_forward,66,37.2885072320,127.1072213116,9.093700812,61.614316155,1,7,2,NONE,AAA_T_JUNCTION,AAA_T_JUNCTION,-37.935130000,-52.294577000,1.687556160028,ZONE_05_LONG_CORRIDOR
T_foword,mission_T_forward,67,37.2885055565,127.1072205000,9.070415653,61.812836897,1,7,2,NONE,AAA_T_JUNCTION,AAA_T_JUNCTION,-38.007002000,-52.481090000,1.629078798326,ZONE_05_LONG_CORRIDOR
T_foword,mission_T_forward,68,37.2885039208,127.1072195664,9.058766552,62.012483671,1,7,2,NONE,AAA_T_JUNCTION,AAA_T_JUNCTION,-38.089695000,-52.663179000,1.625953148619,ZONE_05_LONG_CORRIDOR
T_foword,mission_T_forward,69,37.2885022876,127.1072186264,9.047743088,62.212137722,1,7,2,NONE,AAA_T_JUNCTION,AAA_T_JUNCTION,-38.172945000,-52.844983000,1.697129985494,ZONE_05_LONG_CORRIDOR
T_foword,mission_T_forward,70,37.2885006058,127.1072178349,9.022554861,62.410454479,1,7,2,NONE,AAA_T_JUNCTION,AAA_T_JUNCTION,-38.243038000,-53.032202000,1.738030773562,ZONE_05_LONG_CORRIDOR
T_foword,mission_T_forward,71,37.2884988991,127.1072171304,8.989268572,62.607635141,1,7,2,NONE,AAA_T_JUNCTION,AAA_T_JUNCTION,-38.305436000,-53.222188000,1.736211370391,ZONE_05_LONG_CORRIDOR
T_foword,mission_T_forward,72,37.2884971940,127.1072164222,8.956350828,62.804817700,1,7,2,NONE,AAA_T_JUNCTION,AAA_T_JUNCTION,-38.368161000,-53.412004000,1.683734801101,ZONE_05_LONG_CORRIDOR
T_foword,mission_T_forward,73,37.2884955203,127.1072156022,8.933814899,63.003510231,1,7,2,NONE,AAA_T_JUNCTION,AAA_T_JUNCTION,-38.440776000,-53.598320000,1.678658013544,ZONE_05_LONG_CORRIDOR
T_foword,mission_T_forward,74,37.2884938504,127.1072147719,8.912294106,63.202258000,1,7,2,NONE,AAA_T_JUNCTION,AAA_T_JUNCTION,-38.514315000,-53.784212000,1.621703280556,ZONE_05_LONG_CORRIDOR
T_foword,mission_T_forward,75,37.2884922205,127.1072138233,8.902119835,63.401945477,1,7,2,NONE,AAA_T_JUNCTION,AAA_T_JUNCTION,-38.598332000,-53.965650000,1.658343668971,ZONE_05_LONG_CORRIDOR
T_foword,mission_T_forward,76,37.2884905644,127.1072129504,8.884640147,63.601094951,1,7,2,NONE,AAA_T_JUNCTION,AAA_T_JUNCTION,-38.675634000,-54.150015000,1.717140201232,ZONE_05_LONG_CORRIDOR
T_foword,mission_T_forward,77,37.2884888704,127.1072122015,8.855491030,63.798853332,1,7,2,NONE,AAA_T_JUNCTION,AAA_T_JUNCTION,-38.741962000,-54.338585000,1.751540044353,ZONE_05_LONG_CORRIDOR
T_foword,mission_T_forward,78,37.2884871564,127.1072115260,8.819544581,63.995563672,1,7,2,NONE,AAA_T_JUNCTION,AAA_T_JUNCTION,-38.801787000,-54.529394000,1.719966509356,ZONE_05_LONG_CORRIDOR
T_foword,mission_T_forward,79,37.2884854609,127.1072107832,8.789838813,64.193224522,1,7,2,NONE,AAA_T_JUNCTION,AAA_T_JUNCTION,-38.867577000,-54.718137000,1.694992949264,ZONE_05_LONG_CORRIDOR
T_foword,mission_T_forward,80,37.2884837811,127.1072099876,8.765084618,64.391513234,1,7,2,NONE,AAA_T_JUNCTION,AAA_T_JUNCTION,-38.938041000,-54.905129000,1.647707490049,ZONE_05_LONG_CORRIDOR
T_foword,mission_T_forward,81,37.2884821318,127.1072090923,8.749718744,64.590906441,1,7,2,NONE,AAA_T_JUNCTION,AAA_T_JUNCTION,-39.017327000,-55.088725000,1.702098690668,ZONE_05_LONG_CORRIDOR
T_foword,mission_T_forward,82,37.2884804476,127.1072083117,8.723555635,64.789018505,1,7,2,NONE,AAA_T_JUNCTION,AAA_T_JUNCTION,-39.086462000,-55.276217000,1.752609706966,ZONE_05_LONG_CORRIDOR
T_foword,mission_T_forward,83,37.2884787353,127.1072076395,8.687447832,64.985423533,1,7,2,NONE,AAA_T_JUNCTION,AAA_T_JUNCTION,-39.146002000,-55.466831000,1.772808686845,ZONE_05_LONG_CORRIDOR
T_foword,mission_T_forward,84,37.2884770131,127.1072070110,8.647393371,65.180996283,1,7,2,NONE,AAA_T_JUNCTION,AAA_T_JUNCTION,-39.201662000,-55.658547000,1.768773723960,ZONE_05_LONG_CORRIDOR
T_foword,mission_T_forward,85,37.2884752907,127.1072063730,8.608079735,65.376971459,1,7,2,NONE,AAA_T_JUNCTION,AAA_T_JUNCTION,-39.258165000,-55.850274000,1.744197961599,ZONE_05_LONG_CORRIDOR
T_foword,mission_T_forward,86,37.2884735809,127.1072056818,8.573582061,65.573920115,1,7,2,NONE,AAA_T_JUNCTION,AAA_T_JUNCTION,-39.319383000,-56.040619000,1.694711098984,ZONE_05_LONG_CORRIDOR
T_foword,mission_T_forward,87,37.2884719009,127.1072048854,8.548877695,65.772264441,1,7,2,NONE,AAA_T_JUNCTION,AAA_T_JUNCTION,-39.389917000,-56.227637000,1.659633777608,ZONE_05_LONG_CORRIDOR
T_foword,mission_T_forward,88,37.2884702432,127.1072040149,8.531134903,65.971460745,1,7,2,NONE,AAA_T_JUNCTION,AAA_T_JUNCTION,-39.467008000,-56.412166000,1.706330180937,ZONE_05_LONG_CORRIDOR
T_foword,mission_T_forward,89,37.2884685555,127.1072032429,8.504119898,66.169561693,1,7,2,NONE,AAA_T_JUNCTION,AAA_T_JUNCTION,-39.535384000,-56.600045000,1.698417638921,ZONE_05_LONG_CORRIDOR
T_foword,mission_T_forward,90,37.2884668730,127.1072024543,8.478679195,66.367823514,1,7,2,NONE,AAA_T_JUNCTION,AAA_T_JUNCTION,-39.605228000,-56.787333000,1.694580978747,ZONE_05_LONG_CORRIDOR
T_foword,mission_T_forward,91,37.2884651922,127.1072016572,8.453987814,66.566274125,1,7,2,NONE,AAA_T_JUNCTION,AAA_T_JUNCTION,-39.675823000,-56.974439000,1.632768976715,ZONE_05_LONG_CORRIDOR
T_foword,mission_T_forward,92,37.2884637113,127.1072008201,8.442792533,66.746691529,1,7,2,NONE,AAA_T_JUNCTION,AAA_T_JUNCTION,-39.749960000,-57.139301000,1.599019092096,ZONE_05_LONG_CORRIDOR
T_foword,mission_T_forward,93,37.2884628878,127.1072003120,8.439910898,66.848767653,1,7,2,NONE,AAA_T_JUNCTION,AAA_T_JUNCTION,-39.794960000,-57.230968000,1.619684568483,ZONE_05_LONG_CORRIDOR
T_foword,mission_T_forward,94,37.2884620194,127.1071998039,8.434700123,66.955268154,1,7,2,NONE,AAA_T_JUNCTION,AAA_T_JUNCTION,-39.839960000,-57.327635000,1.621781588259,ZONE_05_LONG_CORRIDOR
T_foword,mission_T_forward,95,37.2884612110,127.1071993334,8.429645733,67.054316586,1,7,2,STOP_LINE,AAA_T_JUNCTION,AAA_T_JUNCTION,-39.881627000,-57.417635000,1.621781588259,ZONE_05_LONG_CORRIDOR
T_A,mission_T,0,37.2884604025,127.1071992770,8.392145615,67.136284514,1,7,2,NONE,AAA_T_JUNCTION,AAA_T_JUNCTION,-39.886627000,-57.507635000,1.760638294365,ZONE_05_LONG_CORRIDOR
T_A,mission_T,1,37.2884595641,127.1071989570,8.373739691,67.232070889,1,7,1,NONE,AAA_T_JUNCTION,AAA_T_JUNCTION,-39.914960000,-57.600968000,1.714976779019,ZONE_05_LONG_CORRIDOR
T_A,mission_T,2,37.2884588454,127.1071986371,8.361545534,67.316059687,1,7,1,NONE,AAA_T_JUNCTION,AAA_T_JUNCTION,-39.943294000,-57.680968000,1.671702412592,ZONE_05_LONG_CORRIDOR
T_A,mission_T,3,37.2884572135,127.1071978091,8.341810579,67.510972896,1,7,1,NONE,AAA_T_JUNCTION,AAA_T_JUNCTION,-40.016627000,-57.862635000,1.579424000331,ZONE_05_LONG_CORRIDOR
T_A,mission_T,4,37.2884557612,127.1071968682,8.340241398,67.692845990,1,7,1,NONE,AAA_T_JUNCTION,AAA_T_JUNCTION,-40.099960000,-58.024301000,1.579424000331,ZONE_05_LONG_CORRIDOR
T_A,mission_T,5,37.2884569889,127.1071976586,8.341962930,67.539305663,-1,7,1,NONE,AAA_T_JUNCTION,AAA_T_JUNCTION,-40.029960000,-57.887635000,1.591731144717,ZONE_05_LONG_CORRIDOR
T_A,mission_T,6,37.2884575578,127.1071980161,8.343445197,67.468512062,-1,7,1,NONE,AAA_T_JUNCTION,AAA_T_JUNCTION,-39.998294000,-57.824301000,1.601512317690,ZONE_05_LONG_CORRIDOR
T_A,mission_T,7,37.2884581717,127.1071983925,8.345780166,67.392517968,-1,7,1,NONE,AAA_T_JUNCTION,AAA_T_JUNCTION,-39.964960000,-57.755968000,1.598092965385,ZONE_05_LONG_CORRIDOR
T_A,mission_T,8,37.2884591149,127.1071989759,8.348974103,67.275538592,-1,7,1,NONE,AAA_T_JUNCTION,AAA_T_JUNCTION,-39.913294000,-57.650968000,1.622773236446,ZONE_05_LONG_CORRIDOR
T_A,mission_T,9,37.2884606689,127.1071998778,8.358873279,67.085256793,-1,7,1,NONE,AAA_T_JUNCTION,AAA_T_JUNCTION,-39.833415000,-57.477981000,1.583813750851,ZONE_05_LONG_CORRIDOR
T_A,mission_T,10,37.2884622753,127.1072009074,8.361486205,66.884542862,-1,7,1,NONE,AAA_T_JUNCTION,AAA_T_JUNCTION,-39.742229000,-57.299157000,1.666437121312,ZONE_05_LONG_CORRIDOR
T_A,mission_T,11,37.2884638356,127.1072017111,8.379411786,66.697688576,-1,7,1,NONE,AAA_T_JUNCTION,AAA_T_JUNCTION,-39.671049000,-57.125464000,1.773732868496,ZONE_05_LONG_CORRIDOR
T_A,mission_T,12,37.2884656689,127.1072023778,8.422230951,66.489595279,-1,7,1,NONE,AAA_T_JUNCTION,AAA_T_JUNCTION,-39.612003000,-56.921381000,1.676810347433,ZONE_05_LONG_CORRIDOR
T_A,mission_T,13,37.2884670023,127.1072030444,8.439134348,66.330748142,-1,7,1,NONE,AAA_T_JUNCTION,AAA_T_JUNCTION,-39.552965000,-56.772947000,1.721895266016,ZONE_05_LONG_CORRIDOR
T_A,mission_T,14,37.2884685587,127.1072037221,8.466735812,66.149468984,-1,7,1,NONE,AAA_T_JUNCTION,AAA_T_JUNCTION,-39.492944000,-56.599680000,1.702282180683,ZONE_05_LONG_CORRIDOR
T_A,mission_T,15,37.2884699782,127.1072043796,8.488814070,65.982524203,-1,7,1,NONE,AAA_T_JUNCTION,AAA_T_JUNCTION,-39.434713000,-56.441670000,1.747937336973,ZONE_05_LONG_CORRIDOR
T_A,mission_T,16,37.2884718646,127.1072051324,8.527638682,65.765648006,-1,7,1,NONE,AAA_T_JUNCTION,AAA_T_JUNCTION,-39.368041000,-56.231676000,1.717232749502,ZONE_05_LONG_CORRIDOR
T_A,mission_T,17,37.2884732271,127.1072057346,8.551098224,65.606591838,-1,7,1,NONE,AAA_T_JUNCTION,AAA_T_JUNCTION,-39.314707000,-56.080003000,1.756218344261,ZONE_05_LONG_CORRIDOR
T_A,mission_T,18,37.2884748291,127.1072063556,8.585504348,65.423167519,-1,7,1,NONE,AAA_T_JUNCTION,AAA_T_JUNCTION,-39.259708000,-55.901668000,1.705183634048,ZONE_05_LONG_CORRIDOR
T_A,mission_T,19,37.2884765508,127.1072071460,8.612842724,65.220963887,-1,7,1,NONE,AAA_T_JUNCTION,AAA_T_JUNCTION,-39.189707000,-55.710008000,1.699885014871,ZONE_05_LONG_CORRIDOR
T_A,mission_T,20,37.2884783462,127.1072079838,8.640287160,65.009544726,-1,7,1,NONE,AAA_T_JUNCTION,AAA_T_JUNCTION,-39.115507000,-55.510144000,1.732757054511,ZONE_05_LONG_CORRIDOR
T_A,mission_T,21,37.2884802040,127.1072087644,8.675450014,64.794339104,-1,7,1,NONE,AAA_T_JUNCTION,AAA_T_JUNCTION,-39.046373000,-55.303334000,1.790371981880,ZONE_05_LONG_CORRIDOR
T_A,mission_T,22,37.2884820023,127.1072093778,8.720630926,64.591891989,-1,7,1,NONE,AAA_T_JUNCTION,AAA_T_JUNCTION,-38.992047000,-55.103147000,1.680125527224,ZONE_05_LONG_CORRIDOR
T_A,mission_T,23,37.2884838421,127.1072102887,8.744648798,64.373084006,-1,7,1,NONE,AAA_T_JUNCTION,AAA_T_JUNCTION,-38.911373000,-54.898341000,1.715805088824,ZONE_05_LONG_CORRIDOR
T_A,mission_T,24,37.2884851689,127.1072108778,8.767284062,64.218083808,-1,7,1,NONE,AAA_T_JUNCTION,AAA_T_JUNCTION,-38.859199000,-54.750641000,1.796139656743,ZONE_05_LONG_CORRIDOR
T_A,mission_T,25,37.2884866689,127.1072113778,8.805883922,64.049699525,-1,7,1,NONE,AAA_T_JUNCTION,AAA_T_JUNCTION,-38.814917000,-54.583661000,1.822174944285,ZONE_05_LONG_CORRIDOR
T_A,mission_T,26,37.2884883786,127.1072118882,8.854541743,63.860230102,-1,7,1,NONE,AAA_T_JUNCTION,AAA_T_JUNCTION,-38.769713000,-54.393338000,1.742170214366,ZONE_05_LONG_CORRIDOR
T_A,mission_T,27,37.2884899506,127.1072125281,8.885910720,63.678981471,-1,7,1,NONE,AAA_T_JUNCTION,AAA_T_JUNCTION,-38.713040000,-54.218343000,1.650164369312,ZONE_05_LONG_CORRIDOR
T_A,mission_T,28,37.2884918356,127.1072135444,8.904013676,63.451371873,-1,7,1,NONE,AAA_T_JUNCTION,AAA_T_JUNCTION,-38.623032000,-54.008504000,1.679102521881,ZONE_05_LONG_CORRIDOR
T_A,mission_T,29,37.2884933330,127.1072142880,8.923387259,63.273193971,-1,7,1,NONE,AAA_T_JUNCTION,AAA_T_JUNCTION,-38.557175000,-53.841814000,1.701760741960,ZONE_05_LONG_CORRIDOR
T_A,mission_T,30,37.2884950560,127.1072150874,8.950087050,63.070490302,-1,7,1,NONE,AAA_T_JUNCTION,AAA_T_JUNCTION,-38.486376000,-53.650009000,1.678123431496,ZONE_05_LONG_CORRIDOR
T_A,mission_T,31,37.2884966431,127.1072158778,8.970444113,62.881546062,-1,7,1,NONE,AAA_T_JUNCTION,AAA_T_JUNCTION,-38.416374000,-53.473334000,1.629426995067,ZONE_05_LONG_CORRIDOR
T_A,mission_T,32,37.2884982600,127.1072167999,8.982026072,62.684231507,-1,7,1,NONE,AAA_T_JUNCTION,AAA_T_JUNCTION,-38.334708000,-53.293340000,1.638104645807,ZONE_05_LONG_CORRIDOR
T_A,mission_T,33,37.2884997123,127.1072176091,8.993920072,62.507789220,-1,7,1,NONE,AAA_T_JUNCTION,AAA_T_JUNCTION,-38.263041000,-53.131670000,1.599596458050,ZONE_05_LONG_CORRIDOR
T_A,mission_T,34,37.2885012394,127.1072185500,8.999371833,62.318545161,-1,7,1,NONE,AAA_T_JUNCTION,AAA_T_JUNCTION,-38.179710000,-52.961673000,1.622959444166,ZONE_05_LONG_CORRIDOR
T_A,mission_T,35,37.2885027965,127.1072194533,9.009325628,62.127897709,-1,7,1,NONE,AAA_T_JUNCTION,AAA_T_JUNCTION,-38.099709000,-52.788337000,1.606098480272,ZONE_05_LONG_CORRIDOR
T_A,mission_T,36,37.2885044733,127.1072204695,9.016639593,61.920801947,-1,7,1,NONE,AAA_T_JUNCTION,AAA_T_JUNCTION,-38.009710000,-52.601676000,1.605912726329,ZONE_05_LONG_CORRIDOR
T_A,mission_T,37,37.2885057459,127.1072212411,9.022161812,61.763611915,-1,7,1,NONE,AAA_T_JUNCTION,AAA_T_JUNCTION,-37.941373000,-52.460010000,1.542976661881,ZONE_05_LONG_CORRIDOR
T_A,mission_T,38,37.2885071832,127.1072222573,9.017055459,61.580107350,-1,7,1,NONE,AAA_T_JUNCTION,AAA_T_JUNCTION,-37.851373000,-52.300010000,1.610278150369,ZONE_05_LONG_CORRIDOR
T_A,mission_T,39,37.2885088152,127.1072232358,9.025000521,61.378978510,-1,7,1,NONE,AAA_T_JUNCTION,AAA_T_JUNCTION,-37.764712000,-52.118335000,1.557916414361,ZONE_05_LONG_CORRIDOR
T_A,mission_T,40,37.2885101955,127.1072241778,9.022748583,61.204147105,-1,7,1,NONE,AAA_T_JUNCTION,AAA_T_JUNCTION,-37.681278000,-51.964680000,1.541566702970,ZONE_05_LONG_CORRIDOR
T_A,mission_T,41,37.2885117076,127.1072252505,9.017099595,61.010939735,-1,7,1,NONE,AAA_T_JUNCTION,AAA_T_JUNCTION,-37.586278000,-51.796347000,1.568261383038,ZONE_05_LONG_CORRIDOR
T_A,mission_T,42,37.2885130210,127.1072261249,9.016680206,60.845496828,-1,7,1,NONE,AAA_T_JUNCTION,AAA_T_JUNCTION,-37.508839000,-51.650146000,1.562218087868,ZONE_05_LONG_CORRIDOR
T_A,mission_T,43,37.2885145943,127.1072271877,9.014974604,60.646672779,-1,7,1,NONE,AAA_T_JUNCTION,AAA_T_JUNCTION,-37.414712000,-51.475006000,1.641330724760,ZONE_05_LONG_CORRIDOR
T_A,mission_T,44,37.2885163339,127.1072281486,9.029882551,60.435666282,-1,7,1,NONE,AAA_T_JUNCTION,AAA_T_JUNCTION,-37.329611000,-51.281347000,1.568114202426,ZONE_05_LONG_CORRIDOR
T_A,mission_T,45,37.2885180469,127.1072292894,9.029303752,60.219867975,-1,7,1,NONE,AAA_T_JUNCTION,AAA_T_JUNCTION,-37.228574000,-51.090662000,1.494707045288,ZONE_05_LONG_CORRIDOR
T_A,mission_T,46,37.2885194638,127.1072304076,9.015146425,60.034165141,-1,7,1,NONE,AAA_T_JUNCTION,AAA_T_JUNCTION,-37.129541000,-50.932933000,1.391909211672,ZONE_05_LONG_CORRIDOR
T_A,mission_T,47,37.2885208970,127.1072318157,8.979114513,59.834895665,-1,7,1,NONE,AAA_T_JUNCTION,AAA_T_JUNCTION,-37.004832000,-50.773389000,1.305932078209,ZONE_05_LONG_CORRIDOR
T_A,mission_T,48,37.2885220832,127.1072332031,8.931896598,59.660811937,-1,7,1,NONE,AAA_T_JUNCTION,AAA_T_JUNCTION,-36.881957000,-50.641342000,1.256266502654,ZONE_05_LONG_CORRIDOR
T_A,mission_T,49,37.2885232694,127.1072347355,8.873315578,59.480745165,-1,7,1,NONE,AAA_T_JUNCTION,AAA_T_JUNCTION,-36.746240000,-50.509294000,1.155326931844,ZONE_05_LONG_CORRIDOR
T_A,mission_T,50,37.2885244720,127.1072366405,8.786385156,59.283690760,-1,7,1,NONE,AAA_T_JUNCTION,AAA_T_JUNCTION,-36.577524000,-50.375420000,1.069454261945,ZONE_05_LONG_CORRIDOR
T_A,mission_T,51,37.2885252793,127.1072381729,8.708155523,59.140948034,-1,7,1,NONE,AAA_T_JUNCTION,AAA_T_JUNCTION,-36.441807000,-50.285552000,1.034735082659,ZONE_05_LONG_CORRIDOR
T_A,mission_T,52,37.2885260371,127.1072397259,8.625744747,59.002229950,-1,7,1,NONE,AAA_T_JUNCTION,AAA_T_JUNCTION,-36.304265000,-50.201193000,1.032148437612,ZONE_05_LONG_CORRIDOR
T_A,mission_T,53,37.2885268563,127.1072414145,8.535890969,58.851870503,-1,7,1,NONE,AAA_T_JUNCTION,AAA_T_JUNCTION,-36.154714000,-50.110000000,1.126165948854,ZONE_05_LONG_CORRIDOR
T_A,mission_T,54,37.2885278294,127.1072430518,8.458037741,58.688467625,-1,7,1,NONE,AAA_T_JUNCTION,AAA_T_JUNCTION,-36.009706000,-50.001675000,1.031063449450,ZONE_05_LONG_CORRIDOR
T_A,mission_T,55,37.2885287128,127.1072448772,8.360792967,58.526140470,-1,7,1,NONE,AAA_T_JUNCTION,AAA_T_JUNCTION,-35.848040000,-49.903335000,0.971246877440,ZONE_05_LONG_CORRIDOR
T_A,mission_T,56,37.2885298356,127.1072475444,8.209991081,58.305500714,-1,7,1,NONE,AAA_T_JUNCTION,AAA_T_JUNCTION,-35.611819000,-49.778344000,0.997669652474,ZONE_05_LONG_CORRIDOR
T_A,mission_T,57,37.2885307489,127.1072495818,8.097681277,58.131481846,-1,7,1,NONE,AAA_T_JUNCTION,AAA_T_JUNCTION,-35.431376000,-49.676676000,0.901340633221,ZONE_05_LONG_CORRIDOR
T_A,mission_T,58,37.2885313578,127.1072513106,7.993772315,58.000178986,-1,7,1,NONE,AAA_T_JUNCTION,AAA_T_JUNCTION,-35.278265000,-49.608893000,0.806352113977,ZONE_05_LONG_CORRIDOR
T_A,mission_T,59,37.2885318669,127.1072532301,7.869742461,57.870839261,-1,7,1,NONE,AAA_T_JUNCTION,AAA_T_JUNCTION,-35.108264000,-49.552220000,0.743987680399,ZONE_05_LONG_CORRIDOR
T_A,mission_T,60,37.2885322748,127.1072551619,7.739500963,57.750961257,-1,7,1,NONE,AAA_T_JUNCTION,AAA_T_JUNCTION,-34.937174000,-49.506813000,0.657542927355,ZONE_05_LONG_CORRIDOR
T_A,mission_T,61,37.2885325556,127.1072571820,7.595749208,57.639959698,-1,7,1,NONE,AAA_T_JUNCTION,AAA_T_JUNCTION,-34.758264000,-49.475554000,0.592000998388,ZONE_05_LONG_CORRIDOR
T_A,mission_T,62,37.2885327203,127.1072591015,7.453859986,57.544545212,-1,7,1,NONE,AAA_T_JUNCTION,AAA_T_JUNCTION,-34.588263000,-49.457220000,0.509149767475,ZONE_05_LONG_CORRIDOR
T_A,mission_T,63,37.2885327652,127.1072613974,7.276261628,57.445402174,-1,7,1,NONE,AAA_T_JUNCTION,AAA_T_JUNCTION,-34.384927000,-49.452221000,0.409679369452,ZONE_05_LONG_CORRIDOR
T_A,mission_T,64,37.2885326304,127.1072636556,7.092298100,57.365516001,-1,7,1,NONE,AAA_T_JUNCTION,AAA_T_JUNCTION,-34.184929000,-49.467227000,0.317832055163,ZONE_05_LONG_CORRIDOR
T_A,mission_T,65,37.2885323759,127.1072655563,6.930144344,57.312169831,-1,7,1,NONE,AAA_T_JUNCTION,AAA_T_JUNCTION,-34.016593000,-49.495558000,0.230378140588,ZONE_05_LONG_CORRIDOR
T_A,mission_T,66,37.2885318819,127.1072679462,6.717233927,57.262233339,-1,7,1,NONE,AAA_T_JUNCTION,AAA_T_JUNCTION,-33.804932000,-49.550550000,0.195014857773,ZONE_05_LONG_CORRIDOR
T_A,mission_T,67,37.2885314626,127.1072697152,6.556855282,57.230554508,-1,7,1,NONE,AAA_T_JUNCTION,AAA_T_JUNCTION,-33.648260000,-49.597227000,0.101194506438,ZONE_05_LONG_CORRIDOR
T_A,mission_T,68,37.2885307440,127.1072719546,6.344091860,57.208950223,-1,7,1,NONE,AAA_T_JUNCTION,AAA_T_JUNCTION,-33.449927000,-49.677221000,-0.004000266746,ZONE_05_LONG_CORRIDOR
T_A,mission_T,69,37.2885298352,127.1072741035,6.128561377,57.209812407,-1,7,1,NONE,AAA_T_JUNCTION,AAA_T_JUNCTION,-33.259611000,-49.778384000,-0.017469068380,ZONE_05_LONG_CORRIDOR
T_A,mission_T,70,37.2885290971,127.1072757936,5.957831734,57.212795198,-1,7,1,NONE,AAA_T_JUNCTION,AAA_T_JUNCTION,-33.109926000,-49.860554000,0.052137629107,ZONE_05_LONG_CORRIDOR
T_A,mission_T,71,37.2885285581,127.1072772614,5.814850872,57.205333753,-1,7,1,NONE,AAA_T_JUNCTION,AAA_T_JUNCTION,-32.979930000,-49.920556000,0.107398301363,ZONE_05_LONG_CORRIDOR
T_A,mission_T,72,37.2885279603,127.1072791582,5.635201211,57.185965159,-1,7,1,NONE,AAA_T_JUNCTION,AAA_T_JUNCTION,-32.811940000,-49.987103000,0.077352456650,ZONE_05_LONG_CORRIDOR
T_A,mission_T,73,37.2885273016,127.1072810777,5.450614219,57.171658356,-1,7,1,NONE,AAA_T_JUNCTION,AAA_T_JUNCTION,-32.641939000,-50.060429000,0.082419664340,ZONE_05_LONG_CORRIDOR
T_A,mission_T,74,37.2885267476,127.1072827149,5.293580523,57.158686305,-1,7,1,NONE,AAA_T_JUNCTION,AAA_T_JUNCTION,-32.496941000,-50.122101000,0.111996351898,ZONE_05_LONG_CORRIDOR
T_A,mission_T,75,37.2885262385,127.1072843522,5.138866652,57.141286104,-1,7,1,NONE,AAA_T_JUNCTION,AAA_T_JUNCTION,-32.351933000,-50.178774000,0.159090942175,ZONE_05_LONG_CORRIDOR
T_A,mission_T,76,37.2885258343,127.1072858576,4.999929832,57.118994126,-1,7,1,NONE,AAA_T_JUNCTION,AAA_T_JUNCTION,-32.218607000,-50.223769000,0.184825679966,ZONE_05_LONG_CORRIDOR
T_A,mission_T,77,37.2885253253,127.1072879277,4.811302924,57.083728549,-1,7,1,NONE,AAA_T_JUNCTION,AAA_T_JUNCTION,-32.035268000,-50.280431000,0.130961525334,ZONE_05_LONG_CORRIDOR
T_A,mission_T,78,37.2885248611,127.1072895084,4.663354025,57.064241400,-1,7,1,NONE,AAA_T_JUNCTION,AAA_T_JUNCTION,-31.895274000,-50.332106000,0.139052175371,ZONE_05_LONG_CORRIDOR
T_A,mission_T,79,37.2885244569,127.1072909198,4.531783793,57.045827439,-1,7,1,NONE,AAA_T_JUNCTION,AAA_T_JUNCTION,-31.770273000,-50.377101000,0.085707194128,ZONE_05_LONG_CORRIDOR
T_A,mission_T,80,37.2885240773,127.1072920519,4.423377275,57.036513403,-1,7,1,NONE,AAA_T_JUNCTION,AAA_T_JUNCTION,-31.670008000,-50.419358000,0.085707194128,ZONE_05_LONG_CORRIDOR
T_A,mission_T,81,37.2885246366,127.1072903929,4.582394923,57.049864241,1,7,2,NONE,AAA_T_JUNCTION,AAA_T_JUNCTION,-31.816938000,-50.357097000,0.040873294274,ZONE_05_LONG_CORRIDOR
T_A,mission_T,82,37.2885253356,127.1072885444,4.763507102,57.057271018,1,7,2,NONE,AAA_T_JUNCTION,AAA_T_JUNCTION,-31.980650000,-50.279284000,0.017358043099,ZONE_05_LONG_CORRIDOR
T_A,mission_T,83,37.2885261027,127.1072866331,4.953072818,57.060561838,1,7,2,NONE,AAA_T_JUNCTION,AAA_T_JUNCTION,-32.149925000,-50.193891000,0.090560614238,ZONE_05_LONG_CORRIDOR
T_A,mission_T,84,37.2885266567,127.1072849582,5.113060647,57.075090173,1,7,2,NONE,AAA_T_JUNCTION,AAA_T_JUNCTION,-32.298262000,-50.132220000,0.095318826949,ZONE_05_LONG_CORRIDOR
T_A,mission_T,85,37.2885273356,127.1072828778,5.311305226,57.094044051,1,7,2,NONE,AAA_T_JUNCTION,AAA_T_JUNCTION,-32.482513000,-50.056644000,0.070268684364,ZONE_05_LONG_CORRIDOR
T_A,mission_T,86,37.2885279443,127.1072811380,5.479216628,57.105862423,1,7,2,NONE,AAA_T_JUNCTION,AAA_T_JUNCTION,-32.636599000,-49.988884000,0.069963673761,ZONE_05_LONG_CORRIDOR
T_A,mission_T,87,37.2885285023,127.1072795444,5.633041113,57.116642143,1,7,2,NONE,AAA_T_JUNCTION,AAA_T_JUNCTION,-32.777736000,-49.926767000,0.018732223139,ZONE_05_LONG_CORRIDOR
T_A,mission_T,88,37.2885291689,127.1072778778,5.798218594,57.119736647,1,7,2,NONE,AAA_T_JUNCTION,AAA_T_JUNCTION,-32.925339000,-49.852561000,-0.029502420998,ZONE_05_LONG_CORRIDOR
T_A,mission_T,89,37.2885299954,127.1072760382,5.985244984,57.114217314,1,7,2,NONE,AAA_T_JUNCTION,AAA_T_JUNCTION,-33.088263000,-49.760555000,-0.031005339509,ZONE_05_LONG_CORRIDOR
T_A,mission_T,90,37.2885306689,127.1072745444,6.137238087,57.109503205,1,7,2,NONE,AAA_T_JUNCTION,AAA_T_JUNCTION,-33.220562000,-49.685581000,0.055829757658,ZONE_05_LONG_CORRIDOR
T_A,mission_T,91,37.2885313356,127.1072727111,6.315484108,57.119464990,1,7,2,NONE,AAA_T_JUNCTION,AAA_T_JUNCTION,-33.382928000,-49.611364000,0.013662477731,ZONE_05_LONG_CORRIDOR
T_A,mission_T,92,37.2885320765,127.1072708819,6.497256656,57.121948608,1,7,2,NONE,AAA_T_JUNCTION,AAA_T_JUNCTION,-33.544931000,-49.528887000,-0.040702107836,ZONE_05_LONG_CORRIDOR
T_A,mission_T,93,37.2885328401,127.1072692259,6.666633246,57.115050814,1,7,2,NONE,AAA_T_JUNCTION,AAA_T_JUNCTION,-33.691595000,-49.443883000,-0.135639149228,ZONE_05_LONG_CORRIDOR
T_A,mission_T,94,37.2885338132,127.1072675134,6.851301321,57.089847842,1,7,2,NONE,AAA_T_JUNCTION,AAA_T_JUNCTION,-33.843263000,-49.335558000,-0.234150273090,ZONE_05_LONG_CORRIDOR
T_A,mission_T,95,37.2885348356,127.1072660444,7.019443102,57.049741749,1,7,2,NONE,AAA_T_JUNCTION,AAA_T_JUNCTION,-33.973365000,-49.221744000,-0.289524210433,ZONE_05_LONG_CORRIDOR
T_A,mission_T,96,37.2885360023,127.1072645444,7.197496455,56.996700598,1,7,2,NONE,AAA_T_JUNCTION,AAA_T_JUNCTION,-34.106212000,-49.091867000,-0.212886973491,ZONE_05_LONG_CORRIDOR
T_A,mission_T,97,37.2885370023,127.1072630444,7.366906329,56.960080546,1,7,2,NONE,AAA_T_JUNCTION,AAA_T_JUNCTION,-34.239060000,-48.980547000,-0.292236968209,ZONE_05_LONG_CORRIDOR
T_A,mission_T,98,37.2885383198,127.1072613597,7.567255210,56.899805468,1,7,2,NONE,AAA_T_JUNCTION,AAA_T_JUNCTION,-34.388266000,-48.833883000,-0.347679604926,ZONE_05_LONG_CORRIDOR
T_A,mission_T,99,37.2885393229,127.1072602118,7.709230954,56.848353296,1,7,2,NONE,AAA_T_JUNCTION,AAA_T_JUNCTION,-34.489929000,-48.722218000,-0.434766664055,ZONE_05_LONG_CORRIDOR
T_A,mission_T,100,37.2885405206,127.1072590639,7.861298809,56.777732535,1,7,2,NONE,AAA_T_JUNCTION,AAA_T_JUNCTION,-34.591593000,-48.588890000,-0.523592054412,ZONE_05_LONG_CORRIDOR
T_A,mission_T,101,37.2885421825,127.1072577466,8.050713632,56.668375533,1,7,2,NONE,AAA_T_JUNCTION,AAA_T_JUNCTION,-34.708260000,-48.403888000,-0.626716816136,ZONE_05_LONG_CORRIDOR
T_A,mission_T,102,37.2885436348,127.1072568433,8.196815386,56.562583521,1,7,2,NONE,AAA_T_JUNCTION,AAA_T_JUNCTION,-34.788261000,-48.242217000,-0.714481819421,ZONE_05_LONG_CORRIDOR
T_A,mission_T,103,37.2885454014,127.1072559776,8.356267953,56.424282051,1,7,2,NONE,AAA_T_JUNCTION,AAA_T_JUNCTION,-34.864932000,-48.045560000,-0.743872214578,ZONE_05_LONG_CORRIDOR
T_A,mission_T,104,37.2885469136,127.1072553002,8.487772143,56.303269874,1,7,2,NONE,AAA_T_JUNCTION,AAA_T_JUNCTION,-34.924926000,-47.877221000,-0.805548305990,ZONE_05_LONG_CORRIDOR
T_A,mission_T,105,37.2885485755,127.1072546980,8.621145150,56.164410605,1,7,2,NONE,AAA_T_JUNCTION,AAA_T_JUNCTION,-34.978260000,-47.692219000,-0.881586462199,ZONE_05_LONG_CORRIDOR
T_A,mission_T,106,37.2885501625,127.1072542840,8.735885448,56.025164126,1,7,2,NONE,AAA_T_JUNCTION,AAA_T_JUNCTION,-35.014926000,-47.515554000,-0.962879265074,ZONE_05_LONG_CORRIDOR
T_A,mission_T,107,37.2885519741,127.1072540017,8.851951183,55.858360577,1,7,2,NONE,AAA_T_JUNCTION,AAA_T_JUNCTION,-35.039928000,-47.313887000,-1.044234974029,ZONE_05_LONG_CORRIDOR
T_A,mission_T,108,37.2885537557,127.1072539076,8.951711531,55.686746745,1,7,2,NONE,AAA_T_JUNCTION,AAA_T_JUNCTION,-35.048261000,-47.115559000,-1.053169211366,ZONE_05_LONG_CORRIDOR
T_A,mission_T,109,37.2885555673,127.1072538323,9.051554845,55.511403176,1,7,2,NONE,AAA_T_JUNCTION,AAA_T_JUNCTION,-35.054930000,-46.913892000,-1.078422026749,ZONE_05_LONG_CORRIDOR
T_A,mission_T,110,37.2885574837,127.1072538135,9.152405055,55.323404764,1,7,2,NONE,AAA_T_JUNCTION,AAA_T_JUNCTION,-35.056595000,-46.700558000,-1.116569513485,ZONE_05_LONG_CORRIDOR
T_A,mission_T,111,37.2885591689,127.1072538778,9.234754458,55.154752364,1,7,2,NONE,AAA_T_JUNCTION,AAA_T_JUNCTION,-35.050901000,-46.512961000,-1.109610491041,ZONE_05_LONG_CORRIDOR
T_A,mission_T,112,37.2885608224,127.1072539264,9.316688581,54.989870610,1,7,2,NONE,AAA_T_JUNCTION,AAA_T_JUNCTION,-35.046596000,-46.328894000,-1.208281031332,ZONE_05_LONG_CORRIDOR
T_A,mission_T,113,37.2885626689,127.1072542111,9.390129618,54.796236430,1,7,2,NONE,AAA_T_JUNCTION,AAA_T_JUNCTION,-35.021382000,-46.123341000,-1.299888279110,ZONE_05_LONG_CORRIDOR
T_A,mission_T,114,37.2885645023,127.1072547111,9.446017323,54.595010414,1,7,2,NONE,AAA_T_JUNCTION,AAA_T_JUNCTION,-34.977099000,-45.919247000,-1.218039532253,ZONE_05_LONG_CORRIDOR
T_A,mission_T,115,37.2885665023,127.1072550444,9.523609455,54.384251445,1,7,2,NONE,AAA_T_JUNCTION,AAA_T_JUNCTION,-34.947581000,-45.696607000,-1.299899448071,ZONE_05_LONG_CORRIDOR
T_A,mission_T,116,37.2885683356,127.1072555444,9.579492036,54.183035163,1,7,2,NONE,AAA_T_JUNCTION,AAA_T_JUNCTION,-34.903298000,-45.492524000,-1.270806010801,ZONE_05_LONG_CORRIDOR
T_A,mission_T,117,37.2885701688,127.1072559746,9.640839327,53.984709247,1,7,2,NONE,AAA_T_JUNCTION,AAA_T_JUNCTION,-34.865197000,-45.288453000,-1.328609709355,ZONE_05_LONG_CORRIDOR
T_A,mission_T,118,37.2885720023,127.1072565444,9.691263206,53.780593331,1,7,2,NONE,AAA_T_JUNCTION,AAA_T_JUNCTION,-34.814733000,-45.084347000,-1.433256696720,ZONE_05_LONG_CORRIDOR
T_A,mission_T,119,37.2885738356,127.1072573778,9.721018070,53.565622554,1,7,2,NONE,AAA_T_JUNCTION,AAA_T_JUNCTION,-34.740923000,-44.880264000,-1.433217697586,ZONE_05_LONG_CORRIDOR
T_A,mission_T,120,37.2885756689,127.1072582111,9.750780898,53.350655969,1,7,2,NONE,AAA_T_JUNCTION,AAA_T_JUNCTION,-34.667122000,-44.676181000,-1.367849917199,ZONE_05_LONG_CORRIDOR
T_A,mission_T,121,37.2885775023,127.1072588778,9.793604302,53.142552473,1,7,2,NONE,AAA_T_JUNCTION,AAA_T_JUNCTION,-34.608075000,-44.472087000,-1.367819091271,ZONE_05_LONG_CORRIDOR
T_A,mission_T,122,37.2885793356,127.1072595444,9.836431431,52.934463369,1,7,2,NONE,AAA_T_JUNCTION,AAA_T_JUNCTION,-34.549038000,-44.268004000,-1.394340489563,ZONE_05_LONG_CORRIDOR
T_A,mission_T,123,37.2885810023,127.1072602111,9.870610470,52.742780506,1,7,2,NONE,AAA_T_JUNCTION,AAA_T_JUNCTION,-34.489991000,-44.082467000,-1.394352729058,ZONE_05_LONG_CORRIDOR
T_A,mission_T,124,37.2885826689,127.1072608778,9.904785270,52.551107843,1,7,2,NONE,AAA_T_JUNCTION,AAA_T_JUNCTION,-34.430945000,-43.896941000,-1.367804703960,ZONE_05_LONG_CORRIDOR
T_A,mission_T,125,37.2885845023,127.1072615444,9.947617523,52.343009005,1,7,2,NONE,AAA_T_JUNCTION,AAA_T_JUNCTION,-34.371908000,-43.692847000,-1.433256696720,ZONE_05_LONG_CORRIDOR
T_A,mission_T,126,37.2885863356,127.1072623778,9.977372387,52.128038228,1,7,2,NONE,AAA_T_JUNCTION,AAA_T_JUNCTION,-34.298098000,-43.488764000,-1.433222030877,ZONE_05_LONG_CORRIDOR
T_A,mission_T,127,37.2885881689,127.1072632111,10.007134330,51.913071177,1,7,2,NONE,AAA_T_JUNCTION,AAA_T_JUNCTION,-34.224296000,-43.284681000,-1.433200461209,ZONE_05_LONG_CORRIDOR
T_A,mission_T,128,37.2885900023,127.1072640444,10.036902282,51.698094859,1,7,2,NONE,AAA_T_JUNCTION,AAA_T_JUNCTION,-34.150495000,-43.080587000,-1.403171447817,ZONE_05_LONG_CORRIDOR
T_A,mission_T,129,37.2885917070,127.1072647472,10.070222825,51.501179722,1,7,2,NONE,AAA_T_JUNCTION,AAA_T_JUNCTION,-34.088251000,-42.890820000,-1.358725514203,ZONE_05_LONG_CORRIDOR
T_A,mission_T,130,37.2885935023,127.1072653778,10.113900485,51.298318699,1,7,2,NONE,AAA_T_JUNCTION,AAA_T_JUNCTION,-34.032402000,-42.690967000,-1.433217697586,ZONE_05_LONG_CORRIDOR
T_A,mission_T,131,37.2885953356,127.1072662111,10.143663313,51.083352115,1,7,2,NONE,AAA_T_JUNCTION,AAA_T_JUNCTION,-33.958601000,-42.486884000,-1.531585738642,ZONE_05_LONG_CORRIDOR
T_A,mission_T,132,37.2885970023,127.1072672111,10.151722599,50.877918949,1,7,2,NONE,AAA_T_JUNCTION,AAA_T_JUNCTION,-33.870036000,-42.301347000,-1.464829135625,ZONE_05_LONG_CORRIDOR
T_A,mission_T,133,37.2885986689,127.1072680444,10.172841062,50.679372998,1,7,2,NONE,AAA_T_JUNCTION,AAA_T_JUNCTION,-33.796235000,-42.115821000,-1.394340489563,ZONE_05_LONG_CORRIDOR
T_A,mission_T,134,37.2886003356,127.1072687111,10.207020101,50.487690135,1,7,2,NONE,AAA_T_JUNCTION,AAA_T_JUNCTION,-33.737188000,-41.930284000,-1.406233038868,ZONE_05_LONG_CORRIDOR
T_A,mission_T,135,37.2886018879,127.1072693577,10.236842787,50.308105800,1,7,2,NONE,AAA_T_JUNCTION,AAA_T_JUNCTION,-33.679922000,-41.757482000,-1.458523723863,ZONE_05_LONG_CORRIDOR
T_A,mission_T,136,37.2886034599,127.1072701293,10.257890577,50.121423754,1,7,2,NONE,AAA_T_JUNCTION,AAA_T_JUNCTION,-33.611585000,-41.582487000,-1.527241439389,ZONE_05_LONG_CORRIDOR
T_A,mission_T,137,37.2886050023,127.1072710444,10.266157583,49.931737169,1,7,2,NONE,AAA_T_JUNCTION,AAA_T_JUNCTION,-33.530539000,-41.410787000,-1.531608788422,ZONE_05_LONG_CORRIDOR
T_A,mission_T,138,37.2886066689,127.1072720444,10.274211745,49.726313737,1,7,2,NONE,AAA_T_JUNCTION,AAA_T_JUNCTION,-33.441974000,-41.225261000,-1.624188366194,ZONE_05_LONG_CORRIDOR
T_A,mission_T,139,37.2886080023,127.1072730444,10.264987425,49.553712105,1,7,2,NONE,AAA_T_JUNCTION,AAA_T_JUNCTION,-33.353409000,-41.076827000,-1.612286331786,ZONE_05_LONG_CORRIDOR
T_A,mission_T,140,37.2886089846,127.1072737613,10.259742710,49.427375527,1,7,2,NONE,AAA_T_JUNCTION,AAA_T_JUNCTION,-33.289917000,-40.967478000,-1.621230948777,ZONE_05_LONG_CORRIDOR
T_A,mission_T,141,37.2886097930,127.1072743635,10.254469067,49.322900246,1,7,2,NONE,AAA_T_JUNCTION,AAA_T_JUNCTION,-33.236583000,-40.877487000,-1.626606324443,ZONE_05_LONG_CORRIDOR
T_A,mission_T,142,37.2886106913,127.1072750409,10.247964157,49.206466719,1,7,2,NONE,AAA_T_JUNCTION,AAA_T_JUNCTION,-33.176589000,-40.777488000,-1.633089024798,ZONE_05_LONG_CORRIDOR
T_A,mission_T,143,37.2886113800,127.1072755679,10.242376629,49.116884816,1,7,2,NONE,AAA_T_JUNCTION,AAA_T_JUNCTION,-33.129915000,-40.700822000,-1.608542653143,ZONE_05_LONG_CORRIDOR
T_A,mission_T,144,37.2886118741,127.1072759254,10.239981626,49.053464975,1,7,2,NONE,AAA_T_JUNCTION,AAA_T_JUNCTION,-33.098253000,-40.645819000,-1.572245268278,ZONE_05_LONG_CORRIDOR
T_A,mission_T,145,37.2886126676,127.1072764523,10.239836874,48.953563423,1,7,2,NONE,AAA_T_JUNCTION,AAA_T_JUNCTION,-33.051588000,-40.557486000,-1.549894138699,ZONE_05_LONG_CORRIDOR
T_A,mission_T,146,37.2886133863,127.1072769040,10.241706445,48.864132641,1,7,2,NONE,AAA_T_JUNCTION,AAA_T_JUNCTION,-33.011583000,-40.477480000,-1.515024410909,ZONE_05_LONG_CORRIDOR
T_A,mission_T,147,37.2886139103,127.1072772051,10.245281669,48.800094744,1,7,2,NONE,AAA_T_JUNCTION,AAA_T_JUNCTION,-32.984916000,-40.419149000,-1.499433743136,ZONE_05_LONG_CORRIDOR
T_A,mission_T,148,37.2886145648,127.1072775658,10.250954066,48.720742738,1,7,2,NONE,AAA_T_JUNCTION,AAA_T_JUNCTION,-32.952971000,-40.346290000,-1.464361989719,ZONE_05_LONG_CORRIDOR
T_A,mission_T,149,37.2886155103,127.1072780379,10.262985420,48.608129756,1,7,2,NONE,AAA_T_JUNCTION,AAA_T_JUNCTION,-32.911159000,-40.241037000,-1.473456368349,ZONE_05_LONG_CORRIDOR
T_A,mission_T,150,37.2886164956,127.1072785430,10.274497998,48.490231668,1,7,2,NONE,AAA_T_JUNCTION,AAA_T_JUNCTION,-32.866426000,-40.131349000,-1.473456368349,ZONE_05_LONG_CORRIDOR
COMMON_2,,0,37.2886232158,127.1072842689,10.174247320,47.592033439,1,8,2,NONE,,,-32.359311000,-39.383255000,-1.852759420449,ZONE_05_LONG_CORRIDOR
COMMON_2,,1,37.2886261511,127.1072878217,10.048027634,47.156313772,1,8,2,NONE,,,-32.044652000,-39.056494000,-1.665299516374,ZONE_05_LONG_CORRIDOR
COMMON_2,,2,37.2886289778,127.1072901447,10.012552019,46.782041289,1,8,2,NONE,,,-31.838914000,-38.741835000,-1.844607020023,ZONE_05_LONG_CORRIDOR
COMMON_2,,3,37.2886310434,127.1072926044,9.926903229,46.477094885,1,8,2,NONE,,,-31.621073000,-38.511893000,-1.747267157810,ZONE_05_LONG_CORRIDOR
COMMON_2,,4,37.2886330003,127.1072945175,9.878454277,46.205407079,1,8,2,NONE,,,-31.451642000,-38.294052000,-1.721254156868,ZONE_05_LONG_CORRIDOR
COMMON_2,,5,37.2886350659,127.1072964306,9.835641887,45.923010044,1,8,2,NONE,,,-31.282210000,-38.064109000,-1.747269382443,ZONE_05_LONG_CORRIDOR
COMMON_2,,6,37.2886370227,127.1072983436,9.787192469,45.651323122,1,8,2,NONE,,,-31.112779000,-37.846269000,-1.800315761977,ZONE_05_LONG_CORRIDOR
COMMON_2,,7,37.2886386535,127.1073001200,9.732539473,45.417399936,1,8,2,NONE,,,-30.955450000,-37.664735000,-1.742330669436,ZONE_05_LONG_CORRIDOR
COMMON_2,,8,37.2886407920,127.1073021895,9.681255430,45.121365579,1,8,2,NONE,,,-30.772169000,-37.426671000,-1.610146579390,ZONE_05_LONG_CORRIDOR
COMMON_2,,9,37.2886433566,127.1073040519,9.668284664,44.791912266,1,8,2,NONE,,,-30.607223000,-37.141188000,-1.684645313714,ZONE_05_LONG_CORRIDOR
COMMON_2,,10,37.2886458641,127.1073062009,9.629904087,44.456251759,1,8,2,NONE,,,-30.416901000,-36.862049000,-1.857927098864,ZONE_05_LONG_CORRIDOR
COMMON_2,,11,37.2886479727,127.1073087796,9.537154249,44.142155067,1,8,2,NONE,,,-30.188514000,-36.627318000,-1.967685887476,ZONE_05_LONG_CORRIDOR
COMMON_2,,12,37.2886495183,127.1073111367,9.432584120,43.892662701,1,8,2,NONE,,,-29.979762000,-36.455260000,-2.028226248340,ZONE_05_LONG_CORRIDOR
COMMON_2,,13,37.2886507194,127.1073132124,9.332192861,43.688719835,1,8,2,NONE,,,-29.795926000,-36.321561000,-2.107171033363,ZONE_05_LONG_CORRIDOR
COMMON_2,,14,37.2886516702,127.1073151623,9.228684834,43.514614076,1,8,2,NONE,,,-29.623231000,-36.215716000,-2.059844236126,ZONE_05_LONG_CORRIDOR
COMMON_2,,15,37.2886525209,127.1073167348,9.149563981,43.365937005,1,8,2,NONE,,,-29.483961000,-36.121012000,-2.024276357829,ZONE_05_LONG_CORRIDOR
COMMON_2,,16,37.2886536219,127.1073186218,9.058770508,43.179638334,1,8,2,NONE,,,-29.316837000,-35.998455000,-2.091577798735,ZONE_05_LONG_CORRIDOR
COMMON_2,,17,37.2886548637,127.1073210817,8.930394231,42.955830302,1,8,2,NONE,,,-29.098984000,-35.860214000,-2.087457610433,ZONE_05_LONG_CORRIDOR
COMMON_2,,18,37.2886559677,127.1073232486,8.817817768,42.757680109,1,8,2,NONE,,,-28.907064000,-35.737317000,-2.124027786969,ZONE_05_LONG_CORRIDOR
COMMON_2,,19,37.2886568599,127.1073251496,8.715111459,42.591370321,1,8,2,NONE,,,-28.738710000,-35.637997000,-2.193384215329,ZONE_05_LONG_CORRIDOR
COMMON_2,,20,37.2886576614,127.1073271645,8.598767985,42.429292122,1,8,2,NONE,,,-28.560260000,-35.548774000,-2.270094204795,ZONE_05_LONG_CORRIDOR
COMMON_2,,21,37.2886583269,127.1073292174,8.472394740,42.279042543,1,8,2,NONE,,,-28.378445000,-35.474690000,-2.379826580877,ZONE_05_LONG_CORRIDOR
COMMON_2,,22,37.2886588438,127.1073315008,8.320243495,42.133917858,1,8,2,NONE,,,-28.176207000,-35.417149000,-2.489264776982,ZONE_05_LONG_CORRIDOR
COMMON_2,,23,37.2886591582,127.1073338344,8.153672449,42.006676885,1,8,2,NONE,,,-27.969540000,-35.382150000,-2.459655392683,ZONE_05_LONG_CORRIDOR
COMMON_2,,24,37.2886595025,127.1073359984,8.001928348,41.883480325,1,8,2,NONE,,,-27.777877000,-35.343823000,-2.510712530504,ZONE_05_LONG_CORRIDOR
COMMON_2,,25,37.2886597637,127.1073382264,7.840874025,41.765836004,1,8,2,NONE,,,-27.580562000,-35.314746000,-2.573406201364,ZONE_05_LONG_CORRIDOR
COMMON_2,,26,37.2886599304,127.1073407263,7.653596351,41.646275522,1,8,2,NONE,,,-27.359150000,-35.296189000,-2.657022858193,ZONE_05_LONG_CORRIDOR
COMMON_2,,27,37.2886599304,127.1073427264,7.496857481,41.563762992,1,8,2,NONE,,,-27.182019000,-35.296189000,-2.746582681910,ZONE_05_LONG_CORRIDOR
COMMON_2,,28,37.2886597637,127.1073450596,7.305355377,41.483921257,1,8,2,NONE,,,-26.975371000,-35.314746000,-2.848017569452,ZONE_05_LONG_CORRIDOR
COMMON_2,,29,37.2886594304,127.1073472263,7.118269485,41.427363245,1,8,2,NONE,,,-26.783477000,-35.351849000,-2.848080599107,ZONE_05_LONG_CORRIDOR
COMMON_2,,30,37.2886590970,127.1073493930,6.931185548,41.370818693,1,8,2,NONE,,,-26.591591000,-35.388963000,-2.761345508770,ZONE_05_LONG_CORRIDOR
COMMON_2,,31,37.2886589304,127.1073513930,6.765808321,41.304717528,1,8,2,NONE,,,-26.414461000,-35.407509000,-2.804155474220,ZONE_05_LONG_CORRIDOR
COMMON_2,,32,37.2886586583,127.1073537006,6.570846674,41.236314068,1,8,2,NONE,,,-26.210080000,-35.437799000,-2.824154640697,ZONE_05_LONG_CORRIDOR
COMMON_2,,33,37.2886583948,127.1073556638,6.403328373,41.181276187,1,8,2,NONE,,,-26.036209000,-35.467132000,-2.913133948892,ZONE_05_LONG_CORRIDOR
COMMON_2,,34,37.2886579304,127.1073578930,6.204553484,41.135057417,1,8,2,NONE,,,-25.838788000,-35.518829000,-3.001809205256,ZONE_05_LONG_CORRIDOR
COMMON_2,,35,37.2886572637,127.1073602263,5.987115446,41.104463657,1,8,2,NONE,,,-25.632131000,-35.593046000,-3.001821519949,ZONE_05_LONG_CORRIDOR
COMMON_2,,36,37.2886565970,127.1073625596,5.769684486,41.073873623,1,8,2,NONE,,,-25.425482000,-35.667263000,-3.026014077467,ZONE_05_LONG_CORRIDOR
COMMON_2,,37,37.2886559304,127.1073647263,5.565314988,41.050147144,1,8,2,NONE,,,-25.233588000,-35.741469000,-2.924770798816,ZONE_05_LONG_CORRIDOR
COMMON_2,,38,37.2886553839,127.1073672302,5.340747686,41.000678401,1,8,2,NONE,,,-25.011830000,-35.802305000,-2.979963900331,ZONE_05_LONG_CORRIDOR
COMMON_2,,39,37.2886547637,127.1073695596,5.126033133,40.965668963,1,8,2,NONE,,,-24.805526000,-35.871346000,-3.001821519949,ZONE_05_LONG_CORRIDOR
COMMON_2,,40,37.2886540970,127.1073718929,4.908602174,40.935078929,1,8,2,NONE,,,-24.598877000,-35.945563000,-3.122900995068,ZONE_05_LONG_CORRIDOR
COMMON_2,,41,37.2886530970,127.1073743929,4.660831271,40.930447141,1,8,2,NONE,,,-24.377473000,-36.056883000,-3.053752859754,ZONE_05_LONG_CORRIDOR
COMMON_2,,42,37.2886522637,127.1073768929,4.421689691,40.909386800,1,8,2,NONE,,,-24.156052000,-36.149646000,-3.053765736694,ZONE_05_LONG_CORRIDOR
COMMON_2,,43,37.2886514304,127.1073793929,4.182555189,40.888330185,1,8,2,NONE,,,-23.934639000,-36.242409000,-3.077934247066,ZONE_05_LONG_CORRIDOR
COMMON_2,,44,37.2886498411,127.1073838552,3.750435989,40.860784947,1,8,2,NONE,,,-23.539436000,-36.419328000,-3.094157848659,ZONE_05_LONG_CORRIDOR
COMMON_2,,45,37.2886489657,127.1073862099,3.520504730,40.849870015,1,8,2,NONE,,,-23.330891000,-36.516778000,3.065094975485,ZONE_05_LONG_CORRIDOR
COMMON_2,,46,37.2886477991,127.1073885432,3.277150923,40.868522415,1,8,2,NONE,,,-23.124242000,-36.646644000,3.003284550983,ZONE_05_LONG_CORRIDOR
COMMON_2,,47,37.2886464657,127.1073908766,3.025140549,40.903601454,1,8,2,NONE,,,-22.917585000,-36.795078000,3.100494899554,ZONE_05_LONG_CORRIDOR
COMMON_2,,48,37.2886454657,127.1073930433,2.803482320,40.912716242,1,8,2,NONE,,,-22.725691000,-36.906398000,3.095704113576,ZONE_05_LONG_CORRIDOR
COMMON_2,,49,37.2886442991,127.1073955433,2.547064213,40.924491161,1,8,2,NONE,,,-22.504278000,-37.036264000,3.065056816627,ZONE_05_LONG_CORRIDOR
COMMON_2,,50,37.2886431324,127.1073978766,2.303705282,40.943153294,1,8,2,NONE,,,-22.297629000,-37.166141000,3.031166006615,ZONE_05_LONG_CORRIDOR
COMMON_2,,51,37.2886419657,127.1074000433,2.073402688,40.968688715,1,8,2,NONE,,,-22.105735000,-37.296018000,3.031205321895,ZONE_05_LONG_CORRIDOR
COMMON_2,,52,37.2886407991,127.1074022100,1.843105219,40.994214402,1,8,2,NONE,,,-21.913841000,-37.425884000,3.132043048475,ZONE_05_LONG_CORRIDOR
COMMON_2,,53,37.2886397991,127.1074045433,1.608390653,40.996455902,1,8,2,NONE,,,-21.707192000,-37.537204000,3.036538870861,ZONE_05_LONG_CORRIDOR
COMMON_2,,54,37.2886387274,127.1074065569,1.395013005,41.018954860,1,8,2,NONE,,,-21.528860000,-37.656510000,3.020615400735,ZONE_05_LONG_CORRIDOR
COMMON_2,,55,37.2886376424,127.1074085266,1.184387959,41.044560740,1,8,2,NONE,,,-21.354411000,-37.777283000,3.019176414225,ZONE_05_LONG_CORRIDOR
COMMON_2,,56,37.2886366379,127.1074103449,0.989804817,41.068500581,1,8,2,NONE,,,-21.193381000,-37.889109000,2.997368176634,ZONE_05_LONG_CORRIDOR
COMMON_2,,57,37.2886356735,127.1074120115,0.809179466,41.094733317,1,8,2,NONE,,,-21.045770000,-37.996462000,2.921667411330,ZONE_05_LONG_CORRIDOR
COMMON_2,,58,37.2886343073,127.1074140318,0.580010840,41.145961884,1,8,2,NONE,,,-20.866848000,-38.148546000,2.919962237078,ZONE_05_LONG_CORRIDOR
COMMON_2,,59,37.2886331421,127.1074157490,0.385008738,41.189902097,1,8,2,NONE,,,-20.714764000,-38.278265000,2.862987485433,ZONE_05_LONG_CORRIDOR
COMMON_2,,60,37.2886322581,127.1074169106,0.248131160,41.229055211,1,8,2,NONE,,,-20.611883000,-38.376672000,2.847463790273,ZONE_05_LONG_CORRIDOR
COMMON_2,,61,37.2886312485,127.1074181967,0.094993616,41.275442855,1,8,2,NONE,,,-20.497984000,-38.489055000,2.840764285590,ZONE_05_LONG_CORRIDOR
COMMON_2,,62,37.2886300053,127.1074197593,-0.091935597,41.333436543,1,8,2,NONE,,,-20.359590000,-38.627449000,2.862979855063,ZONE_05_LONG_CORRIDOR
COMMON_2,,63,37.2886290285,127.1074210429,-0.243182762,41.376701251,1,8,2,NONE,,,-20.245909000,-38.736188000,2.907333792201,ZONE_05_LONG_CORRIDOR
COMMON_2,,64,37.2886277853,127.1074228287,-0.447606847,41.425485060,1,8,2,NONE,,,-20.087744000,-38.874582000,2.840764285589,ZONE_05_LONG_CORRIDOR
COMMON_2,,65,37.2886262313,127.1074247820,-0.681269038,41.497977380,1,8,2,NONE,,,-19.914751000,-39.047575000,2.816379718413,ZONE_05_LONG_CORRIDOR
COMMON_2,,66,37.2886243664,127.1074270144,-0.952917214,41.589573038,1,8,2,NONE,,,-19.717044000,-39.255167000,2.722860147994,ZONE_05_LONG_CORRIDOR
COMMON_2,,67,37.2886225575,127.1074288065,-1.187173403,41.693829490,1,8,2,NONE,,,-19.558322000,-39.456544000,2.727465448699,ZONE_05_LONG_CORRIDOR
COMMON_2,,68,37.2886208182,127.1074305459,-1.413678254,41.793388996,1,8,2,NONE,,,-19.404271000,-39.650154000,2.632816871770,ZONE_05_LONG_CORRIDOR
COMMON_2,,69,37.2886189902,127.1074320429,-1.625789489,41.911694581,1,8,2,NONE,,,-19.271689000,-39.853647000,2.632384837577,ZONE_05_LONG_CORRIDOR
COMMON_2,,70,37.2886171568,127.1074335429,-1.838416065,42.030408065,1,8,2,NONE,,,-19.138841000,-40.057741000,2.563493746200,ZONE_05_LONG_CORRIDOR
COMMON_2,,71,37.2886154902,127.1074347095,-2.016264549,42.146446144,1,8,2,NONE,,,-19.035521000,-40.243267000,2.555444833745,ZONE_05_LONG_CORRIDOR
COMMON_2,,72,37.2886137016,127.1074359379,-2.205282363,42.271952241,1,8,2,NONE,,,-18.926728000,-40.442374000,2.572978556030,ZONE_05_LONG_CORRIDOR
COMMON_2,,73,37.2886119162,127.1074372157,-2.398005672,42.395105326,1,8,2,NONE,,,-18.813560000,-40.641125000,2.502381957652,ZONE_05_LONG_CORRIDOR
COMMON_2,,74,37.2886099902,127.1074383762,-2.588827564,42.536946615,1,8,2,NONE,,,-18.710780000,-40.855527000,2.402589482675,ZONE_05_LONG_CORRIDOR
COMMON_2,,75,37.2886082882,127.1074391504,-2.737759847,42.672663135,1,8,2,NONE,,,-18.642214000,-41.044996000,2.377113334544,ZONE_05_LONG_CORRIDOR
COMMON_2,,76,37.2886066755,127.1074398261,-2.874343964,42.803649177,1,8,2,NONE,,,-18.582371000,-41.224527000,2.388610268784,ZONE_05_LONG_CORRIDOR
COMMON_2,,77,37.2886046787,127.1074406949,-3.045970839,42.964494917,1,8,2,NONE,,,-18.505429000,-41.446804000,2.340483537157,ZONE_05_LONG_CORRIDOR
COMMON_2,,78,37.2886024516,127.1074415154,-3.225761489,43.150025585,1,8,2,NONE,,,-18.432762000,-41.694727000,2.220517961000,ZONE_05_LONG_CORRIDOR
COMMON_2,,79,37.2886006085,127.1074419015,-3.351599175,43.315652646,1,8,2,NONE,,,-18.398565000,-41.899905000,2.258411921874,ZONE_05_LONG_CORRIDOR
COMMON_2,,80,37.2885993029,127.1074422393,-3.445777491,43.430317520,1,8,2,NONE,,,-18.368643000,-42.045240000,2.252759753938,ZONE_05_LONG_CORRIDOR
COMMON_2,,81,37.2885966150,127.1074429150,-3.638115131,43.667211648,1,8,2,NONE,,,-18.308800000,-42.344458000,2.216987100438,ZONE_05_LONG_CORRIDOR
COMMON_2,,82,37.2885930823,127.1074436390,-3.878042054,43.985328049,1,8,2,NONE,,,-18.244682000,-42.737716000,2.215510652818,ZONE_05_LONG_CORRIDOR
COMMON_2,,83,37.2885910356,127.1074440545,-4.016740031,44.169792021,1,8,2,NONE,,,-18.207880000,-42.965553000,2.227558094401,ZONE_05_LONG_CORRIDOR
COMMON_2,,84,37.2885893983,127.1074444125,-4.129695185,44.316310223,1,8,2,NONE,,,-18.176181000,-43.147821000,2.155031276399,ZONE_05_LONG_CORRIDOR
COMMON_2,,85,37.2885876186,127.1074446361,-4.239513844,44.482390576,1,8,2,NONE,,,-18.156370000,-43.345938000,2.095346421942,ZONE_05_LONG_CORRIDOR
COMMON_2,,86,37.2885858389,127.1074447256,-4.338814873,44.654007757,1,8,2,NONE,,,-18.148445000,-43.544055000,1.996251998166,ZONE_05_LONG_CORRIDOR
COMMON_2,,87,37.2885838989,127.1074445813,-4.428104038,44.851056545,1,8,2,NONE,,,-18.161226000,-43.760012000,1.994231025438,ZONE_05_LONG_CORRIDOR
COMMON_2,,88,37.2885817322,127.1074444146,-4.527395987,45.071363325,1,8,2,NONE,,,-18.175990000,-44.001209000,1.873791449937,ZONE_05_LONG_CORRIDOR
COMMON_2,,89,37.2885795655,127.1074439146,-4.600567298,45.305420874,1,8,2,NONE,,,-18.220273000,-44.242406000,1.815308393654,ZONE_05_LONG_CORRIDOR
COMMON_2,,90,37.2885773989,127.1074432480,-4.660678033,45.546341512,1,8,2,NONE,,,-18.279310000,-44.483592000,1.831845592969,ZONE_05_LONG_CORRIDOR
COMMON_2,,91,37.2885750655,127.1074425813,-4.729429408,45.803697174,1,8,2,NONE,,,-18.338357000,-44.743346000,1.796125668691,ZONE_05_LONG_CORRIDOR
COMMON_2,,92,37.2885730655,127.1074419146,-4.780892938,46.028211104,1,8,2,NONE,,,-18.397403000,-44.965986000,1.823598310287,ZONE_05_LONG_CORRIDOR
COMMON_2,,93,37.2885709984,127.1074413014,-4.840028741,46.257127962,1,8,2,NONE,,,-18.451711000,-45.196096000,1.807748743557,ZONE_05_LONG_CORRIDOR
COMMON_2,,94,37.2885687322,127.1074405813,-4.901110683,46.510066771,1,8,2,NONE,,,-18.515487000,-45.448369000,1.703460555699,ZONE_05_LONG_CORRIDOR
COMMON_2,,95,37.2885665655,127.1074395813,-4.935097940,46.764752103,1,8,2,NONE,,,-18.604052000,-45.689566000,1.703445798689,ZONE_05_LONG_CORRIDOR
COMMON_2,,96,37.2885643989,127.1074385813,-4.969080073,47.019427702,1,8,2,NONE,,,-18.692617000,-45.930752000,1.735283309242,ZONE_05_LONG_CORRIDOR
COMMON_2,,97,37.2885623989,127.1074377480,-5.007487266,47.250814920,1,8,2,NONE,,,-18.766418000,-46.153392000,1.831845592969,ZONE_05_LONG_CORRIDOR
COMMON_2,,98,37.2885600655,127.1074370813,-5.076238641,47.508170583,1,8,2,NONE,,,-18.825465000,-46.413146000,1.735283309242,ZONE_05_LONG_CORRIDOR
COMMON_2,,99,37.2885580655,127.1074362480,-5.114645834,47.739557801,1,8,2,NONE,,,-18.899266000,-46.635786000,1.676762356844,ZONE_05_LONG_CORRIDOR
COMMON_2,,100,37.2885560655,127.1074352480,-5.139988726,47.977822499,1,8,2,NONE,,,-18.987831000,-46.858426000,1.676746982746,ZONE_05_LONG_CORRIDOR
COMMON_2,,101,37.2885537322,127.1074340813,-5.169550923,48.255796212,1,8,2,NONE,,,-19.091160000,-47.118169000,1.758433895292,ZONE_05_LONG_CORRIDOR
COMMON_2,,102,37.2885515655,127.1074332480,-5.216602481,48.503604063,1,8,2,NONE,,,-19.164961000,-47.359366000,1.676762356844,ZONE_05_LONG_CORRIDOR
COMMON_2,,103,37.2885495655,127.1074322480,-5.241945374,48.741868762,1,8,2,NONE,,,-19.253526000,-47.582006000,1.778498942580,ZONE_05_LONG_CORRIDOR
COMMON_2,,104,37.2885472322,127.1074314146,-5.297628209,49.006091706,1,8,2,NONE,,,-19.327336000,-47.841749000,1.703460555699,ZONE_05_LONG_CORRIDOR
COMMON_2,,105,37.2885450655,127.1074304146,-5.331615466,49.260777038,1,8,2,NONE,,,-19.415901000,-48.082946000,1.703442145160,ZONE_05_LONG_CORRIDOR
COMMON_2,,106,37.2885428989,127.1074294146,-5.365596714,49.515453102,1,8,2,NONE,,,-19.504467000,-48.324132000,1.650649981779,ZONE_05_LONG_CORRIDOR
COMMON_2,,107,37.2885407322,127.1074282480,-5.386527634,49.777011722,1,8,2,NONE,,,-19.607787000,-48.565329000,1.729885521359,ZONE_05_LONG_CORRIDOR
COMMON_2,,108,37.2885386836,127.1074273790,-5.424656979,50.014659064,1,8,2,NONE,,,-19.684750000,-48.793379000,1.764252154069,ZONE_05_LONG_CORRIDOR
COMMON_2,,109,37.2885365655,127.1074265813,-5.471978421,50.256210985,1,8,2,NONE,,,-19.755398000,-49.029166000,1.709358513067,ZONE_05_LONG_CORRIDOR
COMMON_2,,110,37.2885343379,127.1074255719,-5.508386423,50.517282922,1,8,2,NONE,,,-19.844796000,-49.277142000,1.753586140629,ZONE_05_LONG_CORRIDOR
COMMON_2,,111,37.2885322322,127.1074247480,-5.553012112,50.758694435,1,8,2,NONE,,,-19.917764000,-49.511549000,1.628649292540,ZONE_05_LONG_CORRIDOR
COMMON_2,,112,37.2885298989,127.1074234146,-5.569510009,51.043545628,1,8,2,NONE,,,-20.035857000,-49.771292000,1.650649981779,ZONE_05_LONG_CORRIDOR
COMMON_2,,113,37.2885277322,127.1074222480,-5.590440929,51.305104248,1,8,2,NONE,,,-20.139177000,-50.012489000,1.703493436756,ZONE_05_LONG_CORRIDOR
COMMON_2,,114,37.2885255655,127.1074212481,-5.624436150,51.559785387,1,8,2,NONE,,,-20.227733000,-50.253686000,1.703412917283,ZONE_05_LONG_CORRIDOR
COMMON_2,,115,37.2885233989,127.1074202480,-5.658410319,51.814465178,1,8,2,NONE,,,-20.316307000,-50.494872000,1.676762356844,ZONE_05_LONG_CORRIDOR
COMMON_2,,116,37.2885213989,127.1074192480,-5.683753211,52.052729877,1,8,2,NONE,,,-20.404872000,-50.717512000,1.650649981779,ZONE_05_LONG_CORRIDOR
COMMON_2,,117,37.2885192322,127.1074180814,-5.704684131,52.314288497,1,8,2,NONE,,,-20.508192000,-50.958709000,1.620842135258,ZONE_05_LONG_CORRIDOR
COMMON_2,,118,37.2885172322,127.1074169147,-5.716962722,52.559430676,1,8,2,NONE,,,-20.611521000,-51.181349000,1.615760233681,ZONE_05_LONG_CORRIDOR
COMMON_2,,119,37.2885149948,127.1074155921,-5.729334268,52.834389142,1,8,2,NONE,,,-20.728657000,-51.430416000,1.748684805210,ZONE_05_LONG_CORRIDOR
COMMON_2,,120,37.2885130344,127.1074148118,-5.769840813,53.059689700,1,8,2,NONE,,,-20.797765000,-51.648648000,1.743411821863,ZONE_05_LONG_CORRIDOR
COMMON_2,,121,37.2885112322,127.1074140813,-5.806046851,53.267351950,1,8,2,NONE,,,-20.862462000,-51.849269000,1.620845830813,ZONE_05_LONG_CORRIDOR
COMMON_2,,122,37.2885092322,127.1074129146,-5.818326327,53.512493664,1,8,2,NONE,,,-20.965790000,-52.071909000,1.620875395709,ZONE_05_LONG_CORRIDOR
COMMON_2,,123,37.2885072322,127.1074117480,-5.830612882,53.757631651,1,8,2,NONE,,,-21.069110000,-52.294549000,1.620842135258,ZONE_05_LONG_CORRIDOR
COMMON_2,,124,37.2885052322,127.1074105813,-5.842891473,54.002773830,1,8,2,NONE,,,-21.172439000,-52.517189000,1.600123411955,ZONE_05_LONG_CORRIDOR
COMMON_2,,125,37.2885030655,127.1074092481,-5.850766056,54.271205738,1,8,2,NONE,,,-21.290514000,-52.758386000,1.703412917283,ZONE_05_LONG_CORRIDOR
COMMON_2,,126,37.2885008989,127.1074082480,-5.884740225,54.525885529,1,8,2,NONE,,,-21.379088000,-52.999572000,1.620875395709,ZONE_05_LONG_CORRIDOR
COMMON_2,,127,37.2884988989,127.1074070814,-5.897026780,54.771023516,1,8,2,NONE,,,-21.482408000,-53.222212000,1.620842135258,ZONE_05_LONG_CORRIDOR
COMMON_2,,128,37.2884968989,127.1074059147,-5.909305372,55.016165695,1,8,2,NONE,,,-21.585737000,-53.444852000,1.600093311978,ZONE_05_LONG_CORRIDOR
COMMON_2,,129,37.2884947322,127.1074045814,-5.917171991,55.284601796,1,8,2,NONE,,,-21.703821000,-53.686049000,1.740003774076,ZONE_05_LONG_CORRIDOR
COMMON_2,,130,37.2884924692,127.1074036534,-5.961795772,55.545802409,1,8,2,NONE,,,-21.786009000,-53.937966000,1.720567690925,ZONE_05_LONG_CORRIDOR
COMMON_2,,131,37.2884903989,127.1074027481,-5.998205682,55.787085246,1,8,2,NONE,,,-21.866187000,-54.168432000,1.758365657642,ZONE_05_LONG_CORRIDOR
COMMON_2,,132,37.2884882322,127.1074019146,-6.045241312,56.034901482,1,8,2,NONE,,,-21.940006000,-54.409629000,1.694991987498,ZONE_05_LONG_CORRIDOR
COMMON_2,,133,37.2884850655,127.1074004147,-6.091907537,56.408715204,1,8,2,NONE,,,-22.072845000,-54.762146000,1.758387014496,ZONE_05_LONG_CORRIDOR
COMMON_2,,134,37.2884828989,127.1073995813,-6.138946007,56.656517514,1,8,2,NONE,,,-22.146655000,-55.003332000,1.693639924500,ZONE_05_LONG_CORRIDOR
COMMON_2,,135,37.2884807359,127.1073985526,-6.170491990,56.912022412,1,8,2,NONE,,,-22.237762000,-55.244117000,1.768558573457,ZONE_05_LONG_CORRIDOR
COMMON_2,,136,37.2884785655,127.1073977480,-6.219983937,57.159011164,1,8,2,NONE,,,-22.309022000,-55.485726000,1.731316288748,ZONE_05_LONG_CORRIDOR
COMMON_2,,137,37.2884766190,127.1073969262,-6.256518348,57.384653386,1,8,2,NONE,,,-22.381804000,-55.702410000,1.707616926580,ZONE_05_LONG_CORRIDOR
COMMON_2,,138,37.2884743989,127.1073959147,-6.292373263,57.645073981,1,8,2,NONE,,,-22.471388000,-55.949552000,1.650649981779,ZONE_05_LONG_CORRIDOR
COMMON_2,,139,37.2884722322,127.1073947481,-6.313304183,57.906632601,1,8,2,NONE,,,-22.574708000,-56.190749000,1.650618453650,ZONE_05_LONG_CORRIDOR
COMMON_2,,140,37.2884700655,127.1073935814,-6.334227140,58.168195413,1,8,2,NONE,,,-22.678037000,-56.431946000,1.676762356844,ZONE_05_LONG_CORRIDOR
COMMON_2,,141,37.2884680655,127.1073925814,-6.359570032,58.406460112,1,8,2,NONE,,,-22.766602000,-56.654586000,1.726756904714,ZONE_05_LONG_CORRIDOR
COMMON_2,,142,37.2884657322,127.1073915814,-6.402196530,58.677556344,1,8,2,NONE,,,-22.855167000,-56.914329000,1.676762356844,ZONE_05_LONG_CORRIDOR
COMMON_2,,143,37.2884637322,127.1073905814,-6.427539422,58.915821043,1,8,2,NONE,,,-22.943732000,-57.136969000,1.551919436673,ZONE_05_LONG_CORRIDOR
COMMON_2,,144,37.2884615655,127.1073890814,-6.422341740,59.191134624,1,8,2,NONE,,,-23.076580000,-57.378166000,1.551874715357,ZONE_05_LONG_CORRIDOR
COMMON_2,,145,37.2884593989,127.1073875813,-6.417131856,59.466442198,1,8,2,NONE,,,-23.209436000,-57.619352000,1.620875395709,ZONE_05_LONG_CORRIDOR
COMMON_2,,146,37.2884573989,127.1073864147,-6.429418411,59.711580185,1,8,2,NONE,,,-23.312756000,-57.841992000,1.676791442347,ZONE_05_LONG_CORRIDOR
COMMON_2,,147,37.2884550655,127.1073852481,-6.458993696,59.989559438,1,8,2,NONE,,,-23.416076000,-58.101746000,1.567678684467,ZONE_05_LONG_CORRIDOR
COMMON_2,,148,37.2884530655,127.1073839147,-6.458207986,60.241579098,1,8,2,NONE,,,-23.534169000,-58.324386000,1.567710233053,ZONE_05_LONG_CORRIDOR
COMMON_2,,149,37.2884510655,127.1073825814,-6.457430240,60.493594566,1,8,2,NONE,,,-23.652253000,-58.547026000,1.582568660162,ZONE_05_LONG_CORRIDOR
COMMON_2,,150,37.2884487322,127.1073810813,-6.460864721,60.785322773,1,8,2,NONE,,,-23.785109000,-58.806769000,1.600123411955,ZONE_05_LONG_CORRIDOR
COMMON_2,,151,37.2884465655,127.1073797481,-6.468739304,61.053754681,1,8,2,NONE,,,-23.903184000,-59.047966000,1.650601945076,ZONE_05_LONG_CORRIDOR
COMMON_2,,152,37.2884443989,127.1073785814,-6.489657136,61.315307760,1,8,2,NONE,,,-24.006513000,-59.289152000,1.703460555699,ZONE_05_LONG_CORRIDOR
COMMON_2,,153,37.2884422322,127.1073775814,-6.523644393,61.569993093,1,8,2,NONE,,,-24.095078000,-59.530349000,1.620842135258,ZONE_05_LONG_CORRIDOR
COMMON_2,,154,37.2884402322,127.1073764147,-6.535922984,61.815135272,1,8,2,NONE,,,-24.198407000,-59.752989000,1.567710233053,ZONE_05_LONG_CORRIDOR
COMMON_2,,155,37.2884382322,127.1073750814,-6.535145238,62.067150739,1,8,2,NONE,,,-24.316491000,-59.975629000,1.600093311978,ZONE_05_LONG_CORRIDOR
COMMON_2,,156,37.2884360655,127.1073737481,-6.543011858,62.335586840,1,8,2,NONE,,,-24.434575000,-60.216826000,1.600048545140,ZONE_05_LONG_CORRIDOR
COMMON_2,,157,37.2884338989,127.1073724147,-6.550866274,62.604016934,1,8,2,NONE,,,-24.552667000,-60.458012000,1.620875395709,ZONE_05_LONG_CORRIDOR
COMMON_2,,158,37.2884318989,127.1073712481,-6.563152829,62.849154920,1,8,2,NONE,,,-24.655987000,-60.680652000,1.567678684467,ZONE_05_LONG_CORRIDOR
COMMON_2,,159,37.2884298989,127.1073699147,-6.562367119,63.101174580,1,8,2,NONE,,,-24.774080000,-60.903292000,1.551919436673,ZONE_05_LONG_CORRIDOR
COMMON_2,,160,37.2884277322,127.1073684147,-6.557169438,63.376488161,1,8,2,NONE,,,-24.906928000,-61.144489000,1.620875395709,ZONE_05_LONG_CORRIDOR
COMMON_2,,161,37.2884257322,127.1073672481,-6.569455993,63.621626148,1,8,2,NONE,,,-25.010248000,-61.367129000,1.578043728978,ZONE_05_LONG_CORRIDOR
COMMON_2,,162,37.2884236699,127.1073659074,-6.571329169,63.880083344,1,8,2,NONE,,,-25.128987000,-61.596704000,1.528813929942,ZONE_05_LONG_CORRIDOR
COMMON_2,,163,37.2884213989,127.1073642481,-6.559056390,64.172243111,1,8,2,NONE,,,-25.275943000,-61.849512000,1.551919436673,ZONE_05_LONG_CORRIDOR
COMMON_2,,164,37.2884192322,127.1073627481,-6.553858709,64.447556692,1,8,2,NONE,,,-25.408791000,-62.090709000,1.469904156198,ZONE_05_LONG_CORRIDOR
COMMON_2,,165,37.2884172322,127.1073610814,-6.526953246,64.713326655,1,8,2,NONE,,,-25.556402000,-62.313349000,1.425257928449,ZONE_05_LONG_CORRIDOR
COMMON_2,,166,37.2884152322,127.1073592481,-6.486990561,64.985970371,1,8,2,NONE,,,-25.718769000,-62.535989000,1.425234471953,ZONE_05_LONG_CORRIDOR
COMMON_2,,167,37.2884132322,127.1073574147,-6.447020798,65.258617815,1,8,2,NONE,,,-25.881144000,-62.758629000,1.383321177159,ZONE_05_LONG_CORRIDOR
COMMON_2,,168,37.2884113989,127.1073555814,-6.398414633,65.514840432,1,8,2,NONE,,,-26.043510000,-62.962712000,1.429202691427,ZONE_05_LONG_CORRIDOR
COMMON_2,,169,37.2884095655,127.1073539147,-6.362869044,65.764199960,1,8,2,NONE,,,-26.191122000,-63.166806000,1.340553752022,ZONE_05_LONG_CORRIDOR
COMMON_2,,170,37.2884077322,127.1073519147,-6.301198579,66.027300058,1,8,2,NONE,,,-26.368252000,-63.370889000,1.253150175242,ZONE_05_LONG_CORRIDOR
COMMON_2,,171,37.2884060655,127.1073497481,-6.217832535,66.280862544,1,8,2,NONE,,,-26.560137000,-63.556426000,1.242290822950,ZONE_05_LONG_CORRIDOR
COMMON_2,,172,37.2884050439,127.1073483909,-6.164446300,66.437486610,1,8,2,NONE,,,-26.680337000,-63.670150000,1.239214904827,ZONE_05_LONG_CORRIDOR
COMMON_2,,173,37.2884035655,127.1073464147,-6.086236811,66.664646436,1,8,2,NONE,,,-26.855360000,-63.834726000,1.216158793582,ZONE_05_LONG_CORRIDOR
COMMON_2,,174,37.2884018989,127.1073440814,-5.989801342,66.925076669,1,8,2,NONE,,,-27.062009000,-64.020252000,1.274723558948,ZONE_05_LONG_CORRIDOR
COMMON_2,,175,37.2884002534,127.1073420327,-5.914575815,67.171686675,1,8,2,NONE,,,-27.243452000,-64.203429000,1.147004050644,ZONE_05_LONG_CORRIDOR
COMMON_2,,176,37.2883987322,127.1073395814,-5.801353510,67.422662214,1,8,2,NONE,,,-27.460551000,-64.372769000,1.075114312239,ZONE_05_LONG_CORRIDOR
COMMON_2,,177,37.2883973989,127.1073370814,-5.674570134,67.657138395,1,8,2,NONE,,,-27.681964000,-64.521192000,1.045672158805,ZONE_05_LONG_CORRIDOR
COMMON_2,,178,37.2883960655,127.1073344147,-5.534727582,67.898501789,1,8,2,NONE,,,-27.918141000,-64.669626000,0.953553425823,ZONE_05_LONG_CORRIDOR
COMMON_2,,179,37.2883949269,127.1073315902,-5.372417421,68.127186603,1,8,2,NONE,,,-28.168293000,-64.796375000,1.083162116495,ZONE_05_LONG_CORRIDOR
COMMON_2,,180,37.2883935655,127.1073290814,-5.246401837,68.364793553,1,8,2,NONE,,,-28.390485000,-64.947926000,1.037655748267,ZONE_05_LONG_CORRIDOR
COMMON_2,,181,37.2883924814,127.1073268742,-5.129642524,68.562642560,1,8,2,NONE,,,-28.585966000,-65.068608000,0.937918544878,ZONE_05_LONG_CORRIDOR
COMMON_2,,182,37.2883913989,127.1073240814,-4.966907999,68.784493281,1,8,2,NONE,,,-28.833310000,-65.189112000,0.820508114655,ZONE_05_LONG_CORRIDOR
COMMON_2,,183,37.2883905655,127.1073210814,-4.775016838,68.990355278,1,8,2,NONE,,,-29.099006000,-65.281886000,0.925030453327,ZONE_05_LONG_CORRIDOR
COMMON_2,,184,37.2883895655,127.1073184147,-4.617886440,69.198876940,1,8,2,NONE,,,-29.335182000,-65.393206000,0.789010430885,ZONE_05_LONG_CORRIDOR
COMMON_2,,185,37.2883888989,127.1073157481,-4.443474391,69.374553609,1,8,2,NONE,,,-29.571350000,-65.467412000,0.778013938310,ZONE_05_LONG_CORRIDOR
COMMON_2,,186,37.2883882939,127.1073132315,-4.277623266,69.537973280,1,8,2,NONE,,,-29.794233000,-65.534760000,0.730157657352,ZONE_05_LONG_CORRIDOR
COMMON_2,,187,37.2883877322,127.1073104147,-4.086001134,69.709513698,1,8,2,NONE,,,-30.043703000,-65.597289000,0.623317624368,ZONE_05_LONG_CORRIDOR
COMMON_2,,188,37.2883873989,127.1073074147,-3.868177762,69.866113329,1,8,2,NONE,,,-30.309398000,-65.634392000,0.623358233087,ZONE_05_LONG_CORRIDOR
COMMON_2,,189,37.2883870655,127.1073044147,-3.650359514,70.022722693,1,8,2,NONE,,,-30.575093000,-65.671506000,0.631366937732,ZONE_05_LONG_CORRIDOR
COMMON_2,,190,37.2883867322,127.1073015814,-3.445599558,70.172445309,1,8,2,NONE,,,-30.826025000,-65.708609000,0.640395140799,ZONE_05_LONG_CORRIDOR
COMMON_2,,191,37.2883863989,127.1072989147,-3.253896824,70.315294171,1,8,2,NONE,,,-31.062201000,-65.745712000,0.538968798586,ZONE_05_LONG_CORRIDOR
COMMON_2,,192,37.2883862840,127.1072962624,-3.051997103,70.436036011,1,8,2,NONE,,,-31.297102000,-65.758503000,0.430752043170,ZONE_05_LONG_CORRIDOR
COMMON_2,,193,37.2883863989,127.1072935814,-2.835931223,70.535325102,1,8,2,NONE,,,-31.534545000,-65.745712000,0.484569795397,ZONE_05_LONG_CORRIDOR
COMMON_2,,194,37.2883863989,127.1072905814,-2.600823360,70.659093665,1,8,2,NONE,,,-31.800241000,-65.745712000,0.410795167948,ZONE_05_LONG_CORRIDOR
COMMON_2,,195,37.2883865655,127.1072877481,-2.370141442,70.759573382,1,8,2,NONE,,,-32.051172000,-65.727166000,0.484569795397,ZONE_05_LONG_CORRIDOR
COMMON_2,,196,37.2883865655,127.1072850814,-2.161154217,70.869591177,1,8,2,NONE,,,-32.287349000,-65.727166000,0.484569795397,ZONE_05_LONG_CORRIDOR
COMMON_2,,197,37.2883865655,127.1072822481,-1.939111540,70.986481794,1,8,2,NONE,,,-32.538280000,-65.727166000,0.397572357092,ZONE_05_LONG_CORRIDOR
COMMON_2,,198,37.2883867530,127.1072795459,-1.717619045,71.079494146,1,8,2,NONE,,,-32.777601000,-65.706293000,0.272524422672,ZONE_05_LONG_CORRIDOR
COMMON_2,,199,37.2883872322,127.1072767481,-1.473509302,71.147717405,1,8,2,NONE,,,-33.025388000,-65.652949000,0.345821966426,ZONE_05_LONG_CORRIDOR
COMMON_2,,200,37.2883875655,127.1072737481,-1.221118718,71.238653970,1,8,2,NONE,,,-33.291083000,-65.615846000,0.328699646021,ZONE_05_LONG_CORRIDOR
COMMON_2,,201,37.2883878989,127.1072710814,-0.994842762,71.315830498,1,8,2,NONE,,,-33.527260000,-65.578732000,0.410795167948,ZONE_05_LONG_CORRIDOR
COMMON_2,,202,37.2883880655,127.1072682481,-0.764160844,71.416310215,1,8,2,NONE,,,-33.778191000,-65.560186000,0.328699646021,ZONE_05_LONG_CORRIDOR
COMMON_2,,203,37.2883883989,127.1072655814,-0.537884889,71.493486743,1,8,2,NONE,,,-34.014368000,-65.523072000,0.278571407973,ZONE_05_LONG_CORRIDOR
COMMON_2,,204,37.2883888634,127.1072627874,-0.294834559,71.563001140,1,8,2,NONE,,,-34.261819000,-65.471364000,0.208151670340,ZONE_05_LONG_CORRIDOR
COMMON_2,,205,37.2883893989,127.1072604147,-0.081119683,71.608140052,1,8,2,NONE,,,-34.471957000,-65.411752000,0.253113818138,ZONE_05_LONG_CORRIDOR
COMMON_2,,206,37.2883898989,127.1072577481,0.153787550,71.668901488,1,8,2,NONE,,,-34.708125000,-65.356092000,0.161186074242,ZONE_05_LONG_CORRIDOR
COMMON_2,,207,37.2883905655,127.1072552481,0.384276801,71.706378270,1,8,2,NONE,,,-34.929537000,-65.281886000,0.266298353246,ZONE_05_LONG_CORRIDOR
COMMON_2,,208,37.2883910655,127.1072524147,0.632256298,71.774021378,1,8,2,NONE,,,-35.180478000,-65.226226000,0.238286565324,ZONE_05_LONG_CORRIDOR
COMMON_2,,209,37.2883915655,127.1072499147,0.854106308,71.827909060,1,8,2,NONE,,,-35.401890000,-65.170566000,0.180086768676,ZONE_05_LONG_CORRIDOR
COMMON_2,,210,37.2883922322,127.1072472481,1.097657906,71.872249862,1,8,2,NONE,,,-35.638058000,-65.096349000,0.110311114008,ZONE_05_LONG_CORRIDOR
COMMON_2,,211,37.2883930655,127.1072445814,1.349855823,71.900183491,1,8,2,NONE,,,-35.874234000,-65.003586000,0.139771133640,ZONE_05_LONG_CORRIDOR
COMMON_2,,212,37.2883937322,127.1072422481,1.567286782,71.930773525,1,8,2,NONE,,,-36.080883000,-64.929369000,0.098189359972,ZONE_05_LONG_CORRIDOR
COMMON_2,,213,37.2883944491,127.1072400332,1.778041983,71.951534205,1,8,2,NONE,,,-36.277046000,-64.849564000,0.056493525015,ZONE_05_LONG_CORRIDOR
COMMON_2,,214,37.2883952769,127.1072377529,1.999673492,71.964068288,1,8,2,NONE,,,-36.479001000,-64.757413000,0.082919313335,ZONE_05_LONG_CORRIDOR
COMMON_2,,215,37.2883958986,127.1072359131,2.176095870,71.978730730,1,8,2,NONE,,,-36.641943000,-64.688205000,0.088111311847,ZONE_05_LONG_CORRIDOR
COMMON_2,,216,37.2883965389,127.1072339906,2.359964224,71.994973668,1,8,2,NONE,,,-36.812210000,-64.616927000,0.147952066446,ZONE_05_LONG_CORRIDOR
COMMON_2,,217,37.2883970368,127.1072322022,2.525937726,72.019710550,1,8,2,NONE,,,-36.970599000,-64.561501000,0.079637950313,ZONE_05_LONG_CORRIDOR
COMMON_2,,218,37.2883975704,127.1072306374,2.676240590,72.031705731,1,8,2,NONE,,,-37.109186000,-64.502100000,0.003674447183,ZONE_05_LONG_CORRIDOR
COMMON_2,,219,37.2883984241,127.1072285808,2.881683462,72.032460624,1,8,2,NONE,,,-37.291329000,-64.407067000,0.031260486920,ZONE_05_LONG_CORRIDOR
COMMON_2,,220,37.2883990999,127.1072268371,3.053379880,72.037829686,1,8,2,NONE,,,-37.445760000,-64.331837000,0.044735440090,ZONE_05_LONG_CORRIDOR
COMMON_2,,221,37.2883996690,127.1072253170,3.202020474,72.044483628,1,8,2,NONE,,,-37.580388000,-64.268484000,0.044671767578,ZONE_05_LONG_CORRIDOR
COMMON_2,,222,37.2884002382,127.1072237969,3.350664840,72.051128255,1,8,2,NONE,,,-37.715015000,-64.205121000,0.087508676349,ZONE_05_LONG_CORRIDOR
COMMON_2,,223,37.2884007006,127.1072224109,3.483263086,72.062761462,1,8,2,NONE,,,-37.837767000,-64.153647000,0.152514890232,ZONE_05_LONG_CORRIDOR
COMMON_2,,224,37.2884010563,127.1072211143,3.603321367,72.081215445,1,8,2,NONE,,,-37.952600000,-64.114050000,0.218346238894,ZONE_05_LONG_CORRIDOR
COMMON_2,,225,37.2884013764,127.1072196389,3.735545994,72.110553921,1,8,2,NONE,,,-38.083269000,-64.078417000,0.193140803969,ZONE_05_LONG_CORRIDOR
COMMON_2,,226,37.2884016965,127.1072182976,3.857261421,72.134358877,1,8,2,NONE,,,-38.202061000,-64.042783000,0.113667899273,ZONE_05_LONG_CORRIDOR
COMMON_2,,227,37.2884024435,127.1072158833,4.085204511,72.160380858,1,8,2,NONE,,,-38.415884000,-63.959627000,0.147112272752,ZONE_05_LONG_CORRIDOR
COMMON_2,,228,37.2884031549,127.1072133349,4.321810307,72.195441769,1,8,2,NONE,,,-38.641583000,-63.880434000,0.072140309167,ZONE_05_LONG_CORRIDOR
COMMON_2,,229,37.2884039019,127.1072111889,4.528726986,72.210394751,1,8,2,NONE,,,-38.831644000,-63.797278000,0.086935535427,ZONE_05_LONG_CORRIDOR
COMMON_2,,230,37.2884046489,127.1072089534,4.742657189,72.229039883,1,8,2,NONE,,,-39.029631000,-63.714122000,0.078527059427,ZONE_05_LONG_CORRIDOR
COMMON_2,,231,37.2884052322,127.1072072481,4.906547517,72.241936228,1,8,2,NONE,,,-39.180661000,-63.649189000,0.161957685261,ZONE_05_LONG_CORRIDOR
COMMON_2,,232,37.2884057392,127.1072053418,5.082233657,72.270641370,1,8,2,NONE,,,-39.349493000,-63.592750000,0.192112588312,ZONE_05_LONG_CORRIDOR
COMMON_2,,233,37.2884062324,127.1072032829,5.269163377,72.307001343,1,8,2,NONE,,,-39.531840000,-63.537847000,0.242022449443,ZONE_05_LONG_CORRIDOR
COMMON_2,,234,37.2884066551,127.1072011355,5.459372050,72.353956509,1,8,2,NONE,,,-39.722024000,-63.490792000,0.256338121899,ZONE_05_LONG_CORRIDOR
COMMON_2,,235,37.2884070655,127.1071989147,5.654696465,72.405151882,1,8,2,NONE,,,-39.918710000,-63.445106000,0.248495719662,ZONE_05_LONG_CORRIDOR
COMMON_2,,236,37.2884075006,127.1071966413,5.855422305,72.456084092,1,8,2,NONE,,,-40.120053000,-63.396671000,0.152627736538,ZONE_05_LONG_CORRIDOR
COMMON_2,,237,37.2884080655,127.1071945814,6.046149015,72.485422447,1,8,2,NONE,,,-40.302489000,-63.333786000,0.115528710747,ZONE_05_LONG_CORRIDOR
COMMON_2,,238,37.2884087322,127.1071924147,6.250523638,72.509139193,1,8,2,NONE,,,-40.494383000,-63.259569000,0.202248198869,ZONE_05_LONG_CORRIDOR
COMMON_2,,239,37.2884092322,127.1071902481,6.446245931,72.549272379,1,8,2,NONE,,,-40.686268000,-63.203909000,0.221478928692,ZONE_05_LONG_CORRIDOR
COMMON_2,,240,37.2884097322,127.1071879147,6.655040490,72.596287239,1,8,2,NONE,,,-40.892926000,-63.148249000,0.217629175975,ZONE_05_LONG_CORRIDOR
COMMON_2,,241,37.2884102130,127.1071857048,6.853160807,72.640097854,1,8,2,NONE,,,-41.088646000,-63.094726000,0.206963790097,ZONE_05_LONG_CORRIDOR
COMMON_2,,242,37.2884107322,127.1071834147,7.059556456,72.683434819,1,8,2,NONE,,,-41.291468000,-63.036929000,0.139771133640,ZONE_05_LONG_CORRIDOR
COMMON_2,,243,37.2884113989,127.1071810814,7.276987416,72.714024853,1,8,2,NONE,,,-41.498117000,-62.962712000,0.028133210656,ZONE_05_LONG_CORRIDOR
COMMON_2,,244,37.2884122738,127.1071788418,7.497872168,72.720240690,1,8,2,NONE,,,-41.696468000,-62.865318000,0.125560380126,ZONE_05_LONG_CORRIDOR
COMMON_2,,245,37.2884128989,127.1071767481,7.694367938,72.745043251,1,8,2,NONE,,,-41.881896000,-62.795732000,0.202260747587,ZONE_05_LONG_CORRIDOR
COMMON_2,,246,37.2884133989,127.1071745814,7.890098195,72.785180630,1,8,2,NONE,,,-42.073790000,-62.740072000,0.115578576123,ZONE_05_LONG_CORRIDOR
COMMON_2,,247,37.2884140655,127.1071724147,8.094467694,72.808907110,1,8,2,NONE,,,-42.265684000,-62.665866000,0.087607586005,ZONE_05_LONG_CORRIDOR
COMMON_2,,248,37.2884147573,127.1071703405,8.292894939,72.826335452,1,8,2,NONE,,,-42.449386000,-62.588855000,0.016814132331,ZONE_05_LONG_CORRIDOR
COMMON_2,,249,37.2884157322,127.1071679147,8.533556882,72.830382356,1,8,2,NONE,,,-42.664227000,-62.480329000,0.062637998851,ZONE_05_LONG_CORRIDOR
COMMON_2,,250,37.2884165655,127.1071655814,8.759627082,72.844561489,1,8,2,NONE,,,-42.870876000,-62.387566000,0.062593696616,ZONE_05_LONG_CORRIDOR
COMMON_2,,251,37.2884173989,127.1071632481,8.985702407,72.858730890,1,8,2,NONE,,,-43.077525000,-62.294792000,0.161187435070,ZONE_05_LONG_CORRIDOR
COMMON_2,,252,37.2884180655,127.1071607481,9.216192543,72.896208137,1,8,2,NONE,,,-43.298938000,-62.220586000,0.087783045156,ZONE_05_LONG_CORRIDOR
COMMON_2,,253,37.2884188989,127.1071582481,9.455331284,72.917254552,1,8,2,NONE,,,-43.520350000,-62.127812000,0.115578576123,ZONE_05_LONG_CORRIDOR
COMMON_2,,254,37.2884195655,127.1071560814,9.659700782,72.940981031,1,8,2,NONE,,,-43.712244000,-62.053606000,0.018707972101,ZONE_05_LONG_CORRIDOR
COMMON_2,,255,37.2884205655,127.1071535814,9.907479648,72.945617012,1,8,2,NONE,,,-43.933657000,-61.942286000,0.087784654963,ZONE_05_LONG_CORRIDOR
COMMON_2,,256,37.2884213989,127.1071510814,10.146619274,72.966663893,1,8,2,NONE,,,-44.155070000,-61.849512000,0.062637998851,ZONE_05_LONG_CORRIDOR
COMMON_2,,257,37.2884222322,127.1071487481,10.372689474,72.980843027,1,8,2,NONE,,,-44.361719000,-61.756749000,0.161141410675,ZONE_05_LONG_CORRIDOR
COMMON_2,,258,37.2884228989,127.1071462481,10.603183850,73.018310075,1,8,2,NONE,,,-44.583131000,-61.682532000,0.062654269686,ZONE_05_LONG_CORRIDOR
COMMON_2,,259,37.2884237322,127.1071439147,10.829262014,73.032493402,1,8,2,NONE,,,-44.789789000,-61.589769000,-0.009549605114,ZONE_05_LONG_CORRIDOR
COMMON_2,,260,37.2884247322,127.1071415814,11.063976580,73.030251902,1,8,2,NONE,,,-44.996438000,-61.478449000,0.034284074241,ZONE_05_LONG_CORRIDOR
COMMON_2,,261,37.2884255655,127.1071394147,11.276990443,73.037557748,1,8,2,NONE,,,-45.188332000,-61.385686000,-0.009549605114,ZONE_05_LONG_CORRIDOR
COMMON_2,,262,37.2884265655,127.1071370814,11.511705009,73.035316248,1,8,2,NONE,,,-45.394981000,-61.274366000,-0.079572067512,ZONE_05_LONG_CORRIDOR
COMMON_2,,263,37.2884276241,127.1071349785,11.731402285,73.017797492,1,8,2,NONE,,,-45.581225000,-61.156523000,-0.026231266872,ZONE_05_LONG_CORRIDOR
COMMON_2,,264,37.2884286023,127.1071327845,11.954069160,73.011955317,1,8,2,NONE,,,-45.775536000,-61.047629000,-0.124413249744,ZONE_05_LONG_CORRIDOR
COMMON_2,,265,37.2884297322,127.1071307481,12.172251795,72.984669579,1,8,2,NONE,,,-45.955890000,-60.921849000,-0.148111729981,ZONE_05_LONG_CORRIDOR
COMMON_2,,266,37.2884308989,127.1071287481,12.389490087,72.952256677,1,8,2,NONE,,,-46.133020000,-60.791972000,-0.161403805926,ZONE_05_LONG_CORRIDOR
COMMON_2,,267,37.2884321508,127.1071266608,12.617988613,72.915052512,1,8,2,NONE,,,-46.317882000,-60.652610000,-0.094377914195,ZONE_05_LONG_CORRIDOR
COMMON_2,,268,37.2884332322,127.1071245814,12.837026734,72.894318554,1,8,2,NONE,,,-46.502045000,-60.532229000,-0.009549605114,ZONE_05_LONG_CORRIDOR
COMMON_2,,269,37.2884342322,127.1071222481,13.071741300,72.892077055,1,8,2,NONE,,,-46.708694000,-60.420909000,-0.041100015936,ZONE_05_LONG_CORRIDOR
COMMON_2,,270,37.2884352322,127.1071200814,13.293398644,72.882961801,1,8,2,NONE,,,-46.900587000,-60.309589000,-0.148109037853,ZONE_05_LONG_CORRIDOR
COMMON_2,,271,37.2884363989,127.1071180814,13.510637821,72.850549365,1,8,2,NONE,,,-47.077718000,-60.179712000,-0.212876664960,ZONE_05_LONG_CORRIDOR
COMMON_2,,272,37.2884377322,127.1071160814,13.736515355,72.801725564,1,8,2,NONE,,,-47.254848000,-60.031289000,-0.255995195411,ZONE_05_LONG_CORRIDOR
COMMON_2,,273,37.2884390655,127.1071142481,13.949328588,72.746024282,1,8,2,NONE,,,-47.417214000,-59.882866000,-0.314809330651,ZONE_05_LONG_CORRIDOR
COMMON_2,,274,37.2884405655,127.1071124147,14.170794150,72.673906559,1,8,2,NONE,,,-47.579589000,-59.715886000,-0.322605716202,ZONE_05_LONG_CORRIDOR
COMMON_2,,275,37.2884420335,127.1071106482,14.385358431,72.602181200,1,8,2,NONE,,,-47.736040000,-59.552468000,-0.401401767403,ZONE_05_LONG_CORRIDOR
COMMON_2,,276,37.2884435653,127.1071090758,14.588018243,72.516162944,1,8,2,NONE,,,-47.875299000,-59.381948000,-0.521398322838,ZONE_05_LONG_CORRIDOR
COMMON_2,,277,37.2884452322,127.1071077481,14.778507502,72.406742094,1,8,2,NONE,,,-47.992887000,-59.196389000,-0.617544702616,ZONE_05_LONG_CORRIDOR
COMMON_2,,278,37.2884470655,127.1071065814,14.965008315,72.274287574,1,8,2,NONE,,,-48.096216000,-58.992306000,-0.578087083910,ZONE_05_LONG_CORRIDOR
COMMON_2,,279,37.2884487322,127.1071054147,15.142869887,72.158243954,1,8,2,NONE,,,-48.199545000,-58.806769000,-0.651735804915,ZONE_05_LONG_CORRIDOR
COMMON_2,,280,37.2884507322,127.1071042481,15.338007102,72.009364609,1,8,2,NONE,,,-48.302865000,-58.584129000,-0.766958067390,ZONE_05_LONG_CORRIDOR
COMMON_2,,281,37.2884526284,127.1071034602,15.498082955,71.855086137,1,8,2,NONE,,,-48.372645000,-58.373044000,-0.845837398855,ZONE_05_LONG_CORRIDOR
COMMON_2,,282,37.2884543989,127.1071029147,15.632644859,71.703189803,1,8,2,NONE,,,-48.420958000,-58.175952000,-0.964445285409,ZONE_05_LONG_CORRIDOR
COMMON_2,,283,37.2884565655,127.1071025814,15.771115738,71.503520540,1,8,2,NONE,,,-48.450476000,-57.934766000,-0.942588263323,ZONE_05_LONG_CORRIDOR
COMMON_2,,284,37.2884583989,127.1071022481,15.892309020,71.336673542,1,8,2,NONE,,,-48.479995000,-57.730672000,-1.014009224479,ZONE_05_LONG_CORRIDOR
COMMON_2,,285,37.2884602322,127.1071020814,16.000440840,71.162962990,1,8,2,NONE,,,-48.494759000,-57.526589000,-1.020010148154,ZONE_05_LONG_CORRIDOR
COMMON_2,,286,37.2884622322,127.1071019147,16.117217026,70.972831804,1,8,2,NONE,,,-48.509523000,-57.303949000,-1.104738107561,ZONE_05_LONG_CORRIDOR
COMMON_2,,287,37.2884640930,127.1071019580,16.210316947,70.787748718,1,8,2,NONE,,,-48.505688000,-57.096805000,-1.132088293580,ZONE_05_LONG_CORRIDOR
COMMON_2,,288,37.2884662322,127.1071020814,16.311576494,70.571936991,1,8,2,NONE,,,-48.494759000,-56.858669000,-1.218043946218,ZONE_05_LONG_CORRIDOR
COMMON_2,,289,37.2884682322,127.1071024147,16.389167741,70.361177556,1,8,2,NONE,,,-48.465240000,-56.636029000,-1.282559440133,ZONE_05_LONG_CORRIDOR
COMMON_2,,290,37.2884702322,127.1071029147,16.453695572,70.143541106,1,8,2,NONE,,,-48.420958000,-56.413389000,-1.229915631180,ZONE_05_LONG_CORRIDOR
COMMON_2,,291,37.2884720655,127.1071032481,16.522634490,69.949198113,1,8,2,NONE,,,-48.391430000,-56.209306000,-1.174629573391,ZONE_05_LONG_CORRIDOR
COMMON_2,,292,37.2884742871,127.1071034956,16.618441409,69.720149511,1,8,2,NONE,,,-48.369510000,-55.961997000,-1.255995447810,ZONE_05_LONG_CORRIDOR
COMMON_2,,293,37.2884762322,127.1071039147,16.686462233,69.511259075,1,8,2,NONE,,,-48.332393000,-55.745469000,-1.299899448071,ZONE_05_LONG_CORRIDOR
COMMON_2,,294,37.2884780655,127.1071044147,16.742344814,69.310042793,1,8,2,NONE,,,-48.288110000,-55.541386000,-1.282559440133,ZONE_05_LONG_CORRIDOR
COMMON_2,,295,37.2884800655,127.1071049147,16.806872645,69.092406344,1,8,2,NONE,,,-48.243828000,-55.318746000,-1.299888279110,ZONE_05_LONG_CORRIDOR
COMMON_2,,296,37.2884818989,127.1071054147,16.862760350,68.891180328,1,8,2,NONE,,,-48.199545000,-55.114652000,-1.218083671670,ZONE_05_LONG_CORRIDOR
COMMON_2,,297,37.2884838989,127.1071057481,16.940343633,68.680416701,1,8,2,NONE,,,-48.170017000,-54.892012000,-1.218039532253,ZONE_05_LONG_CORRIDOR
COMMON_2,,298,37.2884858989,127.1071060814,17.017935765,68.469657732,1,8,2,NONE,,,-48.140499000,-54.669372000,-1.299899448071,ZONE_05_LONG_CORRIDOR
COMMON_2,,299,37.2884877322,127.1071065814,17.073818346,68.268441450,1,8,2,NONE,,,-48.096216000,-54.465289000,-1.367859785093,ZONE_05_LONG_CORRIDOR
COMMON_2,,300,37.2884895655,127.1071072481,17.116637510,68.060348153,1,8,2,NONE,,,-48.037170000,-54.261206000,-1.433200461209,ZONE_05_LONG_CORRIDOR
COMMON_2,,301,37.2884913989,127.1071080814,17.146405462,67.845371835,1,8,2,NONE,,,-47.963369000,-54.057112000,-1.367864306570,ZONE_05_LONG_CORRIDOR
COMMON_2,,302,37.2884932322,127.1071087481,17.189223742,67.637278072,1,8,2,NONE,,,-47.904322000,-53.853029000,-1.394291548040,ZONE_05_LONG_CORRIDOR
COMMON_2,,303,37.2884948989,127.1071094147,17.223411630,67.445599868,1,8,2,NONE,,,-47.845285000,-53.667492000,-1.299899448071,ZONE_05_LONG_CORRIDOR
COMMON_2,,304,37.2884967322,127.1071099147,17.279294211,67.244383586,1,8,2,NONE,,,-47.801002000,-53.463409000,-1.406345765871,ZONE_05_LONG_CORRIDOR
COMMON_2,,305,37.2884987322,127.1071107481,17.317693440,67.012992175,1,8,2,NONE,,,-47.727192000,-53.240769000,-1.433217697586,ZONE_05_LONG_CORRIDOR
COMMON_2,,306,37.2885005655,127.1071115814,17.347456268,66.798025590,1,8,2,NONE,,,-47.653391000,-53.036686000,-1.464830296746,ZONE_05_LONG_CORRIDOR
COMMON_2,,307,37.2885025655,127.1071125814,17.372799160,66.559760892,1,8,2,NONE,,,-47.564826000,-52.814046000,-1.464813426896,ZONE_05_LONG_CORRIDOR
COMMON_2,,308,37.2885042322,127.1071134147,17.393921862,66.361204741,1,8,2,NONE,,,-47.491024000,-52.628509000,-1.406345765871,ZONE_05_LONG_CORRIDOR
COMMON_2,,309,37.2885062322,127.1071142481,17.432321091,66.129813330,1,8,2,NONE,,,-47.417214000,-52.405869000,-1.481077445344,ZONE_05_LONG_CORRIDOR
COMMON_2,,310,37.2885081203,127.1071152371,17.452723036,65.903025241,1,8,2,NONE,,,-47.329623000,-52.195686000,-1.394168875501,ZONE_05_LONG_CORRIDOR
COMMON_2,,311,37.2885102322,127.1071160814,17.496071176,65.660161413,1,8,2,NONE,,,-47.254848000,-51.960589000,-1.438132097890,ZONE_05_LONG_CORRIDOR
COMMON_2,,312,37.2885123989,127.1071170814,17.530058433,65.405476081,1,8,2,NONE,,,-47.166283000,-51.719392000,-1.541517352912,ZONE_05_LONG_CORRIDOR
COMMON_2,,313,37.2885145655,127.1071184147,17.537919928,65.137049714,1,8,2,NONE,,,-47.048199000,-51.478206000,-1.520750518332,ZONE_05_LONG_CORRIDOR
COMMON_2,,314,37.2885165655,127.1071195814,17.550198519,64.891907535,1,8,2,NONE,,,-46.944870000,-51.255566000,-1.438132097890,ZONE_05_LONG_CORRIDOR
COMMON_2,,315,37.2885187322,127.1071205814,17.584185777,64.637222203,1,8,2,NONE,,,-46.856305000,-51.014369000,-1.490974199940,ZONE_05_LONG_CORRIDOR
COMMON_2,,316,37.2885208989,127.1071217481,17.605108733,64.375659390,1,8,2,NONE,,,-46.752976000,-50.773172000,-1.520717257880,ZONE_05_LONG_CORRIDOR
COMMON_2,,317,37.2885228989,127.1071229147,17.617395288,64.130521403,1,8,2,NONE,,,-46.649656000,-50.550532000,-1.541547452843,ZONE_05_LONG_CORRIDOR
COMMON_2,,318,37.2885250655,127.1071242481,17.625248819,63.862090844,1,8,2,NONE,,,-46.531563000,-50.309346000,-1.490942671811,ZONE_05_LONG_CORRIDOR
COMMON_2,,319,37.2885272322,127.1071254147,17.646179739,63.600532224,1,8,2,NONE,,,-46.428243000,-50.068149000,-1.406345765871,ZONE_05_LONG_CORRIDOR
COMMON_2,,320,37.2885292322,127.1071262481,17.684578968,63.369140813,1,8,2,NONE,,,-46.354433000,-49.845509000,-1.390395674550,ZONE_05_LONG_CORRIDOR
COMMON_2,,321,37.2885321245,127.1071273893,17.745127627,63.037155377,1,8,2,NONE,,,-46.253363000,-49.523538000,-1.431800003482,ZONE_05_LONG_CORRIDOR
COMMON_2,,322,37.2885334935,127.1071280088,17.767568799,62.876744912,1,8,2,NONE,,,-46.198497000,-49.371141000,-1.447846646749,ZONE_05_LONG_CORRIDOR
COMMON_2,,323,37.2885353989,127.1071289147,17.795380611,62.651681045,1,8,2,NONE,,,-46.118266000,-49.159032000,-1.520750518332,ZONE_05_LONG_CORRIDOR
COMMON_2,,324,37.2885373989,127.1071300814,17.807659203,62.406538865,1,8,2,NONE,,,-46.014937000,-48.936392000,-1.406313391228,ZONE_05_LONG_CORRIDOR
COMMON_2,,325,37.2885393989,127.1071309147,17.846065511,62.175151181,1,8,2,NONE,,,-45.941135000,-48.713752000,-1.406345765871,ZONE_05_LONG_CORRIDOR
COMMON_2,,326,37.2885413989,127.1071317481,17.884464740,61.943759771,1,8,2,NONE,,,-45.867325000,-48.491112000,-1.459034202752,ZONE_05_LONG_CORRIDOR
COMMON_2,,327,37.2885432106,127.1071326387,17.908616975,61.728556351,1,8,2,NONE,,,-45.788449000,-48.289433000,-1.407528079958,ZONE_05_LONG_CORRIDOR
COMMON_2,,328,37.2885450655,127.1071334147,17.943990395,61.513826601,1,8,2,NONE,,,-45.719723000,-48.082946000,-1.495646858989,ZONE_05_LONG_CORRIDOR
COMMON_2,,329,37.2885468989,127.1071344147,17.960694046,61.291972802,1,8,2,NONE,,,-45.631158000,-47.878852000,-1.554908360180,ZONE_05_LONG_CORRIDOR
COMMON_2,,330,37.2885487322,127.1071355814,17.964328273,61.063251256,1,8,2,NONE,,,-45.527829000,-47.674769000,-1.464813426896,ZONE_05_LONG_CORRIDOR
COMMON_2,,331,37.2885503989,127.1071364147,17.985450975,60.864695106,1,8,2,NONE,,,-45.454027000,-47.489232000,-1.477687293174,ZONE_05_LONG_CORRIDOR
COMMON_2,,332,37.2885521421,127.1071373191,18.004969490,60.655670504,1,8,2,NONE,,,-45.373929000,-47.295179000,-1.484457938389,ZONE_05_LONG_CORRIDOR
COMMON_2,,333,37.2885538989,127.1071382481,18.023265124,60.444291163,1,8,2,NONE,,,-45.291652000,-47.099612000,-1.594354155406,ZONE_05_LONG_CORRIDOR
COMMON_2,,334,37.2885555655,127.1071394147,18.018262949,60.231994443,1,8,2,NONE,,,-45.188332000,-46.914086000,-1.653047813319,ZONE_05_LONG_CORRIDOR
COMMON_2,,335,37.2885572322,127.1071407481,18.000193634,60.012806316,1,8,2,NONE,,,-45.070239000,-46.728549000,-1.582490574058,ZONE_05_LONG_CORRIDOR
COMMON_2,,336,37.2885587822,127.1071418030,17.997899087,59.816603713,1,8,2,NONE,,,-44.976812000,-46.556003000,-1.485249039277,ZONE_05_LONG_CORRIDOR
COMMON_2,,337,37.2885605655,127.1071427481,18.016307081,59.601949719,1,8,2,NONE,,,-44.893109000,-46.357486000,-1.406309344348,ZONE_05_LONG_CORRIDOR
COMMON_2,,338,37.2885625655,127.1071435814,18.054714274,59.370562501,1,8,2,NONE,,,-44.819308000,-46.134846000,-1.433200461209,ZONE_05_LONG_CORRIDOR
COMMON_2,,339,37.2885643989,127.1071444147,18.084482226,59.155586182,1,8,2,NONE,,,-44.745507000,-45.930752000,-1.495666541741,ZONE_05_LONG_CORRIDOR
COMMON_2,,340,37.2885662322,127.1071454147,18.101180753,58.933742117,1,8,2,NONE,,,-44.656942000,-45.726669000,-1.495666541740,ZONE_05_LONG_CORRIDOR
COMMON_2,,341,37.2885680655,127.1071464147,18.117879280,58.711898052,1,8,2,NONE,,,-44.568377000,-45.522586000,-1.394340489563,ZONE_05_LONG_CORRIDOR
COMMON_2,,342,37.2885697322,127.1071470814,18.152058319,58.520215189,1,8,2,NONE,,,-44.509330000,-45.337049000,-1.368351056453,ZONE_05_LONG_CORRIDOR
COMMON_2,,343,37.2885715498,127.1071477436,18.194415398,58.313854054,1,8,2,NONE,,,-44.450682000,-45.134714000,-1.442847616606,ZONE_05_LONG_CORRIDOR
COMMON_2,,344,37.2885731792,127.1071485066,18.219114102,58.121872615,1,8,2,NONE,,,-44.383107000,-44.953329000,-1.523987556251,ZONE_05_LONG_CORRIDOR
COMMON_2,,345,37.2885746808,127.1071493900,18.227750049,57.937513178,1,8,2,NONE,,,-44.304869000,-44.786171000,-1.488880858474,ZONE_05_LONG_CORRIDOR
COMMON_2,,346,37.2885764060,127.1071503136,18.244830338,57.729468609,1,8,2,NONE,,,-44.223070000,-44.594121000,-1.549865261533,ZONE_05_LONG_CORRIDOR
COMMON_2,,347,37.2885776201,127.1071510766,18.247992895,57.578396731,1,8,2,NONE,,,-44.155495000,-44.458968000,-1.533764605662,ZONE_05_LONG_CORRIDOR
COMMON_2,,348,37.2885792175,127.1071520404,18.255295697,57.381282939,1,8,2,NONE,,,-44.070136000,-44.281145000,-1.587248624650,ZONE_05_LONG_CORRIDOR
COMMON_2,,349,37.2885805593,127.1071529640,18.252493993,57.211005738,1,8,2,NONE,,,-43.988337000,-44.131776000,-1.588308590162,ZONE_05_LONG_CORRIDOR
COMMON_2,,350,37.2885821887,127.1071540884,18.248870489,57.004114551,1,8,2,NONE,,,-43.888755000,-43.950391000,-1.576157103087,ZONE_05_LONG_CORRIDOR
COMMON_2,,351,37.2885831472,127.1071547309,18.248222241,56.883191348,1,8,2,NONE,,,-43.831852000,-43.843691000,-1.576259103286,ZONE_05_LONG_CORRIDOR
COMMON_2,,352,37.2885847892,127.1071558318,18.247090552,56.676029791,1,8,2,NONE,,,-43.734349000,-43.660906000,-1.565748207558,ZONE_05_LONG_CORRIDOR
COMMON_2,,353,37.2885858569,127.1071565297,18.247766827,56.542065203,1,8,2,NONE,,,-43.672543000,-43.542049000,-1.570701038470,ZONE_05_LONG_CORRIDOR
COMMON_2,,354,37.2885874798,127.1071576033,18.247786281,56.337907724,1,8,2,NONE,,,-43.577458000,-43.361386000,-1.536891404459,ZONE_05_LONG_CORRIDOR
COMMON_2,,355,37.2885888038,127.1071584085,18.253336477,56.174271624,1,8,2,NONE,,,-43.506143000,-43.214003000,-1.528601944066,ZONE_05_LONG_CORRIDOR
COMMON_2,,356,37.2885904267,127.1071593748,18.261768861,55.974544119,1,8,2,NONE,,,-43.420566000,-43.033341000,-1.549868882001,ZONE_05_LONG_CORRIDOR
COMMON_2,,357,37.2885917934,127.1071602337,18.265328255,55.804486358,1,8,2,NONE,,,-43.344498000,-42.881203000,-1.591507653966,ZONE_05_LONG_CORRIDOR
COMMON_2,,358,37.2885930041,127.1071610755,18.262138392,55.650493014,1,8,2,NONE,,,-43.269941000,-42.746424000,-1.636616019424,ZONE_05_LONG_CORRIDOR
COMMON_2,,359,37.2885940933,127.1071619156,18.252781732,55.508542422,1,8,2,NONE,,,-43.195537000,-42.625174000,-1.611587244063,ZONE_05_LONG_CORRIDOR
COMMON_2,,360,37.2885958014,127.1071631602,18.243818962,55.288939639,1,8,2,NONE,,,-43.085309000,-42.435028000,-1.566186634147,ZONE_05_LONG_CORRIDOR
COMMON_2,,361,37.2885976085,127.1071643426,18.244864392,55.062151775,1,8,2,NONE,,,-42.980590000,-42.233862000,-1.475180906730,ZONE_05_LONG_CORRIDOR
COMMON_2,,362,37.2885991186,127.1071651205,18.262208869,54.881306589,1,8,2,NONE,,,-42.911695000,-42.065757000,-1.466705796342,ZONE_05_LONG_CORRIDOR
COMMON_2,,363,37.2886006039,127.1071658672,18.280711640,54.704192511,1,8,2,NONE,,,-42.845563000,-41.900414000,-1.424566543485,ZONE_05_LONG_CORRIDOR
COMMON_2,,364,37.2886019406,127.1071664584,18.303696544,54.548131003,1,8,2,NONE,,,-42.793204000,-41.751612000,-1.414090068330,ZONE_05_LONG_CORRIDOR
COMMON_2,,365,37.2886034527,127.1071671049,18.331444851,54.372510725,1,8,2,NONE,,,-42.735949000,-41.583284000,-1.427204318518,ZONE_05_LONG_CORRIDOR
COMMON_2,,366,37.2886047767,127.1071676954,18.353823608,54.217733737,1,8,2,NONE,,,-42.683652000,-41.435901000,-1.437669471313,ZONE_05_LONG_CORRIDOR
COMMON_2,,367,37.2886060579,127.1071682859,18.373987820,54.067163446,1,8,2,NONE,,,-42.631355000,-41.293272000,-1.497292008452,ZONE_05_LONG_CORRIDOR
COMMON_2,,368,37.2886077235,127.1071691985,18.388841912,53.865442904,1,8,2,NONE,,,-42.550532000,-41.107855000,-1.432762237185,ZONE_05_LONG_CORRIDOR
COMMON_2,,369,37.2886092610,127.1071698963,18.413880465,53.685202452,1,8,2,NONE,,,-42.488727000,-40.936701000,-1.501787515220,ZONE_05_LONG_CORRIDOR
COMMON_2,,370,37.2886106158,127.1071706477,18.425247117,53.520750945,1,8,2,NONE,,,-42.422179000,-40.785887000,-1.415958345742,ZONE_05_LONG_CORRIDOR
COMMON_2,,371,37.2886123989,127.1071714147,18.457602003,53.313463919,1,8,2,NONE,,,-42.354249000,-40.587392000,-1.416993460474,ZONE_05_LONG_CORRIDOR
COMMON_2,,372,37.2886138048,127.1071720215,18.482952281,53.149942441,1,8,2,NONE,,,-42.300508000,-40.430887000,-1.403458097741,ZONE_05_LONG_CORRIDOR
COMMON_2,,373,37.2886155655,127.1071727481,18.517312362,52.946529492,1,8,2,NONE,,,-42.236157000,-40.234886000,-1.464813426896,ZONE_05_LONG_CORRIDOR
COMMON_2,,374,37.2886172322,127.1071735814,18.538435064,52.747973341,1,8,2,NONE,,,-42.162355000,-40.049349000,-1.424630456153,ZONE_05_LONG_CORRIDOR
COMMON_2,,375,37.2886187253,127.1071742419,18.564098663,52.573646901,1,8,2,NONE,,,-42.103858000,-39.883137000,-1.416056581105,ZONE_05_LONG_CORRIDOR
COMMON_2,,376,37.2886203872,127.1071749570,18.594236374,52.380440024,1,8,2,NONE,,,-42.040525000,-39.698134000,-1.384740958485,ZONE_05_LONG_CORRIDOR
COMMON_2,,377,37.2886221389,127.1071756345,18.631977134,52.179939139,1,8,2,NONE,,,-41.980522000,-39.503135000,-1.397780073834,ZONE_05_LONG_CORRIDOR
COMMON_2,,378,37.2886239055,127.1071763496,18.667544952,51.976419505,1,8,2,NONE,,,-41.917190000,-39.306477000,-1.423552753848,ZONE_05_LONG_CORRIDOR
COMMON_2,,379,37.2886255655,127.1071770814,18.696275177,51.782711262,1,8,2,NONE,,,-41.852378000,-39.121686000,-1.433204794321,ZONE_05_LONG_CORRIDOR
COMMON_2,,380,37.2886273989,127.1071779147,18.726042244,51.567734478,1,8,2,NONE,,,-41.778576000,-38.917592000,-1.381774486893,ZONE_05_LONG_CORRIDOR
COMMON_2,,381,37.2886288805,127.1071784817,18.758437237,51.398398198,1,8,2,NONE,,,-41.728360000,-38.752660000,-1.345280752376,ZONE_05_LONG_CORRIDOR
COMMON_2,,382,37.2886305710,127.1071790448,18.801969871,51.208645735,1,8,2,NONE,,,-41.678489000,-38.564474000,-1.359737012045,ZONE_05_LONG_CORRIDOR
COMMON_2,,383,37.2886325655,127.1071797481,18.850279548,50.983163136,1,8,2,NONE,,,-41.616201000,-38.342446000,-1.345452996847,ZONE_05_LONG_CORRIDOR
COMMON_2,,384,37.2886340655,127.1071802481,18.888879408,50.814778853,1,8,2,NONE,,,-41.571919000,-38.175466000,-1.387832848901,ZONE_05_LONG_CORRIDOR
COMMON_2,,385,37.2886355383,127.1071808240,18.920119724,50.645942213,1,8,2,NONE,,,-41.520914000,-38.011514000,-1.356857440673,ZONE_05_LONG_CORRIDOR
COMMON_2,,386,37.2886372322,127.1071814147,18.961666270,50.454715899,1,8,2,NONE,,,-41.468599000,-37.822949000,-1.435383132500,ZONE_05_LONG_CORRIDOR
COMMON_2,,387,37.2886395158,127.1071824597,18.998188230,50.186658894,1,8,2,NONE,,,-41.376048000,-37.568739000,-1.366372132192,ZONE_05_LONG_CORRIDOR
COMMON_2,,388,37.2886408539,127.1071829436,19.029653890,50.034885641,1,8,2,NONE,,,-41.333191000,-37.419781000,-1.366311913868,ZONE_05_LONG_CORRIDOR
COMMON_2,,389,37.2886421920,127.1071834274,19.061127933,49.883117930,1,8,2,NONE,,,-41.290344000,-37.270824000,-1.385752231001,ZONE_05_LONG_CORRIDOR
COMMON_2,,390,37.2886434384,127.1071839112,19.087845921,49.740382562,1,8,2,NONE,,,-41.247496000,-37.132075000,-1.312056830044,ZONE_05_LONG_CORRIDOR
COMMON_2,,391,37.2886447948,127.1071843029,19.127486365,49.590610767,1,8,2,NONE,,,-41.212805000,-36.981080000,-1.341417018140,ZONE_05_LONG_CORRIDOR
COMMON_2,,392,37.2886460595,127.1071847176,19.160568682,49.448923774,1,8,2,NONE,,,-41.176077000,-36.840294000,-1.324346508442,ZONE_05_LONG_CORRIDOR
COMMON_2,,393,37.2886479475,127.1071852936,19.213331592,49.239183999,1,8,2,NONE,,,-41.125063000,-36.630122000,-1.333237707977,ZONE_05_LONG_CORRIDOR
COMMON_2,,394,37.2886500554,127.1071859617,19.270280920,49.003983182,1,8,2,NONE,,,-41.065893000,-36.395470000,-1.320505792567,ZONE_05_LONG_CORRIDOR
COMMON_2,,395,37.2886515655,127.1071864147,19.313087221,48.836543074,1,8,2,NONE,,,-41.025773000,-36.227366000,-1.320512978372,ZONE_05_LONG_CORRIDOR
COMMON_2,,396,37.2886532322,127.1071869147,19.360331446,48.651738158,1,8,2,NONE,,,-40.981491000,-36.041829000,-1.367864306570,ZONE_05_LONG_CORRIDOR
COMMON_2,,397,37.2886550655,127.1071875814,19.403149726,48.443644395,1,8,2,STOP_LINE,,,-40.922444000,-35.837746000,-1.406309344348,ZONE_05_LONG_CORRIDOR
COMMON_2,,398,37.2886570655,127.1071884147,19.441556919,48.212257177,1,8,2,NONE,,,-40.848643000,-35.615106000,-1.464830296746,ZONE_05_LONG_CORRIDOR
COMMON_2,,399,37.2886590655,127.1071894147,19.466899811,47.973992479,1,8,2,NONE,,,-40.760078000,-35.392466000,-1.345466984899,ZONE_05_LONG_CORRIDOR
COMMON_2,,400,37.2886610655,127.1071900814,19.518363341,47.749478549,1,8,2,NONE,,,-40.701032000,-35.169826000,-1.309747060621,ZONE_05_LONG_CORRIDOR
COMMON_2,,401,37.2886633989,127.1071907481,19.587114716,47.492122886,1,8,2,NONE,,,-40.641985000,-34.910072000,-1.406309344348,ZONE_05_LONG_CORRIDOR
COMMON_2,,402,37.2886653989,127.1071915814,19.625521909,47.260735668,1,8,2,NONE,,,-40.568184000,-34.687432000,-1.520750518332,ZONE_05_LONG_CORRIDOR
COMMON_2,,403,37.2886673989,127.1071927481,19.637800500,47.015593488,1,8,2,NONE,,,-40.464855000,-34.464792000,-1.464815755105,ZONE_05_LONG_CORRIDOR
COMMON_2,,404,37.2886697322,127.1071939147,19.667370661,46.737623968,1,8,2,NONE,,,-40.361535000,-34.205049000,-1.406345765871,ZONE_05_LONG_CORRIDOR
COMMON_2,,405,37.2886717322,127.1071947481,19.705769891,46.506232558,1,8,2,NONE,,,-40.287725000,-33.982409000,-1.363061649988,ZONE_05_LONG_CORRIDOR
COMMON_2,,406,37.2886740655,127.1071955814,19.761460690,46.242013807,1,8,2,NONE,,,-40.213924000,-33.722666000,-1.255083685723,ZONE_05_LONG_CORRIDOR
COMMON_2,,407,37.2886763989,127.1071960814,19.843276366,45.991535624,1,8,2,NONE,,,-40.169641000,-33.462912000,-1.383171518624,ZONE_05_LONG_CORRIDOR
COMMON_2,,408,37.2886785655,127.1071969147,19.890322800,45.743737506,1,8,2,NONE,,,-40.095840000,-33.221726000,-1.376154748774,ZONE_05_LONG_CORRIDOR
COMMON_2,,409,37.2886798989,127.1071974147,19.920282533,45.591763657,1,8,2,NONE,,,-40.051557000,-33.073292000,-1.295293028474,ZONE_05_LONG_CORRIDOR
COMMON_2,,410,37.2886823989,127.1071980814,19.997674035,45.317997561,1,8,2,NONE,,,-39.992511000,-32.794992000,-1.326319465811,ZONE_05_LONG_CORRIDOR
COMMON_2,,411,37.2886845655,127.1071987481,20.057776805,45.077072731,1,8,2,NONE,,,-39.933465000,-32.553806000,-1.199383214060,ZONE_05_LONG_CORRIDOR
COMMON_2,,412,37.2886868989,127.1071990814,20.152656782,44.833472029,1,8,2,NONE,,,-39.903946000,-32.294052000,-1.143006234918,ZONE_05_LONG_CORRIDOR
COMMON_2,,413,37.2886892322,127.1071992481,20.260587972,44.596754349,1,8,2,NONE,,,-39.889182000,-32.034309000,-1.267801203653,ZONE_05_LONG_CORRIDOR
COMMON_2,,414,37.2886913989,127.1071997481,20.333759283,44.362696801,1,8,2,NONE,,,-39.844899000,-31.793112000,-1.244019800713,ZONE_05_LONG_CORRIDOR
COMMON_2,,415,37.2886938989,127.1072002481,20.424215085,44.095808184,1,8,2,NONE,,,-39.800617000,-31.514812000,-1.139195263401,ZONE_05_LONG_CORRIDOR
COMMON_2,,416,37.2886963989,127.1072004147,20.540798604,43.842674064,1,8,2,NONE,,,-39.785862000,-31.236512000,-1.086226531398,ZONE_05_LONG_CORRIDOR
COMMON_2,,417,37.2886987322,127.1072004147,20.661794095,43.612833864,1,8,2,NONE,,,-39.785862000,-30.976769000,-1.033257799395,ZONE_05_LONG_CORRIDOR
COMMON_2,,418,37.2887012322,127.1072002481,20.804490288,43.373446319,1,8,2,NONE,,,-39.800617000,-30.698469000,-1.086226531398,ZONE_05_LONG_CORRIDOR
COMMON_2,,419,37.2887033989,127.1072002481,20.916846538,43.160017020,1,8,2,NONE,,,-39.800617000,-30.457272000,-1.139195263401,ZONE_05_LONG_CORRIDOR
COMMON_2,,420,37.2887058989,127.1072004147,21.033430057,42.906882899,1,8,2,NONE,,,-39.785862000,-30.178972000,-1.029481365992,ZONE_05_LONG_CORRIDOR
COMMON_2,,421,37.2887082322,127.1072002481,21.167481884,42.683915988,1,8,2,NONE,,,-39.800617000,-29.919229000,-1.029446827878,ZONE_05_LONG_CORRIDOR
COMMON_2,,422,37.2887105655,127.1072000814,21.301541676,42.460953269,1,8,2,NONE,,,-39.815381000,-29.659486000,-0.980556211601,ZONE_05_LONG_CORRIDOR
COMMON_2,,423,37.2887130655,127.1071997481,21.457301285,42.228442739,1,8,2,NONE,,,-39.844899000,-29.381186000,-0.904651859142,ZONE_05_LONG_CORRIDOR
COMMON_2,,424,37.2887152322,127.1071992481,21.608842474,42.035641688,1,8,2,NONE,,,-39.889182000,-29.139989000,-0.973030889720,ZONE_05_LONG_CORRIDOR
COMMON_2,,425,37.2887175655,127.1071989147,21.755966566,41.819556450,1,8,2,NONE,,,-39.918710000,-28.880246000,-0.973073649449,ZONE_05_LONG_CORRIDOR
COMMON_2,,426,37.2887198989,127.1071985814,21.903086934,41.603456820,1,8,2,NONE,,,-39.948228000,-28.620492000,-0.917362361213,ZONE_05_LONG_CORRIDOR
COMMON_2,,427,37.2887222322,127.1071980814,22.063267364,41.394244870,1,8,2,NONE,,,-39.992511000,-28.360749000,-0.789294304498,ZONE_05_LONG_CORRIDOR
COMMON_2,,428,37.2887243989,127.1071972481,22.240928305,41.215194122,1,8,2,NONE,,,-40.066312000,-28.119552000,-0.809359351786,ZONE_05_LONG_CORRIDOR
COMMON_2,,429,37.2887267322,127.1071964147,22.427236452,41.019736667,1,8,2,NONE,,,-40.140122000,-27.859809000,-0.707622766050,ZONE_05_LONG_CORRIDOR
COMMON_2,,430,37.2887287322,127.1071954147,22.609317329,40.863984033,1,8,2,NONE,,,-40.228687000,-27.637169000,-0.734320964905,ZONE_05_LONG_CORRIDOR
COMMON_2,,431,37.2887308989,127.1071944147,22.800042572,40.691810766,1,8,2,NONE,,,-40.317252000,-27.395972000,-0.639618224047,ZONE_05_LONG_CORRIDOR
COMMON_2,,432,37.2887329791,127.1071931626,23.006039857,40.538558966,1,8,2,NONE,,,-40.428145000,-27.164404000,-0.543643771028,ZONE_05_LONG_CORRIDOR
COMMON_2,,433,37.2887350655,127.1071915814,23.238149144,40.398273616,1,8,2,NONE,,,-40.568184000,-26.932146000,-0.548241300905,ZONE_05_LONG_CORRIDOR
COMMON_2,,434,37.2887370655,127.1071900814,23.459414960,40.263149232,1,8,2,NONE,,,-40.701032000,-26.709506000,-0.414207845725,ZONE_05_LONG_CORRIDOR
COMMON_2,,435,37.2887388989,127.1071882481,23.698161288,40.158186050,1,8,2,NONE,,,-40.863398000,-26.505412000,-0.509183173338,ZONE_05_LONG_CORRIDOR
COMMON_2,,436,37.2887407322,127.1071867481,23.910782739,40.039482299,1,8,2,NONE,,,-40.996246000,-26.301329000,-0.431268749406,ZONE_05_LONG_CORRIDOR
COMMON_2,,437,37.2887426714,127.1071848760,24.158056018,39.925697638,1,8,2,NONE,,,-41.162048000,-26.085457000,-0.300811332225,ZONE_05_LONG_CORRIDOR
COMMON_2,,438,37.2887442533,127.1071828876,24.395916101,39.851907389,1,8,2,NONE,,,-41.338151000,-25.909360000,-0.230757235189,ZONE_05_LONG_CORRIDOR
COMMON_2,,439,37.2887457322,127.1071807481,24.640276407,39.794496828,1,8,2,NONE,,,-41.527636000,-25.744729000,-0.195031178747,ZONE_05_LONG_CORRIDOR
COMMON_2,,440,37.2887472322,127.1071784147,24.900926908,39.743007354,1,8,2,NONE,,,-41.734294000,-25.577749000,-0.212876664960,ZONE_05_LONG_CORRIDOR
COMMON_2,,441,37.2887485655,127.1071764147,25.126804441,39.694183553,1,8,2,NONE,,,-41.911424000,-25.429326000,-0.231540106197,ZONE_05_LONG_CORRIDOR
COMMON_2,,442,37.2887500655,127.1071742481,25.374382677,39.635812406,1,8,2,NONE,,,-42.103309000,-25.262346000,-0.110426646975,ZONE_05_LONG_CORRIDOR
COMMON_2,,443,37.2887512322,127.1071720814,25.604685271,39.610276985,1,8,2,NONE,,,-42.295203000,-25.132469000,-0.041097754036,ZONE_05_LONG_CORRIDOR
COMMON_2,,444,37.2887522322,127.1071699147,25.826343499,39.601162198,1,8,2,NONE,,,-42.487097000,-25.021149000,0.018707972101,ZONE_05_LONG_CORRIDOR
COMMON_2,,445,37.2887532322,127.1071674147,26.074122366,39.605798179,1,8,2,NONE,,,-42.708510000,-24.909829000,-0.041118111773,ZONE_05_LONG_CORRIDOR
COMMON_2,,446,37.2887542322,127.1071652481,26.295772630,39.596679198,1,8,2,NONE,,,-42.900395000,-24.798509000,-0.041097754036,ZONE_05_LONG_CORRIDOR
COMMON_2,,447,37.2887552322,127.1071630814,26.517430859,39.587564411,1,8,2,NONE,,,-43.092289000,-24.687189000,-0.009549605114,ZONE_05_LONG_CORRIDOR
COMMON_2,,448,37.2887562322,127.1071607481,26.752145425,39.585322911,1,8,2,NONE,,,-43.298938000,-24.575869000,0.062654269686,ZONE_05_LONG_CORRIDOR
COMMON_2,,449,37.2887570655,127.1071584147,26.978223589,39.599506238,1,8,2,NONE,,,-43.505596000,-24.483106000,0.062591888530,ZONE_05_LONG_CORRIDOR
COMMON_2,,450,37.2887578989,127.1071560814,27.204298029,39.613675172,1,8,2,NONE,,,-43.712244000,-24.390332000,0.154132146933,ZONE_05_LONG_CORRIDOR
COMMON_2,,451,37.2887585755,127.1071536021,27.433684654,39.649313691,1,8,2,NONE,,,-43.931824000,-24.315013000,0.070348597380,ZONE_05_LONG_CORRIDOR
COMMON_2,,452,37.2887593989,127.1071512481,27.660863489,39.665321820,1,8,2,NONE,,,-44.140306000,-24.223352000,-0.009531421452,ZONE_05_LONG_CORRIDOR
COMMON_2,,453,37.2887603989,127.1071489147,27.895586019,39.663084513,1,8,2,NONE,,,-44.346964000,-24.112032000,0.018707972101,ZONE_05_LONG_CORRIDOR
COMMON_2,,454,37.2887613989,127.1071464147,28.143364885,39.667720494,1,8,2,NONE,,,-44.568377000,-24.000712000,0.115562798098,ZONE_05_LONG_CORRIDOR
COMMON_2,,455,37.2887620655,127.1071442481,28.347726420,39.691442780,1,8,2,NONE,,,-44.760262000,-23.926506000,0.221477713550,ZONE_05_LONG_CORRIDOR
COMMON_2,,456,37.2887625655,127.1071419147,28.556520093,39.738457174,1,8,2,NONE,,,-44.966919000,-23.870846000,0.175460474315,ZONE_05_LONG_CORRIDOR
COMMON_2,,457,37.2887631902,127.1071394559,28.781608698,39.778361676,1,8,2,NONE,,,-45.184683000,-23.801304000,0.122498567357,ZONE_05_LONG_CORRIDOR
COMMON_2,,458,37.2887638311,127.1071373291,28.981518314,39.802973548,1,8,2,NONE,,,-45.373043000,-23.729959000,0.119394026399,ZONE_05_LONG_CORRIDOR
COMMON_2,,459,37.2887645655,127.1071349147,29.208815811,39.830241201,1,8,2,NONE,,,-45.586875000,-23.648206000,0.097829364483,ZONE_05_LONG_CORRIDOR
COMMON_2,,460,37.2887653180,127.1071325922,29.429849065,39.851933992,1,8,2,NONE,,,-45.792567000,-23.564438000,0.201571258451,ZONE_05_LONG_CORRIDOR
COMMON_2,,461,37.2887658989,127.1071300814,29.656742031,39.898298749,1,8,2,NONE,,,-46.014937000,-23.499772000,0.238286565324,ZONE_05_LONG_CORRIDOR
COMMON_2,,462,37.2887663989,127.1071275814,29.878592041,39.952186430,1,8,2,NONE,,,-46.236349000,-23.444112000,0.238287633213,ZONE_05_LONG_CORRIDOR
COMMON_2,,463,37.2887668989,127.1071250814,30.100442937,40.006074578,1,8,2,NONE,,,-46.457762000,-23.388452000,0.139818283288,ZONE_05_LONG_CORRIDOR
COMMON_2,,464,37.2887675655,127.1071227481,30.317868772,40.036674345,1,8,2,NONE,,,-46.664411000,-23.314246000,0.150012879213,ZONE_05_LONG_CORRIDOR
COMMON_2,,465,37.2887682919,127.1071201216,30.561373183,40.073479645,1,8,2,NONE,,,-46.897027000,-23.233383000,0.151719171320,ZONE_05_LONG_CORRIDOR
COMMON_2,,466,37.2887688989,127.1071179147,30.765802071,40.104735620,1,8,2,NONE,,,-47.092481000,-23.165812000,0.221467992022,ZONE_05_LONG_CORRIDOR
COMMON_2,,467,37.2887693989,127.1071155814,30.974588665,40.151746287,1,8,2,NONE,,,-47.299130000,-23.110152000,0.238287633213,ZONE_05_LONG_CORRIDOR
COMMON_2,,468,37.2887698989,127.1071130814,31.196439560,40.205634434,1,8,2,NONE,,,-47.520543000,-23.054492000,0.139818283288,ZONE_05_LONG_CORRIDOR
COMMON_2,,469,37.2887705655,127.1071107481,31.413865396,40.236234201,1,8,2,NONE,,,-47.727192000,-22.980286000,0.115528710747,ZONE_05_LONG_CORRIDOR
COMMON_2,,470,37.2887712322,127.1071085814,31.618240018,40.259950947,1,8,2,NONE,,,-47.919086000,-22.906069000,0.077196047819,ZONE_05_LONG_CORRIDOR
COMMON_2,,471,37.2887720605,127.1071061687,31.850273197,40.277898657,1,8,2,NONE,,,-48.132767000,-22.813863000,0.110603452131,ZONE_05_LONG_CORRIDOR
COMMON_2,,472,37.2887728553,127.1071036230,32.090992717,40.304632167,1,8,2,NONE,,,-48.358227000,-22.725385000,0.184506168830,ZONE_05_LONG_CORRIDOR
COMMON_2,,473,37.2887733989,127.1071014147,32.292243518,40.342191355,1,8,2,NONE,,,-48.553805000,-22.664872000,0.132875208914,ZONE_05_LONG_CORRIDOR
COMMON_2,,474,37.2887741371,127.1070988861,32.528688156,40.373795202,1,8,2,NONE,,,-48.777751000,-22.582695000,0.148022953064,ZONE_05_LONG_CORRIDOR
COMMON_2,,475,37.2887747322,127.1070967481,32.727100312,40.403381156,1,8,2,NONE,,,-48.967103000,-22.516449000,0.087826916896,ZONE_05_LONG_CORRIDOR
COMMON_2,,476,37.2887755655,127.1070942481,32.966234814,40.424437770,1,8,2,NONE,,,-49.188516000,-22.423686000,0.091646821532,ZONE_05_LONG_CORRIDOR
COMMON_2,,477,37.2887763419,127.1070918936,33.191015373,40.445096064,1,8,2,NONE,,,-49.397042000,-22.337257000,0.190558195783,ZONE_05_LONG_CORRIDOR
COMMON_2,,478,37.2887768989,127.1070895814,33.401104696,40.485622030,1,8,2,NONE,,,-49.601823000,-22.275252000,0.216998974290,ZONE_05_LONG_CORRIDOR
COMMON_2,,479,37.2887774699,127.1070869634,33.635884442,40.537384022,1,8,2,NONE,,,-49.833686000,-22.211688000,0.158684256872,ZONE_05_LONG_CORRIDOR
COMMON_2,,480,37.2887780655,127.1070847481,33.840380542,40.570109479,1,8,2,NONE,,,-50.029884000,-22.145386000,0.115528710747,ZONE_05_LONG_CORRIDOR
COMMON_2,,481,37.2887787322,127.1070825814,34.044755165,40.593826224,1,8,2,NONE,,,-50.221778000,-22.071169000,0.034177872584,ZONE_05_LONG_CORRIDOR
COMMON_2,,482,37.2887796696,127.1070801447,34.284327066,40.602017472,1,8,2,NONE,,,-50.437585000,-21.966818000,0.066482565638,ZONE_05_LONG_CORRIDOR
COMMON_2,,483,37.2887803989,127.1070780814,34.483844353,40.615301470,1,8,2,NONE,,,-50.620321000,-21.885632000,0.139818283288,ZONE_05_LONG_CORRIDOR
COMMON_2,,484,37.2887810655,127.1070757481,34.701270188,40.645901238,1,8,2,NONE,,,-50.826970000,-21.811426000,0.181808515129,ZONE_05_LONG_CORRIDOR
COMMON_2,,485,37.2887816964,127.1070732094,34.932941593,40.688491372,1,8,2,NONE,,,-51.051810000,-21.741194000,0.125772429372,ZONE_05_LONG_CORRIDOR
COMMON_2,,486,37.2887824847,127.1070705674,35.180870491,40.719839462,1,8,2,NONE,,,-51.285799000,-21.653441000,0.073036327316,ZONE_05_LONG_CORRIDOR
COMMON_2,,487,37.2887832322,127.1070684147,35.388337988,40.735019126,1,8,2,NONE,,,-51.476453000,-21.570229000,0.062637998851,ZONE_05_LONG_CORRIDOR
COMMON_2,,488,37.2887840655,127.1070660814,35.614408189,40.749198260,1,8,2,NONE,,,-51.683102000,-21.477466000,0.182168368316,ZONE_05_LONG_CORRIDOR
COMMON_2,,489,37.2887846617,127.1070636793,35.833574878,40.789571085,1,8,2,NONE,,,-51.895844000,-21.411097000,0.120435380664,ZONE_05_LONG_CORRIDOR
COMMON_2,,490,37.2887853989,127.1070612481,36.062334408,40.817255808,1,8,2,NONE,,,-52.111164000,-21.329032000,0.139830596573,ZONE_05_LONG_CORRIDOR
COMMON_2,,491,37.2887860655,127.1070589147,36.279767323,40.847859302,1,8,2,NONE,,,-52.317821000,-21.254826000,0.139771133640,ZONE_05_LONG_CORRIDOR
COMMON_2,,492,37.2887867322,127.1070565814,36.497198282,40.878449335,1,8,2,NONE,,,-52.524470000,-21.180609000,0.087826916896,ZONE_05_LONG_CORRIDOR
COMMON_2,,493,37.2887875655,127.1070540814,36.736332784,40.899505950,1,8,2,NONE,,,-52.745883000,-21.087846000,0.167511361740,ZONE_05_LONG_CORRIDOR
COMMON_2,,494,37.2887880774,127.1070521205,36.916551638,40.929980227,1,8,2,NONE,,,-52.919550000,-21.030861000,0.189289038917,ZONE_05_LONG_CORRIDOR
COMMON_2,,495,37.2887887322,127.1070494147,37.162558301,40.977110843,1,8,2,NONE,,,-53.159190000,-20.957969000,0.180085557628,ZONE_05_LONG_CORRIDOR
COMMON_2,,496,37.2887893989,127.1070467481,37.406109014,41.021451179,1,8,2,NONE,,,-53.395357000,-20.883752000,0.221478928692,ZONE_05_LONG_CORRIDOR
COMMON_2,,497,37.2887898989,127.1070444147,37.614903572,41.068466039,1,8,2,NONE,,,-53.602015000,-20.828092000,0.114893909762,ZONE_05_LONG_CORRIDOR
COMMON_2,,498,37.2887905922,127.1070421658,37.827099404,41.092953894,1,8,2,NONE,,,-53.801189000,-20.750914000,0.037731635258,ZONE_05_LONG_CORRIDOR
COMMON_2,,499,37.2887914555,127.1070399012,38.049341887,41.101343448,1,8,2,NONE,,,-54.001754000,-20.654811000,0.110440052899,ZONE_05_LONG_CORRIDOR
COMMON_2,,500,37.2887922322,127.1070374147,38.284482896,41.127418533,1,8,2,NONE,,,-54.221971000,-20.568349000,0.197786716947,ZONE_05_LONG_CORRIDOR
COMMON_2,,501,37.2887928443,127.1070348059,38.520672631,41.174752570,1,8,2,NONE,,,-54.453019000,-20.500210000,0.122212186460,ZONE_05_LONG_CORRIDOR
COMMON_2,,502,37.2887935655,127.1070324147,38.745467408,41.202362829,1,8,2,NONE,,,-54.664796000,-20.419926000,0.139771133640,ZONE_05_LONG_CORRIDOR
COMMON_2,,503,37.2887942322,127.1070300814,38.962898368,41.232952862,1,8,2,NONE,,,-54.871445000,-20.345709000,0.062637998851,ZONE_05_LONG_CORRIDOR
COMMON_2,,504,37.2887950655,127.1070277481,39.188968568,41.247131996,1,8,2,NONE,,,-55.078094000,-20.252946000,-0.009531421452,ZONE_05_LONG_CORRIDOR
COMMON_2,,505,37.2887960655,127.1070254147,39.423691097,41.244894689,1,8,2,NONE,,,-55.284752000,-20.141626000,0.087783045156,ZONE_05_LONG_CORRIDOR
COMMON_2,,506,37.2887968989,127.1070229147,39.662829838,41.265941104,1,8,2,NONE,,,-55.506164000,-20.048852000,0.180129159910,ZONE_05_LONG_CORRIDOR
COMMON_2,,507,37.2887975655,127.1070202481,39.906376311,41.310291640,1,8,2,NONE,,,-55.742332000,-19.974646000,0.180097667694,ZONE_05_LONG_CORRIDOR
COMMON_2,,508,37.2887982322,127.1070175814,40.149935872,41.354636634,1,8,2,NONE,,,-55.978509000,-19.900429000,0.062637998851,ZONE_05_LONG_CORRIDOR
COMMON_2,,509,37.2887990655,127.1070152481,40.376006073,41.368815768,1,8,2,NONE,,,-56.185158000,-19.807666000,0.018706159534,ZONE_05_LONG_CORRIDOR
COMMON_2,,510,37.2888000655,127.1070127481,40.623784054,41.373451283,1,8,2,NONE,,,-56.406570000,-19.696346000,0.087784654963,ZONE_05_LONG_CORRIDOR
COMMON_2,,511,37.2888008989,127.1070102481,40.862923680,41.394498164,1,8,2,NONE,,,-56.627983000,-19.603572000,0.180138846785,ZONE_05_LONG_CORRIDOR
COMMON_2,,512,37.2888015655,127.1070075814,41.106477232,41.438852427,1,8,2,NONE,,,-56.864159000,-19.529366000,0.197002480865,ZONE_05_LONG_CORRIDOR
COMMON_2,,513,37.2888022322,127.1070047481,41.363093130,41.490070709,1,8,2,NONE,,,-57.115091000,-19.455149000,0.087826916896,ZONE_05_LONG_CORRIDOR
COMMON_2,,514,37.2888030655,127.1070022481,41.602227632,41.511127324,1,8,2,NONE,,,-57.336504000,-19.362386000,0.087783045156,ZONE_05_LONG_CORRIDOR
COMMON_2,,515,37.2888038989,127.1069997481,41.841366372,41.532173739,1,8,2,NONE,,,-57.557916000,-19.269612000,0.044110770408,ZONE_05_LONG_CORRIDOR
COMMON_2,,516,37.2888048989,127.1069970814,42.102209540,41.543687200,1,8,2,NONE,,,-57.794093000,-19.158292000,0.139818283288,ZONE_05_LONG_CORRIDOR
COMMON_2,,517,37.2888055655,127.1069947481,42.319635375,41.574286967,1,8,2,NONE,,,-58.000742000,-19.084086000,0.180096456730,ZONE_05_LONG_CORRIDOR
COMMON_2,,518,37.2888062322,127.1069920814,42.563194051,41.618631496,1,8,2,NONE,,,-58.236918000,-19.009869000,0.180097667694,ZONE_05_LONG_CORRIDOR
COMMON_2,,519,37.2888068989,127.1069894147,42.806753613,41.662976491,1,8,2,NONE,,,-58.473095000,-18.935652000,0.087826916896,ZONE_05_LONG_CORRIDOR
COMMON_2,,520,37.2888077322,127.1069869147,43.045888114,41.684033105,1,8,2,NONE,,,-58.694508000,-18.842889000,0.087825307223,ZONE_05_LONG_CORRIDOR
COMMON_2,,521,37.2888085655,127.1069844147,43.285021730,41.705089254,1,8,2,NONE,,,-58.915920000,-18.750126000,0.044096073532,ZONE_05_LONG_CORRIDOR
COMMON_2,,522,37.2888095655,127.1069817481,43.545856934,41.716598523,1,8,2,NONE,,,-59.152088000,-18.638806000,0.180096456730,ZONE_05_LONG_CORRIDOR
COMMON_2,,523,37.2888102322,127.1069790814,43.789415610,41.760943052,1,8,2,NONE,,,-59.388264000,-18.564589000,0.197002480865,ZONE_05_LONG_CORRIDOR
COMMON_2,,524,37.2888108989,127.1069762481,44.046031508,41.812161334,1,8,2,NONE,,,-59.639196000,-18.490372000,0.110311114008,ZONE_05_LONG_CORRIDOR
COMMON_2,,525,37.2888117322,127.1069735814,44.298229426,41.840094964,1,8,2,NONE,,,-59.875372000,-18.397609000,0.087826916896,ZONE_05_LONG_CORRIDOR
COMMON_2,,526,37.2888125655,127.1069710814,44.537363927,41.861151578,1,8,2,NONE,,,-60.096785000,-18.304846000,0.067028981587,ZONE_05_LONG_CORRIDOR
COMMON_2,,527,37.2888135655,127.1069682481,44.811263431,41.879538328,1,8,2,NONE,,,-60.347717000,-18.193526000,0.110270764050,ZONE_05_LONG_CORRIDOR
COMMON_2,,528,37.2888143989,127.1069655814,45.063466473,41.907462223,1,8,2,NONE,,,-60.583893000,-18.100752000,0.110312554779,ZONE_05_LONG_CORRIDOR
COMMON_2,,529,37.2888152322,127.1069629147,45.315665275,41.935396318,1,8,2,NONE,,,-60.820070000,-18.007989000,0.110298146601,ZONE_05_LONG_CORRIDOR
COMMON_2,,530,37.2888160655,127.1069602481,45.567855228,41.963325755,1,8,2,NONE,,,-61.056237000,-17.915226000,0.018707972101,ZONE_05_LONG_CORRIDOR
COMMON_2,,531,37.2888170655,127.1069577481,45.815634095,41.967961736,1,8,2,NONE,,,-61.277650000,-17.803906000,-0.045925503605,ZONE_05_LONG_CORRIDOR
COMMON_2,,532,37.2888182322,127.1069552481,46.072057326,41.956177083,1,8,2,NONE,,,-61.499063000,-17.674029000,0.018706159534,ZONE_05_LONG_CORRIDOR
COMMON_2,,533,37.2888192322,127.1069527481,46.319835308,41.960812598,1,8,2,NONE,,,-61.720475000,-17.562709000,0.018707972101,ZONE_05_LONG_CORRIDOR
COMMON_2,,534,37.2888202322,127.1069502481,46.567614174,41.965448579,1,8,2,NONE,,,-61.941888000,-17.451389000,0.044110770408,ZONE_05_LONG_CORRIDOR
COMMON_2,,535,37.2888212322,127.1069475814,46.828457342,41.976962041,1,8,2,NONE,,,-62.178065000,-17.340069000,0.044109137467,ZONE_05_LONG_CORRIDOR
COMMON_2,,536,37.2888222322,127.1069449147,47.089299624,41.988475036,1,8,2,NONE,,,-62.414241000,-17.228749000,-0.018223350568,ZONE_05_LONG_CORRIDOR
COMMON_2,,537,37.2888233989,127.1069422481,47.358779193,41.983563672,1,8,2,NONE,,,-62.650409000,-17.098872000,-0.049552614454,ZONE_05_LONG_CORRIDOR
COMMON_2,,538,37.2888247322,127.1069394147,47.649969382,41.969122615,1,8,2,NONE,,,-62.901349000,-16.950449000,0.087826916896,ZONE_05_LONG_CORRIDOR
COMMON_2,,539,37.2888255655,127.1069369147,47.889103883,41.990179230,1,8,2,NONE,,,-63.122762000,-16.857686000,0.130436916328,ZONE_05_LONG_CORRIDOR
COMMON_2,,540,37.2888263989,127.1069340814,48.154363262,42.024976413,1,8,2,NONE,,,-63.373693000,-16.764912000,0.197042791688,ZONE_05_LONG_CORRIDOR
COMMON_2,,541,37.2888270655,127.1069312481,48.410974036,42.076204429,1,8,2,NONE,,,-63.624625000,-16.690706000,0.062608160778,ZONE_05_LONG_CORRIDOR
COMMON_2,,542,37.2888278989,127.1069289147,48.637056440,42.090377556,1,8,2,NONE,,,-63.831282000,-16.597932000,0.044096073532,ZONE_05_LONG_CORRIDOR
COMMON_2,,543,37.2888288989,127.1069262481,48.897891643,42.101886825,1,8,2,NONE,,,-64.067450000,-16.486612000,0.067040798837,ZONE_05_LONG_CORRIDOR
COMMON_2,,544,37.2888298989,127.1069234147,49.171798226,42.120277302,1,8,2,NONE,,,-64.318390000,-16.375292000,0.044096073532,ZONE_05_LONG_CORRIDOR
COMMON_2,,545,37.2888308989,127.1069207481,49.432633430,42.131786571,1,8,2,NONE,,,-64.554558000,-16.263972000,0.180140057602,ZONE_05_LONG_CORRIDOR
COMMON_2,,546,37.2888315655,127.1069180814,49.676187867,42.176141299,1,8,2,NONE,,,-64.790735000,-16.189766000,0.110270764050,ZONE_05_LONG_CORRIDOR
COMMON_2,,547,37.2888323989,127.1069154147,49.928390908,42.204065194,1,8,2,NONE,,,-65.026911000,-16.096992000,0.018707972101,ZONE_05_LONG_CORRIDOR
COMMON_2,,548,37.2888333989,127.1069129147,50.176169775,42.208701175,1,8,2,NONE,,,-65.248324000,-15.985672000,0.067014209139,ZONE_05_LONG_CORRIDOR
COMMON_2,,549,37.2888343989,127.1069100815,50.450060430,42.227083267,1,8,2,NONE,,,-65.499246000,-15.874352000,0.110325521235,ZONE_05_LONG_CORRIDOR
COMMON_2,,550,37.2888352322,127.1069074147,50.702267196,42.255021554,1,8,2,NONE,,,-65.735432000,-15.781589000,0.196991641918,ZONE_05_LONG_CORRIDOR
COMMON_2,,551,37.2888358989,127.1069045815,50.958874246,42.306235179,1,8,2,NONE,,,-65.986354000,-15.707372000,0.110325521235,ZONE_05_LONG_CORRIDOR
COMMON_2,,552,37.2888367322,127.1069019147,51.211081012,42.334173466,1,8,2,NONE,,,-66.222540000,-15.614609000,0.018706159534,ZONE_05_LONG_CORRIDOR
COMMON_2,,553,37.2888377322,127.1068994147,51.458858993,42.338808981,1,8,2,NONE,,,-66.443952000,-15.503289000,0.044081375741,ZONE_05_LONG_CORRIDOR
COMMON_2,,554,37.2888387322,127.1068967482,51.719686233,42.350314058,1,8,2,NONE,,,-66.680111000,-15.391969000,0.006986164904,ZONE_05_LONG_CORRIDOR
COMMON_2,,555,37.2888398989,127.1068939147,52.002245145,42.352288093,1,8,2,NONE,,,-66.931060000,-15.262092000,0.018691658522,ZONE_05_LONG_CORRIDOR
COMMON_2,,556,37.2888408989,127.1068914148,52.250016048,42.356919881,1,8,2,NONE,,,-67.152464000,-15.150772000,0.130488442526,ZONE_05_LONG_CORRIDOR
COMMON_2,,557,37.2888417322,127.1068885814,52.515279151,42.391731457,1,8,2,NONE,,,-67.403405000,-15.058009000,0.044094440490,ZONE_05_LONG_CORRIDOR
COMMON_2,,558,37.2888427322,127.1068859148,52.776113470,42.403240260,1,8,2,NONE,,,-67.639572000,-14.946689000,-0.018223350568,ZONE_05_LONG_CORRIDOR
COMMON_2,,559,37.2888438989,127.1068832482,53.045593038,42.398328896,1,8,2,NONE,,,-67.875740000,-14.816812000,0.037459623386,ZONE_05_LONG_CORRIDOR
COMMON_2,,560,37.2888449249,127.1068805587,53.309570874,42.408222034,1,8,2,NONE,,,-68.113936000,-14.702598000,0.052143625863,ZONE_05_LONG_CORRIDOR
COMMON_2,,561,37.2888459398,127.1068777949,53.578795894,42.422273140,1,8,2,NONE,,,-68.358712000,-14.589619000,0.111779843426,ZONE_05_LONG_CORRIDOR
COMMON_2,,562,37.2888467322,127.1068752481,53.819476405,42.449288982,1,8,2,NONE,,,-68.584269000,-14.501409000,0.087812429393,ZONE_05_LONG_CORRIDOR
COMMON_2,,563,37.2888475655,127.1068727482,54.058602943,42.470341404,1,8,2,NONE,,,-68.805673000,-14.408646000,0.044110770408,ZONE_05_LONG_CORRIDOR
COMMON_2,,564,37.2888485655,127.1068700815,54.319446110,42.481854866,1,8,2,NONE,,,-69.041850000,-14.297326000,0.044109137467,ZONE_05_LONG_CORRIDOR
COMMON_2,,565,37.2888495655,127.1068674148,54.580288392,42.493367861,1,8,2,NONE,,,-69.278026000,-14.186006000,0.110259236507,ZONE_05_LONG_CORRIDOR
COMMON_2,,566,37.2888503989,127.1068647482,54.832484355,42.521288030,1,8,2,NONE,,,-69.514194000,-14.093232000,0.180138846785,ZONE_05_LONG_CORRIDOR
COMMON_2,,567,37.2888510655,127.1068620815,55.076037907,42.565642292,1,8,2,NONE,,,-69.750370000,-14.019026000,0.180097667694,ZONE_05_LONG_CORRIDOR
COMMON_2,,568,37.2888517322,127.1068594148,55.319597468,42.609987287,1,8,2,NONE,,,-69.986547000,-13.944809000,0.087826916896,ZONE_05_LONG_CORRIDOR
COMMON_2,,569,37.2888525655,127.1068569148,55.558731970,42.631043902,1,8,2,NONE,,,-70.207960000,-13.852046000,0.110257795516,ZONE_05_LONG_CORRIDOR
COMMON_2,,570,37.2888533989,127.1068542482,55.810927047,42.658963605,1,8,2,NONE,,,-70.444127000,-13.759272000,0.044110770408,ZONE_05_LONG_CORRIDOR
COMMON_2,,571,37.2888543989,127.1068515815,56.071770214,42.670477066,1,8,2,NONE,,,-70.680304000,-13.647952000,0.087826916896,ZONE_05_LONG_CORRIDOR
COMMON_2,,572,37.2888552322,127.1068490815,56.310904716,42.691533680,1,8,2,NONE,,,-70.901717000,-13.555189000,0.180096456730,ZONE_05_LONG_CORRIDOR
COMMON_2,,573,37.2888558989,127.1068464148,56.554463392,42.735878209,1,8,2,NONE,,,-71.137893000,-13.480972000,0.110299587466,ZONE_05_LONG_CORRIDOR
COMMON_2,,574,37.2888567322,127.1068437482,56.806654231,42.763808112,1,8,2,NONE,,,-71.374061000,-13.388209000,0.110311114008,ZONE_05_LONG_CORRIDOR
COMMON_2,,575,37.2888575655,127.1068410815,57.058852148,42.791741741,1,8,2,NONE,,,-71.610237000,-13.295446000,0.044110770408,ZONE_05_LONG_CORRIDOR
COMMON_2,,576,37.2888585655,127.1068384148,57.319695315,42.803255202,1,8,2,NONE,,,-71.846414000,-13.184126000,0.110257795516,ZONE_05_LONG_CORRIDOR
COMMON_2,,577,37.2888593989,127.1068357482,57.571890393,42.831174905,1,8,2,NONE,,,-72.082581000,-13.091352000,0.087826916896,ZONE_05_LONG_CORRIDOR
COMMON_2,,578,37.2888602322,127.1068332482,57.811024894,42.852231520,1,8,2,NONE,,,-72.303994000,-12.998589000,0.180097667694,ZONE_05_LONG_CORRIDOR
COMMON_2,,579,37.2888608989,127.1068305815,58.054584455,42.896576514,1,8,2,NONE,,,-72.540171000,-12.924372000,0.161186074242,ZONE_05_LONG_CORRIDOR
COMMON_2,,580,37.2888615655,127.1068280815,58.285073707,42.934053296,1,8,2,NONE,,,-72.761583000,-12.850166000,0.044110770408,ZONE_05_LONG_CORRIDOR
COMMON_2,,581,37.2888625655,127.1068254148,58.545916874,42.945566758,1,8,2,NONE,,,-72.997760000,-12.738846000,0.018707972101,ZONE_05_LONG_CORRIDOR
COMMON_2,,582,37.2888635655,127.1068229148,58.793695740,42.950202739,1,8,2,NONE,,,-73.219173000,-12.627526000,0.110257795516,ZONE_05_LONG_CORRIDOR
COMMON_2,,583,37.2888643989,127.1068202482,59.045890818,42.978122442,1,8,2,NONE,,,-73.455340000,-12.534752000,0.180140057603,ZONE_05_LONG_CORRIDOR
COMMON_2,,584,37.2888650655,127.1068175815,59.289445255,43.022477170,1,8,2,NONE,,,-73.691517000,-12.460546000,0.180096456730,ZONE_05_LONG_CORRIDOR
COMMON_2,,585,37.2888657322,127.1068149148,59.533003931,43.066821699,1,8,2,NONE,,,-73.927693000,-12.386329000,0.110299587466,ZONE_05_LONG_CORRIDOR
COMMON_2,,586,37.2888665655,127.1068122482,59.785194770,43.094751601,1,8,2,NONE,,,-74.163861000,-12.293566000,0.044109137467,ZONE_05_LONG_CORRIDOR
COMMON_2,,587,37.2888675655,127.1068095815,60.046037052,43.106264597,1,8,2,NONE,,,-74.400037000,-12.182246000,0.161142771664,ZONE_05_LONG_CORRIDOR
COMMON_2,,588,37.2888682322,127.1068070815,60.276532313,43.143732111,1,8,2,NONE,,,-74.621450000,-12.108029000,0.180097667694,ZONE_05_LONG_CORRIDOR
COMMON_2,,589,37.2888688989,127.1068044148,60.520091874,43.188077106,1,8,2,NONE,,,-74.857627000,-12.033812000,0.161186074242,ZONE_05_LONG_CORRIDOR
COMMON_2,,590,37.2888695655,127.1068019148,60.750581125,43.225553888,1,8,2,NONE,,,-75.079039000,-11.959606000,0.180086768676,ZONE_05_LONG_CORRIDOR
COMMON_2,,591,37.2888702322,127.1067992482,60.994132723,43.269894690,1,8,2,NONE,,,-75.315207000,-11.885389000,0.110311114008,ZONE_05_LONG_CORRIDOR
COMMON_2,,592,37.2888710655,127.1067965815,61.246330640,43.297828319,1,8,2,NONE,,,-75.551383000,-11.792626000,0.110272204945,ZONE_05_LONG_CORRIDOR
COMMON_2,,593,37.2888718989,127.1067939148,61.498534566,43.325752680,1,8,2,NONE,,,-75.787560000,-11.699852000,0.241200990702,ZONE_05_LONG_CORRIDOR
COMMON_2,,594,37.2888724295,127.1067912287,61.736557053,43.384303830,1,8,2,NONE,,,-76.025455000,-11.640785000,0.265278148889,ZONE_05_LONG_CORRIDOR
COMMON_2,,595,37.2888728989,127.1067885815,61.968356110,43.447279278,1,8,2,NONE,,,-76.259904000,-11.588532000,0.180140057603,ZONE_05_LONG_CORRIDOR
COMMON_2,,596,37.2888735655,127.1067859148,62.211910547,43.491634007,1,8,2,NONE,,,-76.496081000,-11.514326000,0.110257795516,ZONE_05_LONG_CORRIDOR
COMMON_2,,597,37.2888743989,127.1067832482,62.464105624,43.519553710,1,8,2,NONE,,,-76.732248000,-11.421552000,0.176917413745,ZONE_05_LONG_CORRIDOR
COMMON_2,,598,37.2888750778,127.1067805626,62.709779061,43.563476839,1,8,2,NONE,,,-76.970099000,-11.345977000,0.164451608261,ZONE_05_LONG_CORRIDOR
COMMON_2,,599,37.2888757322,127.1067780815,62.938155322,43.601375952,1,8,2,NONE,,,-77.189838000,-11.273129000,0.197001397006,ZONE_05_LONG_CORRIDOR
COMMON_2,,600,37.2888763989,127.1067752482,63.194770335,43.652593769,1,8,2,NONE,,,-77.440769000,-11.198912000,0.253121381248,ZONE_05_LONG_CORRIDOR
COMMON_2,,601,37.2888768989,127.1067725815,63.429684646,43.713358931,1,8,2,NONE,,,-77.676945000,-11.143252000,0.180140057603,ZONE_05_LONG_CORRIDOR
COMMON_2,,602,37.2888775655,127.1067699148,63.673239084,43.757713660,1,8,2,NONE,,,-77.913122000,-11.069046000,0.130436916328,ZONE_05_LONG_CORRIDOR
COMMON_2,,603,37.2888783989,127.1067670815,63.938498462,43.792510843,1,8,2,NONE,,,-78.164053000,-10.976272000,0.266290770962,ZONE_05_LONG_CORRIDOR
COMMON_2,,604,37.2888788989,127.1067642482,64.186469995,43.860149759,1,8,2,NONE,,,-78.414985000,-10.920612000,0.353759477053,ZONE_05_LONG_CORRIDOR
COMMON_2,,605,37.2888792068,127.1067613065,64.432975072,43.951182798,1,8,2,NONE,,,-78.675517000,-10.886336000,0.310128738534,ZONE_05_LONG_CORRIDOR
COMMON_2,,606,37.2888795655,127.1067587482,64.652067109,44.021395104,1,8,2,NONE,,,-78.902093000,-10.846406000,0.406158134097,ZONE_05_LONG_CORRIDOR
COMMON_2,,607,37.2888797322,127.1067560815,64.869697815,44.114991800,1,8,2,NONE,,,-79.138269000,-10.827849000,0.337772653062,ZONE_05_LONG_CORRIDOR
COMMON_2,,608,37.2888800655,127.1067532482,65.109024983,44.199051349,1,8,2,NONE,,,-79.389201000,-10.790746000,0.410754207389,ZONE_05_LONG_CORRIDOR
COMMON_2,,609,37.2888802322,127.1067504148,65.339719989,44.299525525,1,8,2,NONE,,,-79.640141000,-10.772189000,0.484569795397,ZONE_05_LONG_CORRIDOR
COMMON_2,,610,37.2888802322,127.1067477482,65.548699250,44.409539127,1,8,2,NONE,,,-79.876309000,-10.772189000,0.558385383406,ZONE_05_LONG_CORRIDOR
COMMON_2,,611,37.2888800655,127.1067449148,65.762105526,44.542854570,1,8,2,NONE,,,-80.127249000,-10.790746000,0.640400334220,ZONE_05_LONG_CORRIDOR
COMMON_2,,612,37.2888797322,127.1067422482,65.953801181,44.685699706,1,8,2,NONE,,,-80.363417000,-10.827849000,0.568186452226,ZONE_05_LONG_CORRIDOR
COMMON_2,,613,37.2888795655,127.1067397482,66.141078855,44.805260187,1,8,2,NONE,,,-80.584829000,-10.846406000,0.632239722586,ZONE_05_LONG_CORRIDOR
COMMON_2,,614,37.2888792068,127.1067367173,66.360007236,44.965636331,1,8,2,NONE,,,-80.853261000,-10.886336000,0.630358086184,ZONE_05_LONG_CORRIDOR
COMMON_2,,615,37.2888788989,127.1067340815,66.550605845,45.104709146,1,8,2,NONE,,,-81.086701000,-10.920612000,0.721807753859,ZONE_05_LONG_CORRIDOR
COMMON_2,,616,37.2888783525,127.1067312411,66.744871138,45.275715316,1,8,2,NONE,,,-81.338261000,-10.981437000,0.840652333902,ZONE_05_LONG_CORRIDOR
COMMON_2,,617,37.2888775655,127.1067285815,66.912491075,45.462963157,1,8,2,NONE,,,-81.573809000,-11.069046000,0.807952155724,ZONE_05_LONG_CORRIDOR
COMMON_2,,618,37.2888768989,127.1067260815,67.073846787,45.631766537,1,8,2,NONE,,,-81.795222000,-11.143252000,0.789043134065,ZONE_05_LONG_CORRIDOR
COMMON_2,,619,37.2888762322,127.1067234148,67.248260791,45.807456666,1,8,2,NONE,,,-82.031398000,-11.217469000,0.789052822118,ZONE_05_LONG_CORRIDOR
COMMON_2,,620,37.2888755655,127.1067207482,67.422667715,45.983143068,1,8,2,NONE,,,-82.267566000,-11.291686000,0.881312673898,ZONE_05_LONG_CORRIDOR
COMMON_2,,621,37.2888747322,127.1067182482,67.575379062,46.168367082,1,8,2,NONE,,,-82.488979000,-11.384449000,0.925030453327,ZONE_05_LONG_CORRIDOR
COMMON_2,,622,37.2888737322,127.1067155815,67.732509460,46.376888744,1,8,2,NONE,,,-82.725155000,-11.495769000,0.978689195909,ZONE_05_LONG_CORRIDOR
COMMON_2,,623,37.2888727322,127.1067132482,67.863512141,46.571655911,1,8,2,NONE,,,-82.931804000,-11.607089000,0.950431618693,ZONE_05_LONG_CORRIDOR
COMMON_2,,624,37.2888717322,127.1067107482,68.007579123,46.773300558,1,8,2,NONE,,,-83.153217000,-11.718409000,0.950431618693,ZONE_05_LONG_CORRIDOR
COMMON_2,,625,37.2888707322,127.1067082482,68.151646104,46.974945205,1,8,2,NONE,,,-83.374630000,-11.829729000,1.075116401148,ZONE_05_LONG_CORRIDOR
COMMON_2,,626,37.2888693989,127.1067057482,68.278428595,47.209420920,1,8,2,NONE,,,-83.596042000,-11.978152000,1.142955061347,ZONE_05_LONG_CORRIDOR
COMMON_2,,627,37.2888680655,127.1067035815,68.379086209,47.430156065,1,8,2,NONE,,,-83.787936000,-12.126586000,1.142919195947,ZONE_05_LONG_CORRIDOR
COMMON_2,,628,37.2888667322,127.1067014148,68.479748946,47.650881477,1,8,2,NONE,,,-83.979830000,-12.275009000,1.182016255754,ZONE_05_LONG_CORRIDOR
COMMON_2,,629,37.2888653989,127.1066994148,68.567347383,47.864729408,1,8,2,NONE,,,-84.156960000,-12.423432000,1.182049959816,ZONE_05_LONG_CORRIDOR
COMMON_2,,630,37.2888640655,127.1066974148,68.654941581,48.078587539,1,8,2,NONE,,,-84.334091000,-12.571866000,1.142941894078,ZONE_05_LONG_CORRIDOR
COMMON_2,,631,37.2888627322,127.1066952482,68.755596355,48.299308758,1,8,2,NONE,,,-84.525976000,-12.720289000,1.182016255754,ZONE_05_LONG_CORRIDOR
COMMON_2,,632,37.2888613989,127.1066932482,68.843194792,48.513156689,1,8,2,NONE,,,-84.703106000,-12.868712000,1.283948921445,ZONE_05_LONG_CORRIDOR
COMMON_2,,633,37.2888598989,127.1066914148,68.909092526,48.736551966,1,8,2,NONE,,,-84.865481000,-13.035692000,1.283976624984,ZONE_05_LONG_CORRIDOR
COMMON_2,,634,37.2888583989,127.1066895815,68.974982297,48.959943050,1,8,2,NONE,,,-85.027847000,-13.202672000,1.225168625243,ZONE_05_LONG_CORRIDOR
COMMON_2,,635,37.2888570655,127.1066877482,69.049512194,49.166923700,1,8,2,NONE,,,-85.190214000,-13.351106000,1.240480126671,ZONE_05_LONG_CORRIDOR
COMMON_2,,636,37.2888555655,127.1066857482,69.128466266,49.397192265,1,8,2,NONE,,,-85.367344000,-13.518086000,1.331459169150,ZONE_05_LONG_CORRIDOR
COMMON_2,,637,37.2888540655,127.1066840815,69.181299700,49.613710061,1,8,2,NONE,,,-85.514955000,-13.685066000,1.336439204748,ZONE_05_LONG_CORRIDOR
COMMON_2,,638,37.2888523989,127.1066822482,69.238551115,49.853512510,1,8,2,NONE,,,-85.677322000,-13.870592000,1.414710771176,ZONE_05_LONG_CORRIDOR
COMMON_2,,639,37.2888508005,127.1066807503,69.273052984,50.072759107,1,8,2,NONE,,,-85.809983000,-14.048526000,1.305608142652,ZONE_05_LONG_CORRIDOR
COMMON_2,,640,37.2888492322,127.1066789148,69.335574502,50.302969201,1,8,2,NONE,,,-85.972545000,-14.223109000,1.225134786205,ZONE_05_LONG_CORRIDOR
COMMON_2,,641,37.2888478989,127.1066770815,69.410108638,50.509939652,1,8,2,NONE,,,-86.134911000,-14.371532000,1.336471639871,ZONE_05_LONG_CORRIDOR
COMMON_2,,642,37.2888462322,127.1066752482,69.467354044,50.749751370,1,8,2,NONE,,,-86.297277000,-14.557069000,1.331455807462,ZONE_05_LONG_CORRIDOR
COMMON_2,,643,37.2888447322,127.1066735815,69.520188363,50.966269631,1,8,2,NONE,,,-86.444889000,-14.724049000,1.383322262183,ZONE_05_LONG_CORRIDOR
COMMON_2,,644,37.2888432322,127.1066720815,69.559957496,51.175909947,1,8,2,NONE,,,-86.577736000,-14.891029000,1.429177097232,ZONE_05_LONG_CORRIDOR
COMMON_2,,645,37.2888413989,127.1066704148,69.595508208,51.425259742,1,8,2,NONE,,,-86.725348000,-15.095112000,1.433969921915,ZONE_05_LONG_CORRIDOR
COMMON_2,,646,37.2888397322,127.1066689148,69.626633861,51.651321157,1,8,2,NONE,,,-86.858196000,-15.280649000,1.336471639871,ZONE_05_LONG_CORRIDOR
COMMON_2,,647,37.2888380655,127.1066670815,69.683879267,51.891132874,1,8,2,NONE,,,-87.020562000,-15.466186000,1.331459169150,ZONE_05_LONG_CORRIDOR
COMMON_2,,648,37.2888365655,127.1066654148,69.736712701,52.107650670,1,8,2,NONE,,,-87.168173000,-15.633166000,1.433941857517,ZONE_05_LONG_CORRIDOR
COMMON_2,,649,37.2888348989,127.1066639148,69.767843478,52.333702351,1,8,2,NONE,,,-87.301021000,-15.818692000,1.478347406807,ZONE_05_LONG_CORRIDOR
COMMON_2,,650,37.2888330655,127.1066624148,69.790324765,52.576184399,1,8,2,NONE,,,-87.433869000,-16.022786000,1.530828440478,ZONE_05_LONG_CORRIDOR
COMMON_2,,651,37.2888312322,127.1066610815,69.799745991,52.811778767,1,8,2,NONE,,,-87.551952000,-16.226869000,1.433969921915,ZONE_05_LONG_CORRIDOR
COMMON_2,,652,37.2888295655,127.1066595815,69.830871644,53.037840182,1,8,2,NONE,,,-87.684800000,-16.412406000,1.429180314227,ZONE_05_LONG_CORRIDOR
COMMON_2,,653,37.2888277322,127.1066579148,69.866421472,53.287189511,1,8,2,NONE,,,-87.832411000,-16.616489000,1.478322764132,ZONE_05_LONG_CORRIDOR
COMMON_2,,654,37.2888258989,127.1066564148,69.888907884,53.529661826,1,8,2,NONE,,,-87.965259000,-16.820572000,1.488579363156,ZONE_05_LONG_CORRIDOR
COMMON_2,,655,37.2888242322,127.1066550815,69.906969236,53.748845760,1,8,2,NONE,,,-88.083343000,-17.006109000,1.530824769496,ZONE_05_LONG_CORRIDOR
COMMON_2,,656,37.2888223989,127.1066537482,69.916391347,53.984440594,1,8,2,NONE,,,-88.201427000,-17.210192000,1.530818766643,ZONE_05_LONG_CORRIDOR
COMMON_2,,657,37.2888205655,127.1066524148,69.925815412,54.220048888,1,8,2,NONE,,,-88.319519000,-17.414286000,1.433941857518,ZONE_05_LONG_CORRIDOR
COMMON_2,,658,37.2888188989,127.1066509148,69.956946189,54.446100569,1,8,2,NONE,,,-88.452367000,-17.599812000,1.433969921915,ZONE_05_LONG_CORRIDOR
COMMON_2,,659,37.2888172322,127.1066494148,69.988071842,54.672161984,1,8,2,NONE,,,-88.585215000,-17.785349000,1.433973484971,ZONE_05_LONG_CORRIDOR
COMMON_2,,660,37.2888155655,127.1066479148,70.019196610,54.898222933,1,8,2,NONE,,,-88.718062000,-17.970886000,1.488552506889,ZONE_05_LONG_CORRIDOR
COMMON_2,,661,37.2888138989,127.1066465815,70.037263086,55.117397133,1,8,2,NONE,,,-88.836146000,-18.156412000,1.617649188061,ZONE_05_LONG_CORRIDOR
COMMON_2,,662,37.2888110655,127.1066449148,70.020952732,55.465260995,1,8,2,NONE,,,-88.983758000,-18.471826000,1.488556342955,ZONE_05_LONG_CORRIDOR
COMMON_2,,663,37.2888093989,127.1066435815,70.039018323,55.684434729,1,8,2,NONE,,,-89.101841000,-18.657352000,1.567710233053,ZONE_05_LONG_CORRIDOR
COMMON_2,,664,37.2888073989,127.1066422482,70.039796069,55.936450197,1,8,2,NONE,,,-89.219925000,-18.879992000,1.547226674704,ZONE_05_LONG_CORRIDOR
COMMON_2,,665,37.2888057322,127.1066410815,70.044801084,56.148760843,1,8,2,NONE,,,-89.323254000,-19.065529000,1.616188678933,ZONE_05_LONG_CORRIDOR
COMMON_2,,666,37.2888038786,127.1066399870,70.034456194,56.376503705,1,8,2,NONE,,,-89.420189000,-19.271872000,1.706367428591,ZONE_05_LONG_CORRIDOR
COMMON_2,,667,37.2888018989,127.1066390815,70.002759665,56.608869607,1,8,2,NONE,,,-89.500384000,-19.492252000,1.610006914948,ZONE_05_LONG_CORRIDOR
COMMON_2,,668,37.2888002322,127.1066380815,69.994700379,56.814302772,1,8,2,NONE,,,-89.588949000,-19.677789000,1.620842135258,ZONE_05_LONG_CORRIDOR
COMMON_2,,669,37.2887982322,127.1066369148,69.982421788,57.059444952,1,8,2,NONE,,,-89.692278000,-19.900429000,1.586719395524,ZONE_05_LONG_CORRIDOR
COMMON_2,,670,37.2887963989,127.1066357482,69.978779598,57.288162305,1,8,2,NONE,,,-89.795598000,-20.104512000,1.645945794601,ZONE_05_LONG_CORRIDOR
COMMON_2,,671,37.2887945655,127.1066347482,69.962075947,57.510016104,1,8,2,NONE,,,-89.884163000,-20.308606000,1.676762356844,ZONE_05_LONG_CORRIDOR
COMMON_2,,672,37.2887925655,127.1066337482,69.936733055,57.748280803,1,8,2,NONE,,,-89.972728000,-20.531246000,1.758383223376,ZONE_05_LONG_CORRIDOR
COMMON_2,,673,37.2887903989,127.1066329148,69.889695470,57.996083579,1,8,2,NONE,,,-90.046539000,-20.772432000,1.675111660095,ZONE_05_LONG_CORRIDOR
COMMON_2,,674,37.2887884067,127.1066319139,69.864826821,58.233617006,1,8,2,NONE,,,-90.135183000,-20.994204000,1.622650549579,ZONE_05_LONG_CORRIDOR
COMMON_2,,675,37.2887863989,127.1066307482,69.852066023,58.479486264,1,8,2,NONE,,,-90.238424000,-21.217712000,1.620842135258,ZONE_05_LONG_CORRIDOR
COMMON_2,,676,37.2887843989,127.1066295815,69.839787431,58.724628444,1,8,2,NONE,,,-90.341753000,-21.440352000,1.586709914093,ZONE_05_LONG_CORRIDOR
COMMON_2,,677,37.2887825655,127.1066284148,69.836147196,58.953359257,1,8,2,NONE,,,-90.445081000,-21.644446000,1.650633474197,ZONE_05_LONG_CORRIDOR
COMMON_2,,678,37.2887803989,127.1066272482,69.815221400,59.214908144,1,8,2,NONE,,,-90.548401000,-21.885632000,1.676758478937,ZONE_05_LONG_CORRIDOR
COMMON_2,,679,37.2887783989,127.1066262482,69.789879393,59.453173308,1,8,2,NONE,,,-90.636967000,-22.108272000,1.567682189813,ZONE_05_LONG_CORRIDOR
COMMON_2,,680,37.2887763989,127.1066249148,69.790664218,59.705192502,1,8,2,NONE,,,-90.755059000,-22.330912000,1.620875395709,ZONE_05_LONG_CORRIDOR
COMMON_2,,681,37.2887743989,127.1066237482,69.778377663,59.950330489,1,8,2,NONE,,,-90.858379000,-22.553552000,1.676762356844,ZONE_05_LONG_CORRIDOR
COMMON_2,,682,37.2887723989,127.1066227482,69.753034771,60.188595188,1,8,2,NONE,,,-90.946944000,-22.776192000,1.788316222010,ZONE_05_LONG_CORRIDOR
COMMON_2,,683,37.2887703720,127.1066220512,69.702551558,60.417008716,1,8,2,NONE,,,-91.008674000,-23.001826000,1.709331499766,ZONE_05_LONG_CORRIDOR
COMMON_2,,684,37.2887682322,127.1066210815,69.667584869,60.667794916,1,8,2,NONE,,,-91.094556000,-23.240029000,1.773732868497,ZONE_05_LONG_CORRIDOR
COMMON_2,,685,37.2887663989,127.1066204148,69.624765704,60.875888212,1,8,2,NONE,,,-91.153602000,-23.444112000,1.676762356844,ZONE_05_LONG_CORRIDOR
COMMON_2,,686,37.2887643989,127.1066194148,69.599422812,61.114152911,1,8,2,NONE,,,-91.242167000,-23.666752000,1.708392192381,ZONE_05_LONG_CORRIDOR
COMMON_2,,687,37.2887625655,127.1066185815,69.569654860,61.329129230,1,8,2,NONE,,,-91.315968000,-23.870846000,1.735279262362,ZONE_05_LONG_CORRIDOR
COMMON_2,,688,37.2887605655,127.1066177482,69.531248552,61.560516914,1,8,2,NONE,,,-91.389770000,-24.093486000,1.773732868496,ZONE_05_LONG_CORRIDOR
COMMON_2,,689,37.2887587322,127.1066170815,69.488429387,61.768610210,1,8,2,NONE,,,-91.448816000,-24.297569000,1.671982605752,ZONE_05_LONG_CORRIDOR
COMMON_2,,690,37.2887569250,127.1066161653,69.466517010,61.984425454,1,8,2,NONE,,,-91.529959000,-24.498746000,1.682419904307,ZONE_05_LONG_CORRIDOR
COMMON_2,,691,37.2887553989,127.1066154148,69.446196186,62.165716505,1,8,2,NONE,,,-91.596428000,-24.668632000,1.610006914948,ZONE_05_LONG_CORRIDOR
COMMON_2,,692,37.2887537322,127.1066144148,69.438136900,62.371149670,1,8,2,NONE,,,-91.684993000,-24.854169000,1.676790713664,ZONE_05_LONG_CORRIDOR
COMMON_2,,693,37.2887523989,127.1066137482,69.421237743,62.529986608,1,8,2,NONE,,,-91.744030000,-25.002592000,1.763133079414,ZONE_05_LONG_CORRIDOR
COMMON_2,,694,37.2887510084,127.1066132224,69.390339148,62.688649142,1,8,2,NONE,,,-91.790598000,-25.157382000,1.720646999018,ZONE_05_LONG_CORRIDOR
COMMON_2,,695,37.2887495529,127.1066125861,69.364728749,62.858274109,1,8,2,NONE,,,-91.846952000,-25.319409000,1.748311795690,ZONE_05_LONG_CORRIDOR
COMMON_2,,696,37.2887482557,127.1066120691,69.337978039,63.007382981,1,8,2,NONE,,,-91.892740000,-25.463813000,1.714422594412,ZONE_05_LONG_CORRIDOR
COMMON_2,,697,37.2887472749,127.1066116317,69.321395875,63.122041570,1,8,2,NONE,,,-91.931478000,-25.572996000,1.749465082603,ZONE_05_LONG_CORRIDOR
COMMON_2,,698,37.2887460725,127.1066111544,69.296449822,63.260174501,1,8,2,NONE,,,-91.973750000,-25.706847000,1.676346929331,ZONE_05_LONG_CORRIDOR
COMMON_2,,699,37.2887449877,127.1066106114,69.282755482,63.389434273,1,8,2,NONE,,,-92.021845000,-25.827605000,1.701997430060,ZONE_05_LONG_CORRIDOR
COMMON_2,,700,37.2887428136,127.1066096034,69.249007754,63.645178035,1,8,2,NONE,,,-92.111115000,-26.069627000,1.739743407428,ZONE_05_LONG_CORRIDOR
COMMON_2,,701,37.2887412633,127.1066089671,69.218481475,63.824141093,1,8,2,NONE,,,-92.167469000,-26.242207000,1.769342408239,ZONE_05_LONG_CORRIDOR
COMMON_2,,702,37.2887396496,127.1066083706,69.181548664,64.007706674,1,8,2,NONE,,,-92.220298000,-26.421844000,1.703328788875,ZONE_05_LONG_CORRIDOR
COMMON_2,,703,37.2887380993,127.1066076548,69.157253259,64.189948740,1,8,2,NONE,,,-92.283693000,-26.594423000,1.683293379655,ZONE_05_LONG_CORRIDOR
COMMON_2,,704,37.2887368021,127.1066070185,69.139851677,64.343980432,1,8,2,NONE,,,-92.340047000,-26.738828000,1.661902034905,ZONE_05_LONG_CORRIDOR
COMMON_2,,705,37.2887351251,127.1066061435,69.121462096,64.545270486,1,8,2,NONE,,,-92.417541000,-26.925511000,1.739743407428,ZONE_05_LONG_CORRIDOR
COMMON_2,,706,37.2887335748,127.1066055072,69.090935818,64.724233544,1,8,2,NONE,,,-92.473895000,-27.098091000,1.741133902116,ZONE_05_LONG_CORRIDOR
COMMON_2,,707,37.2887323092,127.1066049902,69.065823889,64.870229424,1,8,2,NONE,,,-92.519683000,-27.238977000,1.708818342732,ZONE_05_LONG_CORRIDOR
COMMON_2,,708,37.2887311702,127.1066044732,69.047276405,65.003755639,1,9,2,NONE,,,-92.565471000,-27.365771000,1.639103725227,ZONE_05_LONG_CORRIDOR
COMMON_2,,709,37.2887295655,127.1066035815,69.033945422,65.198613641,1,9,2,NONE,,,-92.644445000,-27.544406000,1.639086944778,ZONE_05_LONG_CORRIDOR
COMMON_2,,710,37.2887281644,127.1066028029,69.022308627,65.368749745,1,9,2,NONE,,,-92.713402000,-27.700376000,1.674228356270,ZONE_05_LONG_CORRIDOR
COMMON_2,,711,37.2887267322,127.1066020815,69.004575006,65.539589823,1,9,2,NONE,,,-92.777292000,-27.859809000,1.711915574312,ZONE_05_LONG_CORRIDOR
COMMON_2,,712,37.2887250637,127.1066013315,68.976830528,65.734886072,1,9,2,NONE,,,-92.843716000,-28.045546000,1.705401581309,ZONE_05_LONG_CORRIDOR
COMMON_2,,713,37.2887230655,127.1066004148,68.945053075,65.969537384,1,9,2,NONE,,,-92.924904000,-28.267986000,1.586719395524,ZONE_05_LONG_CORRIDOR
COMMON_2,,714,37.2887212322,127.1065992482,68.941410885,66.198254738,1,9,2,NONE,,,-93.028224000,-28.472069000,1.610006914948,ZONE_05_LONG_CORRIDOR
COMMON_2,,715,37.2887195655,127.1065982482,68.933351599,66.403687903,1,9,2,NONE,,,-93.116789000,-28.657606000,1.645926111849,ZONE_05_LONG_CORRIDOR
COMMON_2,,716,37.2887177322,127.1065972482,68.916653072,66.625531968,1,9,2,NONE,,,-93.205354000,-28.861689000,1.715477817823,ZONE_05_LONG_CORRIDOR
COMMON_2,,717,37.2887162322,127.1065965815,68.891117513,66.800793732,1,9,2,NONE,,,-93.264400000,-29.028669000,1.758430104237,ZONE_05_LONG_CORRIDOR
COMMON_2,,718,37.2887140655,127.1065957482,68.844066840,67.048602049,1,9,2,NONE,,,-93.338202000,-29.269866000,1.735246887719,ZONE_05_LONG_CORRIDOR
COMMON_2,,719,37.2887120655,127.1065949148,68.805667611,67.279993460,1,9,2,NONE,,,-93.412012000,-29.492506000,1.708374956004,ZONE_05_LONG_CORRIDOR
COMMON_2,,720,37.2887102322,127.1065940815,68.775904783,67.494960045,1,9,2,NONE,,,-93.485813000,-29.696589000,1.676762356844,ZONE_05_LONG_CORRIDOR
COMMON_2,,721,37.2887082322,127.1065930815,68.750561891,67.733224743,1,9,2,NONE,,,-93.574378000,-29.919229000,1.773732868496,ZONE_05_LONG_CORRIDOR
COMMON_2,,722,37.2887063989,127.1065924148,68.707742727,67.941318040,1,9,2,NONE,,,-93.633424000,-30.123312000,1.676779226694,ZONE_05_LONG_CORRIDOR
COMMON_2,,723,37.2887047322,127.1065915815,68.686620025,68.139874191,1,9,2,NONE,,,-93.707226000,-30.308849000,1.708374956004,ZONE_05_LONG_CORRIDOR
COMMON_2,,724,37.2887028989,127.1065907482,68.656857197,68.354840776,1,9,2,NONE,,,-93.781027000,-30.512932000,1.676762356844,ZONE_05_LONG_CORRIDOR
COMMON_2,,725,37.2887008989,127.1065897482,68.631514305,68.593105474,1,9,2,NONE,,,-93.869592000,-30.735572000,1.586706014044,ZONE_05_LONG_CORRIDOR
COMMON_2,,726,37.2886990655,127.1065885815,68.627874954,68.821836754,1,9,2,NONE,,,-93.972921000,-30.939666000,1.650601945076,ZONE_05_LONG_CORRIDOR
COMMON_2,,727,37.2886968989,127.1065874148,68.606957122,69.083389833,1,9,2,NONE,,,-94.076250000,-31.180852000,1.582665881409,ZONE_05_LONG_CORRIDOR
COMMON_2,,728,37.2886951007,127.1065862590,68.604288561,69.308203296,1,9,2,NONE,,,-94.178613000,-31.381027000,1.642962126756,ZONE_05_LONG_CORRIDOR
COMMON_2,,729,37.2886935655,127.1065854148,68.590838550,69.494256164,1,9,2,NONE,,,-94.253380000,-31.551926000,1.735283309242,ZONE_05_LONG_CORRIDOR
COMMON_2,,730,37.2886915655,127.1065845815,68.552431357,69.725643382,1,9,2,NONE,,,-94.327181000,-31.774566000,1.697156346024,ZONE_05_LONG_CORRIDOR
COMMON_2,,731,37.2886899750,127.1065838331,68.528606009,69.913190110,1,9,2,NONE,,,-94.393463000,-31.951620000,1.630830052021,ZONE_05_LONG_CORRIDOR
COMMON_2,,732,37.2886880655,127.1065827482,68.514610128,70.146043598,1,9,2,NONE,,,-94.489548000,-32.164186000,1.676762356844,ZONE_05_LONG_CORRIDOR
COMMON_2,,733,37.2886860655,127.1065817482,68.489267236,70.384308297,1,9,2,NONE,,,-94.578113000,-32.386826000,1.676762356844,ZONE_05_LONG_CORRIDOR
COMMON_2,,734,37.2886840655,127.1065807482,68.463924344,70.622572996,1,9,2,NONE,,,-94.666678000,-32.609466000,1.676762356844,ZONE_05_LONG_CORRIDOR
COMMON_2,,735,37.2886820655,127.1065797482,68.438581452,70.860837694,1,9,2,NONE,,,-94.755243000,-32.832106000,1.735246887719,ZONE_05_LONG_CORRIDOR
COMMON_2,,736,37.2886800655,127.1065789148,68.400182223,71.092229105,1,9,2,NONE,,,-94.829053000,-33.054746000,1.645926111849,ZONE_05_LONG_CORRIDOR
COMMON_2,,737,37.2886782322,127.1065779148,68.383483696,71.314073170,1,9,2,NONE,,,-94.917618000,-33.258829000,1.620875395709,ZONE_05_LONG_CORRIDOR
COMMON_2,,738,37.2886762322,127.1065767482,68.371197141,71.559211157,1,9,2,NONE,,,-95.020938000,-33.481469000,1.530791731367,ZONE_05_LONG_CORRIDOR
COMMON_2,,739,37.2886743989,127.1065754148,68.380627216,71.794810184,1,9,2,NONE,,,-95.139031000,-33.685552000,1.645945794601,ZONE_05_LONG_CORRIDOR
COMMON_2,,740,37.2886725655,127.1065744148,68.363923565,72.016663982,1,9,2,NONE,,,-95.227596000,-33.889646000,1.735283309241,ZONE_05_LONG_CORRIDOR
COMMON_2,,741,37.2886705655,127.1065735815,68.325516372,72.248051201,1,9,2,NONE,,,-95.301397000,-34.112286000,1.796121472295,ZONE_05_LONG_CORRIDOR
COMMON_2,,742,37.2886685655,127.1065729148,68.274053727,72.472565597,1,9,2,NONE,,,-95.360444000,-34.334926000,1.708374956004,ZONE_05_LONG_CORRIDOR
COMMON_2,,743,37.2886667322,127.1065720815,68.244290899,72.687532181,1,9,2,NONE,,,-95.434245000,-34.539009000,1.645926111849,ZONE_05_LONG_CORRIDOR
COMMON_2,,744,37.2886648989,127.1065710815,68.227592372,72.909376247,1,9,2,NONE,,,-95.522810000,-34.743092000,1.567710233053,ZONE_05_LONG_CORRIDOR
COMMON_2,,745,37.2886628989,127.1065697482,68.228370118,73.161391714,1,9,2,NONE,,,-95.640894000,-34.965732000,1.676762356844,ZONE_05_LONG_CORRIDOR
COMMON_2,,746,37.2886608989,127.1065687482,68.203027226,73.399656413,1,9,2,NONE,,,-95.729459000,-35.188372000,1.796125668691,ZONE_05_LONG_CORRIDOR
COMMON_2,,747,37.2886588989,127.1065680815,68.151563696,73.624170343,1,9,2,NONE,,,-95.788505000,-35.411012000,1.735279262362,ZONE_05_LONG_CORRIDOR
COMMON_2,,748,37.2886568989,127.1065672482,68.113157388,73.855558027,1,9,2,NONE,,,-95.862307000,-35.633652000,1.708353194862,ZONE_05_LONG_CORRIDOR
COMMON_2,,749,37.2886550655,127.1065664148,68.083397400,74.070538538,1,9,2,NONE,,,-95.936117000,-35.837746000,1.676762356844,ZONE_05_LONG_CORRIDOR
COMMON_2,,750,37.2886530655,127.1065654148,68.058054508,74.308803236,1,9,2,NONE,,,-96.024682000,-36.060386000,1.676762356844,ZONE_05_LONG_CORRIDOR
COMMON_2,,751,37.2886510655,127.1065644148,68.032711616,74.547067935,1,9,2,NONE,,,-96.113247000,-36.283026000,1.735283309241,ZONE_05_LONG_CORRIDOR
COMMON_2,,752,37.2886490655,127.1065635815,67.994304423,74.778455153,1,9,2,NONE,,,-96.187048000,-36.505666000,1.768075535886,ZONE_05_LONG_CORRIDOR
COMMON_2,,753,37.2886473796,127.1065629554,67.955947898,74.970353878,1,9,2,NONE,,,-96.242499000,-36.693340000,1.688198129968,ZONE_05_LONG_CORRIDOR
COMMON_2,,754,37.2886454217,127.1065620089,67.928595335,75.202264959,1,9,2,NONE,,,-96.326326000,-36.911294000,1.740190792381,ZONE_05_LONG_CORRIDOR
COMMON_2,,755,37.2886435655,127.1065612482,67.891955363,75.416491819,1,9,2,NONE,,,-96.393697000,-37.117926000,1.620842135258,ZONE_05_LONG_CORRIDOR
COMMON_2,,756,37.2886415655,127.1065600815,67.879676772,75.661633998,1,9,2,NONE,,,-96.497026000,-37.340566000,1.723895450689,ZONE_05_LONG_CORRIDOR
COMMON_2,,757,37.2886397488,127.1065592956,67.847060087,75.873009788,1,9,2,NONE,,,-96.566629000,-37.542801000,1.693262435656,ZONE_05_LONG_CORRIDOR
COMMON_2,,758,37.2886378989,127.1065584148,67.820159080,76.091571360,1,9,2,NONE,,,-96.644637000,-37.748732000,1.773783428253,ZONE_05_LONG_CORRIDOR
COMMON_2,,759,37.2886360655,127.1065577482,67.777327712,76.299670664,1,9,2,NONE,,,-96.703675000,-37.952826000,1.796125668691,ZONE_05_LONG_CORRIDOR
COMMON_2,,760,37.2886340655,127.1065570815,67.725864182,76.524184594,1,9,2,NONE,,,-96.762721000,-38.175466000,1.735283309242,ZONE_05_LONG_CORRIDOR
COMMON_2,,761,37.2886320655,127.1065562482,67.687456989,76.755571812,1,9,2,NONE,,,-96.836522000,-38.398106000,1.842693885107,ZONE_05_LONG_CORRIDOR
COMMON_2,,762,37.2886298088,127.1065556357,67.618435449,77.003136435,1,9,2,NONE,,,-96.890769000,-38.649322000,1.807644347369,ZONE_05_LONG_CORRIDOR
COMMON_2,,763,37.2886280655,127.1065550815,67.571466513,77.197722657,1,9,2,NONE,,,-96.939851000,-38.843386000,1.923548707372,ZONE_05_LONG_CORRIDOR
COMMON_2,,764,37.2886260655,127.1065547482,67.493875266,77.408482092,1,9,2,NONE,,,-96.969370000,-39.066026000,1.923508981920,ZONE_05_LONG_CORRIDOR
COMMON_2,,765,37.2886240655,127.1065544148,67.416291983,77.619245720,1,9,2,NONE,,,-96.998898000,-39.288666000,1.911725017683,ZONE_05_LONG_CORRIDOR
COMMON_2,,766,37.2886222322,127.1065540815,67.347344217,77.813584055,1,9,2,NONE,,,-97.028416000,-39.492749000,1.949402750052,ZONE_05_LONG_CORRIDOR
COMMON_2,,767,37.2886201699,127.1065538058,67.262008705,78.028103914,1,9,2,NONE,,,-97.052834000,-39.722324000,2.025075645494,ZONE_05_LONG_CORRIDOR
COMMON_2,,768,37.2886185132,127.1065537427,67.181043577,78.193899226,1,9,2,NONE,,,-97.058422000,-39.906748000,2.055366122192,ZONE_05_LONG_CORRIDOR
COMMON_2,,769,37.2886165553,127.1065537427,67.079515027,78.386760481,1,9,2,NONE,,,-97.058422000,-40.124701000,2.057394854969,ZONE_05_LONG_CORRIDOR
COMMON_2,,770,37.2886143989,127.1065537482,66.967261681,78.598948855,1,9,2,NONE,,,-97.057935000,-40.364752000,2.055366122192,ZONE_05_LONG_CORRIDOR
COMMON_2,,771,37.2886125655,127.1065537482,66.872189037,78.779546622,1,9,2,NONE,,,-97.057935000,-40.568846000,2.055366122192,ZONE_05_LONG_CORRIDOR
COMMON_2,,772,37.2886103989,127.1065537482,66.759837912,78.992966188,1,9,2,NONE,,,-97.057935000,-40.810032000,2.055366122192,ZONE_05_LONG_CORRIDOR
COMMON_2,,773,37.2886085655,127.1065537482,66.664765268,79.173563954,1,9,2,NONE,,,-97.057935000,-41.014126000,2.167697295069,ZONE_05_LONG_CORRIDOR
COMMON_2,,774,37.2886066422,127.1065540209,66.543659109,79.351766883,1,9,2,NONE,,,-97.033783000,-41.228228000,2.252771436078,ZONE_05_LONG_CORRIDOR
COMMON_2,,775,37.2886045169,127.1065545552,66.391577554,79.539074824,1,9,2,NONE,,,-96.986463000,-41.464816000,2.336233953990,ZONE_05_LONG_CORRIDOR
COMMON_2,,776,37.2886030655,127.1065550815,66.275067954,79.660330985,1,9,2,NONE,,,-96.939851000,-41.626386000,2.336999375888,ZONE_05_LONG_CORRIDOR
COMMON_2,,777,37.2886012322,127.1065557482,66.127752080,79.813413754,1,9,2,NONE,,,-96.880805000,-41.830469000,2.413785721737,ZONE_05_LONG_CORRIDOR
COMMON_2,,778,37.2885993027,127.1065566567,65.956498049,79.965996954,1,9,2,NONE,,,-96.800344000,-42.045261000,2.525560825048,ZONE_05_LONG_CORRIDOR
COMMON_2,,779,37.2885975741,127.1065577609,65.780324244,80.090716607,1,9,2,NONE,,,-96.702550000,-42.237689000,2.604744352066,ZONE_05_LONG_CORRIDOR
COMMON_2,,780,37.2885961855,127.1065588295,65.624571564,80.183413364,1,9,2,NONE,,,-96.607909000,-42.392268000,2.659983439414,ZONE_05_LONG_CORRIDOR
COMMON_2,,781,37.2885946270,127.1065601830,65.437682392,80.281092472,1,9,2,NONE,,,-96.488037000,-42.565760000,2.667847860554,ZONE_05_LONG_CORRIDOR
COMMON_2,,782,37.2885932322,127.1065614148,65.268818302,80.367666720,1,9,2,NONE,,,-96.378942000,-42.721029000,2.670926912481,ZONE_05_LONG_CORRIDOR
COMMON_2,,783,37.2885917322,127.1065627482,65.086536794,80.460412226,1,9,2,NONE,,,-96.260849000,-42.888009000,2.609463297843,ZONE_05_LONG_CORRIDOR
COMMON_2,,784,37.2885902322,127.1065639148,64.917327551,80.560039405,1,9,2,NONE,,,-96.157529000,-43.054989000,2.670922920434,ZONE_05_LONG_CORRIDOR
COMMON_2,,785,37.2885887322,127.1065652482,64.735046928,80.652785377,1,9,2,NONE,,,-96.039437000,-43.221969000,2.739874923743,ZONE_05_LONG_CORRIDOR
COMMON_2,,786,37.2885873158,127.1065667012,64.547727812,80.732362185,1,9,2,NONE,,,-95.910752000,-43.379643000,2.840774191909,ZONE_05_LONG_CORRIDOR
COMMON_2,,787,37.2885859556,127.1065684109,64.343205738,80.795811734,1,9,2,NONE,,,-95.759332000,-43.531060000,2.815089722042,ZONE_05_LONG_CORRIDOR
COMMON_2,,788,37.2885848220,127.1065697644,64.178349333,80.851635768,1,9,2,NONE,,,-95.639459000,-43.657252000,2.794693484440,ZONE_05_LONG_CORRIDOR
COMMON_2,,789,37.2885838586,127.1065708686,64.041856549,80.900980428,1,9,2,NONE,,,-95.541666000,-43.764498000,2.759170935609,ZONE_05_LONG_CORRIDOR
COMMON_2,,790,37.2885825655,127.1065722482,63.866683075,80.971439316,1,9,2,NONE,,,-95.419481000,-43.908446000,2.803509819490,ZONE_05_LONG_CORRIDOR
COMMON_2,,791,37.2885815655,127.1065734148,63.723401803,81.021814328,1,9,2,NONE,,,-95.316161000,-44.019766000,2.823467321491,ZONE_05_LONG_CORRIDOR
COMMON_2,,792,37.2885802596,127.1065750004,63.531420857,81.085035603,1,9,2,NONE,,,-95.175732000,-44.165139000,2.853756876648,ZONE_05_LONG_CORRIDOR
COMMON_2,,793,37.2885791828,127.1065763895,63.366720754,81.133796280,1,9,2,NONE,,,-95.052707000,-44.285008000,2.904849213412,ZONE_05_LONG_CORRIDOR
COMMON_2,,794,37.2885782322,127.1065777482,63.210945798,81.171379770,1,9,2,NONE,,,-94.932373000,-44.390829000,2.960283727319,ZONE_05_LONG_CORRIDOR
COMMON_2,,795,37.2885773989,127.1065790815,63.063244590,81.198456669,1,9,2,NONE,,,-94.814289000,-44.483592000,2.960226124922,ZONE_05_LONG_CORRIDOR
COMMON_2,,796,37.2885765655,127.1065804148,62.915538258,81.225543301,1,9,2,NONE,,,-94.696205000,-44.576366000,2.994785953075,ZONE_05_LONG_CORRIDOR
COMMON_2,,797,37.2885755020,127.1065822429,62.717123623,81.254882981,1,9,2,NONE,,,-94.534300000,-44.694755000,3.033151449576,ZONE_05_LONG_CORRIDOR
COMMON_2,,798,37.2885745259,127.1065840634,62.523836127,81.275925858,1,9,2,NONE,,,-94.373067000,-44.803414000,3.091762660082,ZONE_05_LONG_CORRIDOR
COMMON_2,,799,37.2885736128,127.1065860026,62.324513671,81.285866324,1,9,2,NONE,,,-94.201322000,-44.905060000,3.136912680028,ZONE_05_LONG_CORRIDOR
COMMON_2,,800,37.2885727322,127.1065880815,62.115927550,81.286842509,1,9,3,NONE,,,-94.017204000,-45.003089000,3.065077893164,ZONE_05_LONG_CORRIDOR
COMMON_2,,801,37.2885717322,127.1065900815,61.907332738,81.302834311,1,9,3,NONE,,,-93.840073000,-45.114409000,-3.139450290465,ZONE_05_LONG_CORRIDOR
COMMON_2,,802,37.2885708989,127.1065920815,61.707383175,81.302405946,1,9,3,NONE,,,-93.662943000,-45.207172000,3.065075349716,ZONE_05_LONG_CORRIDOR
COMMON_2,,803,37.2885698989,127.1065940815,61.498789247,81.318398214,1,9,3,NONE,,,-93.485813000,-45.318492000,3.064436941337,ZONE_05_LONG_CORRIDOR
COMMON_2,,804,37.2885687324,127.1065964112,61.255722840,81.337189479,1,9,3,NONE,,,-93.279483000,-45.448347000,-3.120672844648,ZONE_05_LONG_CORRIDOR
COMMON_2,,805,37.2885679767,127.1065983109,61.067657912,81.333254622,1,9,3,NONE,,,-93.111236000,-45.532471000,-3.107008024447,ZONE_05_LONG_CORRIDOR
COMMON_2,,806,37.2885672322,127.1066002482,60.877226770,81.326666005,1,9,3,NONE,,,-92.939659000,-45.615349000,-3.107326957740,ZONE_05_LONG_CORRIDOR
COMMON_2,,807,37.2885663989,127.1066024148,60.664220870,81.319364351,1,9,3,NONE,,,-92.747774000,-45.708112000,3.065077893164,ZONE_05_LONG_CORRIDOR
COMMON_2,,808,37.2885653989,127.1066044148,60.455626058,81.335356154,1,9,3,NONE,,,-92.570643000,-45.819432000,3.058249705919,ZONE_05_LONG_CORRIDOR
COMMON_2,,809,37.2885644114,127.1066063603,60.251945475,81.352370907,1,9,3,NONE,,,-92.398337000,-45.929368000,3.116882882658,ZONE_05_LONG_CORRIDOR
COMMON_2,,810,37.2885634217,127.1066085879,60.026055333,81.357953737,1,9,3,NONE,,,-92.201053000,-46.039534000,3.102250421410,ZONE_05_LONG_CORRIDOR
COMMON_2,,811,37.2885625948,127.1066103868,59.842197537,81.365190848,1,9,3,NONE,,,-92.041733000,-46.131584000,-3.093636961346,ZONE_05_LONG_CORRIDOR
COMMON_2,,812,37.2885619269,127.1066121858,59.666576462,81.356762355,1,9,3,NONE,,,-91.882404000,-46.205935000,-3.030389270995,ZONE_05_LONG_CORRIDOR
COMMON_2,,813,37.2885612322,127.1066144148,59.455867996,81.333233795,1,9,3,NONE,,,-91.684993000,-46.283269000,-3.139447970240,ZONE_05_LONG_CORRIDOR
COMMON_2,,814,37.2885603989,127.1066164148,59.255917549,81.332804964,1,9,3,NONE,,,-91.507862000,-46.376032000,3.107070721461,ZONE_05_LONG_CORRIDOR
COMMON_2,,815,37.2885595655,127.1066182482,59.069019199,81.339259620,1,9,3,NONE,,,-91.345487000,-46.468806000,-3.098144835948,ZONE_05_LONG_CORRIDOR
COMMON_2,,816,37.2885589624,127.1066198538,58.911914239,81.332429454,1,9,3,NONE,,,-91.203287000,-46.535946000,-3.058253032522,ZONE_05_LONG_CORRIDOR
COMMON_2,,817,37.2885583931,127.1066215405,58.750209296,81.318921739,1,9,3,NONE,,,-91.053906000,-46.599320000,-2.993571846731,ZONE_05_LONG_CORRIDOR
COMMON_2,,818,37.2885577322,127.1066239148,58.529865441,81.286065954,1,9,3,NONE,,,-90.843624000,-46.672889000,-3.085741938796,ZONE_05_LONG_CORRIDOR
COMMON_2,,819,37.2885570655,127.1066257482,58.351611456,81.276099977,1,9,3,NONE,,,-90.681249000,-46.747106000,-3.122863149313,ZONE_05_LONG_CORRIDOR
COMMON_2,,820,37.2885563989,127.1066274148,58.186434860,81.273005939,1,9,3,NONE,,,-90.533647000,-46.821312000,-3.139496703944,ZONE_05_LONG_CORRIDOR
COMMON_2,,821,37.2885555655,127.1066294148,57.986479289,81.272586842,1,9,3,NONE,,,-90.356516000,-46.914086000,-3.040527107422,ZONE_05_LONG_CORRIDOR
COMMON_2,,822,37.2885548980,127.1066314942,57.788905065,81.252550630,1,9,3,NONE,,,-90.172354000,-46.988392000,-2.951709503915,ZONE_05_LONG_CORRIDOR
COMMON_2,,823,37.2885543574,127.1066337329,57.585426415,81.213442305,1,9,3,NONE,,,-89.974083000,-47.048572000,-2.991772555635,ZONE_05_LONG_CORRIDOR
COMMON_2,,824,37.2885538485,127.1066355718,57.414924692,81.187704863,1,9,3,NONE,,,-89.811221000,-47.105222000,-2.930053980939,ZONE_05_LONG_CORRIDOR
COMMON_2,,825,37.2885534032,127.1066375706,57.235188957,81.149106336,1,9,3,NONE,,,-89.634197000,-47.154793000,-3.020179148103,ZONE_05_LONG_CORRIDOR
COMMON_2,,826,37.2885527989,127.1066395694,57.047208072,81.126170104,1,9,3,NONE,,,-89.457173000,-47.222064000,-3.090923249462,ZONE_05_LONG_CORRIDOR
COMMON_2,,827,37.2885521947,127.1066412084,56.887430217,81.118067320,1,9,3,NONE,,,-89.312015000,-47.289323000,-3.055927905523,ZONE_05_LONG_CORRIDOR
COMMON_2,,828,37.2885513989,127.1066435815,56.660185196,81.098552673,1,9,3,NONE,,,-89.101841000,-47.377912000,-3.026063942843,ZONE_05_LONG_CORRIDOR
COMMON_2,,829,37.2885507322,127.1066457482,56.455810573,81.074835927,1,9,3,NONE,,,-88.909947000,-47.452129000,-3.078954654739,ZONE_05_LONG_CORRIDOR
COMMON_2,,830,37.2885498989,127.1066480815,56.229740373,81.060656794,1,9,3,NONE,,,-88.703298000,-47.544892000,-3.125076298744,ZONE_05_LONG_CORRIDOR
COMMON_2,,831,37.2885490778,127.1066501231,56.027163523,81.057310658,1,9,3,NONE,,,-88.522484000,-47.636297000,3.119325018254,ZONE_05_LONG_CORRIDOR
COMMON_2,,832,37.2885480655,127.1066524148,55.795071120,81.062479662,1,9,3,NONE,,,-88.319519000,-47.748986000,3.031205321895,ZONE_05_LONG_CORRIDOR
COMMON_2,,833,37.2885468989,127.1066545815,55.564773651,81.088005349,1,9,3,NONE,,,-88.127625000,-47.878852000,3.100494899553,ZONE_05_LONG_CORRIDOR
COMMON_2,,834,37.2885458989,127.1066567482,55.343115422,81.097120137,1,9,3,NONE,,,-87.935731000,-47.990172000,3.132041027993,ZONE_05_LONG_CORRIDOR
COMMON_2,,835,37.2885448989,127.1066590815,55.108401742,81.099362102,1,9,3,NONE,,,-87.729083000,-48.101492000,-3.033071735245,ZONE_05_LONG_CORRIDOR
COMMON_2,,836,37.2885441201,127.1066615609,54.873707755,81.073792440,1,9,3,NONE,,,-87.509497000,-48.188193000,-3.049885546914,ZONE_05_LONG_CORRIDOR
COMMON_2,,837,37.2885433989,127.1066637482,54.664892618,81.054588742,1,9,3,NONE,,,-87.315776000,-48.268472000,-3.053807998627,ZONE_05_LONG_CORRIDOR
COMMON_2,,838,37.2885425655,127.1066662482,54.425752992,81.033541861,1,9,3,NONE,,,-87.094363000,-48.361246000,-2.999192274721,ZONE_05_LONG_CORRIDOR
COMMON_2,,839,37.2885418900,127.1066686320,54.203908359,81.001735824,1,9,3,NONE,,,-86.883242000,-48.436443000,-3.057266221972,ZONE_05_LONG_CORRIDOR
COMMON_2,,840,37.2885410655,127.1066710815,53.969188416,80.981895679,1,9,3,NONE,,,-86.666302000,-48.528226000,-2.961452595987,ZONE_05_LONG_CORRIDOR
COMMON_2,,841,37.2885403989,127.1066737482,53.725633979,80.937540951,1,9,3,NONE,,,-86.430125000,-48.602432000,-2.903305020377,ZONE_05_LONG_CORRIDOR
COMMON_2,,842,37.2885398989,127.1066762482,53.503783084,80.883652803,1,9,3,NONE,,,-86.208712000,-48.658092000,-2.961507095962,ZONE_05_LONG_CORRIDOR
COMMON_2,,843,37.2885392322,127.1066789148,53.260232372,80.839312467,1,9,3,NONE,,,-85.972545000,-48.732309000,-3.001807665979,ZONE_05_LONG_CORRIDOR
COMMON_2,,844,37.2885385655,127.1066812482,53.042793448,80.808718241,1,9,3,NONE,,,-85.765887000,-48.806526000,-2.939344454721,ZONE_05_LONG_CORRIDOR
COMMON_2,,845,37.2885380655,127.1066834148,52.847071155,80.768585054,1,9,3,NONE,,,-85.574002000,-48.862186000,-2.961452595987,ZONE_05_LONG_CORRIDOR
COMMON_2,,846,37.2885373989,127.1066860815,52.603516718,80.724230326,1,9,3,NONE,,,-85.337825000,-48.936392000,-2.903306088266,ZONE_05_LONG_CORRIDOR
COMMON_2,,847,37.2885368989,127.1066885815,52.381666707,80.670342644,1,9,3,NONE,,,-85.116413000,-48.992052000,-2.946444393950,ZONE_05_LONG_CORRIDOR
COMMON_2,,848,37.2885363878,127.1066907388,52.186097369,80.631685655,1,9,3,NONE,,,-84.925351000,-49.048947000,-3.025611619451,ZONE_05_LONG_CORRIDOR
COMMON_2,,849,37.2885355655,127.1066934148,51.933740487,80.602285097,1,9,3,NONE,,,-84.688351000,-49.140486000,3.132061232138,ZONE_05_LONG_CORRIDOR
COMMON_2,,850,37.2885345655,127.1066957482,51.699017958,80.604522404,1,9,3,NONE,,,-84.481693000,-49.251806000,3.132043048475,ZONE_05_LONG_CORRIDOR
COMMON_2,,851,37.2885335655,127.1066980815,51.464303393,80.606763903,1,9,3,NONE,,,-84.275044000,-49.363126000,-3.053767346367,ZONE_05_LONG_CORRIDOR
COMMON_2,,852,37.2885327322,127.1067005815,51.225169776,80.585707755,1,9,3,NONE,,,-84.053632000,-49.455889000,-2.980449881925,ZONE_05_LONG_CORRIDOR
COMMON_2,,853,37.2885320655,127.1067030815,50.994674516,80.548240241,1,9,3,NONE,,,-83.832219000,-49.530106000,-3.078954654739,ZONE_05_LONG_CORRIDOR
COMMON_2,,854,37.2885312322,127.1067054148,50.768604315,80.534061107,1,9,3,NONE,,,-83.625570000,-49.622869000,-3.053765736694,ZONE_05_LONG_CORRIDOR
COMMON_2,,855,37.2885303989,127.1067079148,50.529469814,80.513004492,1,9,3,NONE,,,-83.404157000,-49.715632000,-3.052665789068,ZONE_05_LONG_CORRIDOR
COMMON_2,,856,37.2885296770,127.1067100873,50.321778739,80.494486337,1,9,3,NONE,,,-83.211750000,-49.795994000,-3.101386713932,ZONE_05_LONG_CORRIDOR
COMMON_2,,857,37.2885287322,127.1067125815,50.077317210,80.484652232,1,9,3,NONE,,,-82.990851000,-49.901169000,-3.041617797294,ZONE_05_LONG_CORRIDOR
COMMON_2,,858,37.2885280550,127.1067146845,49.877389617,80.464597640,1,9,3,NONE,,,-82.804598000,-49.976555000,-2.982987466673,ZONE_05_LONG_CORRIDOR
COMMON_2,,859,37.2885272917,127.1067175228,49.615373558,80.422688527,1,9,3,NONE,,,-82.553224000,-50.061525000,-3.021566426491,ZONE_05_LONG_CORRIDOR
COMMON_2,,860,37.2885265655,127.1067199148,49.390256489,80.395538070,1,9,3,NONE,,,-82.341376000,-50.142366000,-3.122886494056,ZONE_05_LONG_CORRIDOR
COMMON_2,,861,37.2885255655,127.1067224148,49.142478507,80.390902555,1,9,3,NONE,,,-82.119964000,-50.253686000,-3.001760517916,ZONE_05_LONG_CORRIDOR
COMMON_2,,862,37.2885248989,127.1067247482,48.925044708,80.360298595,1,9,3,NONE,,,-81.913306000,-50.327892000,-3.031333417083,ZONE_05_LONG_CORRIDOR
COMMON_2,,863,37.2885240655,127.1067274148,48.672848746,80.332378426,1,9,3,NONE,,,-81.677138000,-50.420666000,-2.942921725470,ZONE_05_LONG_CORRIDOR
COMMON_2,,864,37.2885234433,127.1067300753,48.432083576,80.283905964,1,9,3,NONE,,,-81.441511000,-50.489929000,-3.021959996655,ZONE_05_LONG_CORRIDOR
COMMON_2,,865,37.2885227322,127.1067324148,48.211864234,80.257434130,1,9,3,NONE,,,-81.234313000,-50.569089000,-3.122884681489,ZONE_05_LONG_CORRIDOR
COMMON_2,,866,37.2885217322,127.1067349148,47.964085367,80.252798149,1,9,3,NONE,,,-81.012900000,-50.680409000,-3.053765736694,ZONE_05_LONG_CORRIDOR
COMMON_2,,867,37.2885208989,127.1067374148,47.724950866,80.231741535,1,9,3,NONE,,,-80.791487000,-50.773172000,-3.078982684857,ZONE_05_LONG_CORRIDOR
COMMON_2,,868,37.2885200655,127.1067397482,47.498867578,80.217567942,1,9,3,NONE,,,-80.584829000,-50.865946000,-3.078956462682,ZONE_05_LONG_CORRIDOR
COMMON_2,,869,37.2885192322,127.1067420815,47.272798262,80.203389274,1,9,3,NONE,,,-80.378181000,-50.958709000,3.132043048475,ZONE_05_LONG_CORRIDOR
COMMON_2,,870,37.2885182322,127.1067444148,47.038083696,80.205630773,1,9,3,NONE,,,-80.171532000,-51.070029000,-3.037939984748,ZONE_05_LONG_CORRIDOR
COMMON_2,,871,37.2885174169,127.1067469737,46.795265853,80.180371530,1,9,3,NONE,,,-79.944902000,-51.160789000,-3.139817316689,ZONE_05_LONG_CORRIDOR
COMMON_2,,872,37.2885163989,127.1067494148,46.551170329,80.179938178,1,9,3,NONE,,,-79.728706000,-51.274112000,-3.053809608434,ZONE_05_LONG_CORRIDOR
COMMON_2,,873,37.2885155655,127.1067519148,46.312031588,80.158891763,1,9,3,NONE,,,-79.507294000,-51.366886000,-3.031280098811,ZONE_05_LONG_CORRIDOR
COMMON_2,,874,37.2885147322,127.1067545815,46.059832786,80.130957668,1,9,3,NONE,,,-79.271117000,-51.459649000,-3.022402446195,ZONE_05_LONG_CORRIDOR
COMMON_2,,875,37.2885135655,127.1067584148,45.698919924,80.087735520,1,9,3,NONE,,,-78.931620000,-51.589526000,-3.099877456174,ZONE_05_LONG_CORRIDOR
COMMON_2,,876,37.2885125593,127.1067610816,45.437743226,80.076834158,1,9,3,NONE,,,-78.695433000,-51.701543000,-3.128186155726,ZONE_05_LONG_CORRIDOR
COMMON_2,,877,37.2885115657,127.1067635332,45.194093914,80.073567478,1,9,3,NONE,,,-78.478312000,-51.812151000,-3.018719198510,ZONE_05_LONG_CORRIDOR
COMMON_2,,878,37.2885108989,127.1067657482,44.985929277,80.047860064,1,9,3,NONE,,,-78.282137000,-51.886372000,-3.001821519949,ZONE_05_LONG_CORRIDOR
COMMON_2,,879,37.2885102322,127.1067680815,44.768498317,80.017270030,1,9,3,NONE,,,-78.075488000,-51.960589000,-3.031281539581,ZONE_05_LONG_CORRIDOR
COMMON_2,,880,37.2885093989,127.1067707482,44.516300400,79.989336401,1,9,3,NONE,,,-77.839312000,-52.053352000,-3.020477293826,ZONE_05_LONG_CORRIDOR
COMMON_2,,881,37.2885086541,127.1067732095,44.284788586,79.961158851,1,9,3,NONE,,,-77.621327000,-52.136263000,-3.085217799065,ZONE_05_LONG_CORRIDOR
COMMON_2,,882,37.2885077322,127.1067757482,44.038026273,79.947232906,1,9,3,NONE,,,-77.396486000,-52.238889000,-3.122886494056,ZONE_05_LONG_CORRIDOR
COMMON_2,,883,37.2885067322,127.1067782482,43.790248292,79.942597391,1,9,3,NONE,,,-77.175074000,-52.350209000,-3.031293066124,ZONE_05_LONG_CORRIDOR
COMMON_2,,884,37.2885058989,127.1067809148,43.538057453,79.914667488,1,9,3,NONE,,,-76.938906000,-52.442972000,-3.053807998627,ZONE_05_LONG_CORRIDOR
COMMON_2,,885,37.2885050655,127.1067834148,43.298917828,79.893620608,1,9,3,NONE,,,-76.717493000,-52.535746000,-2.968623013677,ZONE_05_LONG_CORRIDOR
COMMON_2,,886,37.2885043923,127.1067860419,43.058125150,79.851550386,1,9,3,NONE,,,-76.484824000,-52.610687000,-3.040300369738,ZONE_05_LONG_CORRIDOR
COMMON_2,,887,37.2885035972,127.1067885204,42.822656617,79.827617333,1,9,3,NONE,,,-76.265315000,-52.699197000,-3.045981103187,ZONE_05_LONG_CORRIDOR
COMMON_2,,888,37.2885028021,127.1067909589,42.590322732,79.805335592,1,9,3,NONE,,,-76.049349000,-52.787708000,-3.096011403153,ZONE_05_LONG_CORRIDOR
COMMON_2,,889,37.2885018503,127.1067935067,42.341296981,79.793976819,1,9,3,NONE,,,-75.823701000,-52.893660000,-3.071609747281,ZONE_05_LONG_CORRIDOR
COMMON_2,,890,37.2885010655,127.1067957482,42.124937545,79.778810589,1,9,3,NONE,,,-75.625185000,-52.981026000,-3.053765736694,ZONE_05_LONG_CORRIDOR
COMMON_2,,891,37.2885002322,127.1067982482,41.885803043,79.757753975,1,9,3,NONE,,,-75.403772000,-53.073789000,-2.980449881926,ZONE_05_LONG_CORRIDOR
COMMON_2,,892,37.2884995655,127.1068007482,41.655307783,79.720286461,1,9,3,NONE,,,-75.182359000,-53.148006000,-3.053767346367,ZONE_05_LONG_CORRIDOR
COMMON_2,,893,37.2884987322,127.1068032482,41.416174167,79.699230312,1,9,3,NONE,,,-74.960947000,-53.240769000,-3.122884681489,ZONE_05_LONG_CORRIDOR
COMMON_2,,894,37.2884977322,127.1068057482,41.168395300,79.694594331,1,9,3,NONE,,,-74.739534000,-53.352089000,-3.092227204807,ZONE_05_LONG_CORRIDOR
COMMON_2,,895,37.2884969182,127.1068079488,40.953726104,79.683988473,1,9,3,NONE,,,-74.544638000,-53.442703000,-3.136181523382,ZONE_05_LONG_CORRIDOR
COMMON_2,,896,37.2884958989,127.1068104148,40.707610534,79.682656697,1,9,3,NONE,,,-74.326236000,-53.556172000,-3.031321889540,ZONE_05_LONG_CORRIDOR
COMMON_2,,897,37.2884950655,127.1068130815,40.455407493,79.654732802,1,9,3,NONE,,,-74.090060000,-53.648946000,-3.077298353671,ZONE_05_LONG_CORRIDOR
COMMON_2,,898,37.2884942467,127.1068153844,40.232471223,79.640379487,1,9,3,NONE,,,-73.886103000,-53.740095000,-3.098663496983,ZONE_05_LONG_CORRIDOR
COMMON_2,,899,37.2884932322,127.1068180815,39.968494125,79.629040206,1,9,3,NONE,,,-73.647234000,-53.853029000,3.132043048475,ZONE_05_LONG_CORRIDOR
COMMON_2,,900,37.2884922322,127.1068204148,39.733779559,79.631281706,1,9,3,NONE,,,-73.440585000,-53.964349000,-3.053767346367,ZONE_05_LONG_CORRIDOR
COMMON_2,,901,37.2884913989,127.1068229148,39.494645943,79.610225557,1,9,3,NONE,,,-73.219173000,-54.057112000,-3.031320448644,ZONE_05_LONG_CORRIDOR
COMMON_2,,902,37.2884905655,127.1068255815,39.242442017,79.582301196,1,9,3,NONE,,,-72.982996000,-54.149886000,-2.968000386741,ZONE_05_LONG_CORRIDOR
COMMON_2,,903,37.2884899530,127.1068279768,39.022963011,79.543813964,1,9,3,NONE,,,-72.770856000,-54.218069000,-2.956143885102,ZONE_05_LONG_CORRIDOR
COMMON_2,,904,37.2884892322,127.1068309148,38.755336867,79.493606131,1,9,3,NONE,,,-72.510652000,-54.298309000,-3.011105507068,ZONE_05_LONG_CORRIDOR
COMMON_2,,905,37.2884883989,127.1068337482,38.490074649,79.458795022,1,9,3,NONE,,,-72.259712000,-54.391072000,-3.035619463738,ZONE_05_LONG_CORRIDOR
COMMON_2,,906,37.2884875350,127.1068364781,38.231335145,79.431272465,1,9,3,NONE,,,-72.017939000,-54.487246000,-3.026768798534,ZONE_05_LONG_CORRIDOR
COMMON_2,,907,37.2884867322,127.1068390815,37.985679884,79.402940758,1,9,3,NONE,,,-71.787367000,-54.576609000,-3.014439105738,ZONE_05_LONG_CORRIDOR
COMMON_2,,908,37.2884859457,127.1068417286,37.737445073,79.371205605,1,9,3,NONE,,,-71.552927000,-54.664162000,-2.907508702286,ZONE_05_LONG_CORRIDOR
COMMON_2,,909,37.2884853989,127.1068444148,37.498574734,79.314245693,1,9,3,NONE,,,-71.315023000,-54.725032000,-3.011144071757,ZONE_05_LONG_CORRIDOR
COMMON_2,,910,37.2884845655,127.1068472482,37.233307392,79.279444317,1,9,3,NONE,,,-71.064083000,-54.817806000,-3.031293066124,ZONE_05_LONG_CORRIDOR
COMMON_2,,911,37.2884837322,127.1068499148,36.981116554,79.251514415,1,9,3,NONE,,,-70.827915000,-54.910569000,-3.011105507069,ZONE_05_LONG_CORRIDOR
COMMON_2,,912,37.2884828989,127.1068527482,36.715854336,79.216703305,1,9,3,NONE,,,-70.576975000,-55.003332000,-3.031333417083,ZONE_05_LONG_CORRIDOR
COMMON_2,,913,37.2884820655,127.1068554148,36.463658373,79.188783136,1,9,3,NONE,,,-70.340807000,-55.096106000,-2.976308536817,ZONE_05_LONG_CORRIDOR
COMMON_2,,914,37.2884813525,127.1068581257,36.214237607,79.147178288,1,9,3,NONE,,,-70.100720000,-55.175478000,-2.997841395774,ZONE_05_LONG_CORRIDOR
COMMON_2,,915,37.2884805655,127.1068609148,35.954844558,79.109631224,1,9,3,NONE,,,-69.853699000,-55.263086000,-3.074551854753,ZONE_05_LONG_CORRIDOR
COMMON_2,,916,37.2884795655,127.1068637482,35.680937974,79.091240748,1,9,3,NONE,,,-69.602759000,-55.374406000,3.123405065397,ZONE_05_LONG_CORRIDOR
COMMON_2,,917,37.2884783989,127.1068664148,35.411463530,79.096142379,1,9,3,NONE,,,-69.366591000,-55.504272000,-3.048934688218,ZONE_05_LONG_CORRIDOR
COMMON_2,,918,37.2884776018,127.1068688391,35.180137541,79.074646631,1,9,3,NONE,,,-69.151883000,-55.593009000,-3.022771891668,ZONE_05_LONG_CORRIDOR
COMMON_2,,919,37.2884764962,127.1068724675,34.838449816,79.033854883,1,9,3,NONE,,,-68.830530000,-55.716081000,-3.115174739136,ZONE_05_LONG_CORRIDOR
COMMON_2,,920,37.2884757322,127.1068744148,34.646227368,79.028775585,1,9,3,NONE,,,-68.658071000,-55.801129000,-3.124420751287,ZONE_05_LONG_CORRIDOR
COMMON_2,,921,37.2884745922,127.1068772540,34.364604636,79.023939112,1,9,3,NONE,,,-68.406617000,-55.928037000,-3.134493361037,ZONE_05_LONG_CORRIDOR
COMMON_2,,922,37.2884735655,127.1068797481,34.115904632,79.022173488,1,9,3,NONE,,,-68.185726000,-56.042326000,-3.093277134664,ZONE_05_LONG_CORRIDOR
COMMON_2,,923,37.2884725877,127.1068823843,33.858603458,79.009732166,1,9,3,NONE,,,-67.952251000,-56.151175000,-3.126840998767,ZONE_05_LONG_CORRIDOR
COMMON_2,,924,37.2884715655,127.1068849148,33.607283483,79.006024511,1,9,3,NONE,,,-67.728137000,-56.264966000,-3.097498213100,ZONE_05_LONG_CORRIDOR
COMMON_2,,925,37.2884705655,127.1068875814,33.346449164,78.994515708,1,9,3,NONE,,,-67.491970000,-56.376286000,-3.097467187223,ZONE_05_LONG_CORRIDOR
COMMON_2,,926,37.2884695655,127.1068902482,33.085598033,78.982998054,1,9,3,NONE,,,-67.255784000,-56.487606000,-3.074578444451,ZONE_05_LONG_CORRIDOR
COMMON_2,,927,37.2884685655,127.1068930814,32.811707378,78.964615963,1,9,3,NONE,,,-67.004862000,-56.598926000,-3.074550377641,ZONE_05_LONG_CORRIDOR
COMMON_2,,928,37.2884675655,127.1068959148,32.537799909,78.946225021,1,9,3,NONE,,,-66.753921000,-56.710246000,-3.097498213100,ZONE_05_LONG_CORRIDOR
COMMON_2,,929,37.2884665655,127.1068985814,32.276965591,78.934716218,1,9,3,NONE,,,-66.517754000,-56.821566000,-3.053779287601,ZONE_05_LONG_CORRIDOR
COMMON_2,,930,37.2884655655,127.1069015814,31.990001786,78.909451988,1,9,3,NONE,,,-66.252058000,-56.932886000,-3.122886494056,ZONE_05_LONG_CORRIDOR
COMMON_2,,931,37.2884645655,127.1069040814,31.742223804,78.904816472,1,9,3,NONE,,,-66.030646000,-57.044206000,-3.053779287601,ZONE_05_LONG_CORRIDOR
COMMON_2,,932,37.2884635655,127.1069070814,31.455259999,78.879552242,1,9,3,NONE,,,-65.764950000,-57.155526000,-3.031281539581,ZONE_05_LONG_CORRIDOR
COMMON_2,,933,37.2884627322,127.1069097481,31.203062082,78.851618613,1,9,3,NONE,,,-65.528774000,-57.248289000,-3.031280098811,ZONE_05_LONG_CORRIDOR
COMMON_2,,934,37.2884618989,127.1069124148,30.950863279,78.823684518,1,9,3,NONE,,,-65.292597000,-57.341052000,-3.011155737262,ZONE_05_LONG_CORRIDOR
COMMON_2,,935,37.2884610655,127.1069152481,30.685603901,78.788887335,1,9,3,NONE,,,-65.041666000,-57.433826000,-3.031293066124,ZONE_05_LONG_CORRIDOR
COMMON_2,,936,37.2884602322,127.1069179147,30.433413063,78.760957432,1,9,3,NONE,,,-64.805498000,-57.526589000,-3.053767346367,ZONE_05_LONG_CORRIDOR
COMMON_2,,937,37.2884593989,127.1069204147,30.194279446,78.739901284,1,9,3,NONE,,,-64.584086000,-57.619352000,-3.122884681489,ZONE_05_LONG_CORRIDOR
COMMON_2,,938,37.2884583989,127.1069229147,29.946500580,78.735265303,1,9,3,NONE,,,-64.362673000,-57.730672000,-3.031320448644,ZONE_05_LONG_CORRIDOR
COMMON_2,,939,37.2884575655,127.1069255814,29.694296653,78.707340941,1,9,3,NONE,,,-64.126496000,-57.823446000,-3.031281539581,ZONE_05_LONG_CORRIDOR
COMMON_2,,940,37.2884567322,127.1069282481,29.442098736,78.679407312,1,9,3,NONE,,,-63.890320000,-57.916209000,-2.944590172725,ZONE_05_LONG_CORRIDOR
COMMON_2,,941,37.2884560655,127.1069310814,29.185482838,78.628189030,1,9,3,NONE,,,-63.639388000,-57.990426000,-3.031281539581,ZONE_05_LONG_CORRIDOR
COMMON_2,,942,37.2884552322,127.1069337481,28.933284920,78.600255401,1,9,3,NONE,,,-63.403212000,-58.083189000,-3.031293066124,ZONE_05_LONG_CORRIDOR
COMMON_2,,943,37.2884543989,127.1069364147,28.681094082,78.572325498,1,9,3,NONE,,,-63.167044000,-58.175952000,-3.074110074497,ZONE_05_LONG_CORRIDOR
COMMON_2,,944,37.2884535050,127.1069389505,28.436012052,78.555761580,1,9,3,NONE,,,-62.942461000,-58.275461000,-3.036132858908,ZONE_05_LONG_CORRIDOR
COMMON_2,,945,37.2884525655,127.1069419147,28.154991536,78.526014853,1,9,3,NONE,,,-62.679936000,-58.380046000,-2.992925446659,ZONE_05_LONG_CORRIDOR
COMMON_2,,946,37.2884517322,127.1069449147,27.876672981,78.484330455,1,9,3,NONE,,,-62.414241000,-58.472809000,-3.031281539581,ZONE_05_LONG_CORRIDOR
COMMON_2,,947,37.2884508989,127.1069475814,27.624475064,78.456396826,1,9,3,NONE,,,-62.178065000,-58.565572000,-3.053779287601,ZONE_05_LONG_CORRIDOR
COMMON_2,,948,37.2884498989,127.1069505814,27.337511259,78.431132596,1,9,3,NONE,,,-61.912369000,-58.676892000,-3.122886494056,ZONE_05_LONG_CORRIDOR
COMMON_2,,949,37.2884488989,127.1069530814,27.089733277,78.426497081,1,9,3,NONE,,,-61.690957000,-58.788212000,-3.031320448644,ZONE_05_LONG_CORRIDOR
COMMON_2,,950,37.2884480655,127.1069557481,26.837529351,78.398572720,1,9,3,NONE,,,-61.454780000,-58.880986000,-3.031293066124,ZONE_05_LONG_CORRIDOR
COMMON_2,,951,37.2884472322,127.1069584147,26.585338512,78.370642817,1,9,3,NONE,,,-61.218612000,-58.973749000,-3.074551854753,ZONE_05_LONG_CORRIDOR
COMMON_2,,952,37.2884462322,127.1069612481,26.311431929,78.352252341,1,9,3,NONE,,,-60.967672000,-59.085069000,-3.134635769969,ZONE_05_LONG_CORRIDOR
COMMON_2,,953,37.2884450655,127.1069640814,26.028888945,78.350286691,1,9,3,NONE,,,-60.716741000,-59.214946000,-3.074563672003,ZONE_05_LONG_CORRIDOR
COMMON_2,,954,37.2884440655,127.1069669147,25.754989440,78.331899941,1,9,3,NONE,,,-60.465809000,-59.326266000,3.123419367349,ZONE_05_LONG_CORRIDOR
COMMON_2,,955,37.2884428989,127.1069695814,25.485507917,78.336797845,1,9,3,NONE,,,-60.229633000,-59.456132000,-3.031320448644,ZONE_05_LONG_CORRIDOR
COMMON_2,,956,37.2884420655,127.1069722481,25.233303990,78.308873484,1,9,3,NONE,,,-59.993456000,-59.548906000,-3.011117171523,ZONE_05_LONG_CORRIDOR
COMMON_2,,957,37.2884412322,127.1069750814,24.968049736,78.274066567,1,9,3,NONE,,,-59.742525000,-59.641669000,-3.074563672003,ZONE_05_LONG_CORRIDOR
COMMON_2,,958,37.2884402322,127.1069779147,24.694150232,78.255679817,1,9,3,NONE,,,-59.491593000,-59.752989000,-3.125384123698,ZONE_05_LONG_CORRIDOR
COMMON_2,,959,37.2884395639,127.1069795751,24.529371391,78.253008760,1,9,3,NONE,,,-59.344540000,-59.827384000,-3.052186589840,ZONE_05_LONG_CORRIDOR
COMMON_2,,960,37.2884387322,127.1069820814,24.289826047,78.231534706,1,9,3,NONE,,,-59.122569000,-59.919969000,-3.011117171523,ZONE_05_LONG_CORRIDOR
COMMON_2,,961,37.2884378989,127.1069849147,24.024571792,78.196727789,1,9,3,NONE,,,-58.871638000,-60.012732000,-2.992961177450,ZONE_05_LONG_CORRIDOR
COMMON_2,,962,37.2884370655,127.1069879147,23.746247228,78.155052659,1,9,3,NONE,,,-58.605942000,-60.105506000,-3.011105507069,ZONE_05_LONG_CORRIDOR
COMMON_2,,963,37.2884362322,127.1069907481,23.480985010,78.120241550,1,9,3,NONE,,,-58.355002000,-60.198269000,-3.031293066124,ZONE_05_LONG_CORRIDOR
COMMON_2,,964,37.2884353989,127.1069934147,23.228794172,78.092311647,1,9,3,NONE,,,-58.118834000,-60.291032000,-3.122886494056,ZONE_05_LONG_CORRIDOR
COMMON_2,,965,37.2884343989,127.1069959147,22.981016190,78.087676132,1,9,3,NONE,,,-57.897422000,-60.402352000,-3.074550377641,ZONE_05_LONG_CORRIDOR
COMMON_2,,966,37.2884333989,127.1069987481,22.707108722,78.069285190,1,9,3,NONE,,,-57.646481000,-60.513672000,-3.011155737262,ZONE_05_LONG_CORRIDOR
COMMON_2,,967,37.2884325655,127.1070015814,22.441849343,78.034488007,1,9,3,NONE,,,-57.395550000,-60.606446000,-3.014008093422,ZONE_05_LONG_CORRIDOR
COMMON_2,,968,37.2884317541,127.1070043159,22.185473437,78.001599756,1,9,3,NONE,,,-57.153369000,-60.696771000,-3.027742524536,ZONE_05_LONG_CORRIDOR
COMMON_2,,969,37.2884308989,127.1070070814,21.924396287,77.971746994,1,9,3,NONE,,,-56.908442000,-60.791972000,-3.097483516123,ZONE_05_LONG_CORRIDOR
COMMON_2,,970,37.2884298989,127.1070097481,21.663554004,77.960233999,1,9,3,NONE,,,-56.672266000,-60.903292000,-3.134634143144,ZONE_05_LONG_CORRIDOR
COMMON_2,,971,37.2884287322,127.1070125814,21.381010135,77.958267883,1,9,3,NONE,,,-56.421334000,-61.033169000,-3.053765736694,ZONE_05_LONG_CORRIDOR
COMMON_2,,972,37.2884278989,127.1070150814,21.141875634,77.937211268,1,9,3,NONE,,,-56.199921000,-61.125932000,-3.074565149203,ZONE_05_LONG_CORRIDOR
COMMON_2,,973,37.2884268989,127.1070179147,20.867977014,77.918824984,1,9,3,NONE,,,-55.948990000,-61.237252000,-3.006786180892,ZONE_05_LONG_CORRIDOR
COMMON_2,,974,37.2884260702,127.1070207705,20.601194027,77.882641460,1,9,3,NONE,,,-55.696065000,-61.329509000,-3.058982670035,ZONE_05_LONG_CORRIDOR
COMMON_2,,975,37.2884252322,127.1070232481,20.363575171,77.862966994,1,9,3,NONE,,,-55.476637000,-61.422789000,-3.031293066124,ZONE_05_LONG_CORRIDOR
COMMON_2,,976,37.2884243989,127.1070259147,20.111384332,77.835037092,1,9,3,NONE,,,-55.240469000,-61.515552000,-3.031321889540,ZONE_05_LONG_CORRIDOR
COMMON_2,,977,37.2884235655,127.1070285814,19.859181291,77.807113196,1,9,3,NONE,,,-55.004293000,-61.608326000,-3.074563672003,ZONE_05_LONG_CORRIDOR
COMMON_2,,978,37.2884225655,127.1070314147,19.585281787,77.788726447,1,9,3,NONE,,,-54.753361000,-61.719646000,-2.929373208892,ZONE_05_LONG_CORRIDOR
COMMON_2,,979,37.2884218989,127.1070344147,19.315607596,77.730621415,1,9,3,NONE,,,-54.487666000,-61.793852000,-3.023247332931,ZONE_05_LONG_CORRIDOR
COMMON_2,,980,37.2884209526,127.1070375161,19.023481815,77.695887387,1,9,3,NONE,,,-54.212991000,-61.899197000,-3.067030611178,ZONE_05_LONG_CORRIDOR
COMMON_2,,981,37.2884200655,127.1070400814,18.776440750,77.677433290,1,9,3,NONE,,,-53.985794000,-61.997946000,-3.032942737445,ZONE_05_LONG_CORRIDOR
COMMON_2,,982,37.2884188627,127.1070439119,18.413879600,77.637885310,1,9,3,NONE,,,-53.646550000,-62.131842000,-2.992960037259,ZONE_05_LONG_CORRIDOR
COMMON_2,,983,37.2884183989,127.1070455814,18.258987693,77.614692278,1,9,3,NONE,,,-53.498686000,-62.183472000,-2.944591256584,ZONE_05_LONG_CORRIDOR
COMMON_2,,984,37.2884177322,127.1070484147,18.002372680,77.563474461,1,9,3,NONE,,,-53.247755000,-62.257689000,-3.011105507068,ZONE_05_LONG_CORRIDOR
COMMON_2,,985,37.2884168989,127.1070512481,17.737110462,77.528663351,1,9,3,NONE,,,-52.996815000,-62.350452000,-3.011154441058,ZONE_05_LONG_CORRIDOR
COMMON_2,,986,37.2884160655,127.1070540814,17.471850198,77.493865702,1,9,3,NONE,,,-52.745883000,-62.443226000,-3.097483516123,ZONE_05_LONG_CORRIDOR
COMMON_2,,987,37.2884150655,127.1070567481,17.211007916,77.482352706,1,9,3,NONE,,,-52.509707000,-62.554546000,-3.011115875436,ZONE_05_LONG_CORRIDOR
COMMON_2,,988,37.2884142322,127.1070595814,16.945752777,77.447545323,1,9,3,NONE,,,-52.258775000,-62.647309000,-3.011117171523,ZONE_05_LONG_CORRIDOR
COMMON_2,,989,37.2884133989,127.1070624147,16.680498522,77.412738406,1,9,3,NONE,,,-52.007844000,-62.740072000,-3.031320448644,ZONE_05_LONG_CORRIDOR
COMMON_2,,990,37.2884125655,127.1070650814,16.428294596,77.384814045,1,9,3,NONE,,,-51.771667000,-62.832846000,-3.097483516123,ZONE_05_LONG_CORRIDOR
COMMON_2,,991,37.2884115655,127.1070677481,16.167452314,77.373301049,1,9,3,NONE,,,-51.535491000,-62.944166000,3.116757133304,ZONE_05_LONG_CORRIDOR
COMMON_2,,992,37.2884108989,127.1070692481,16.015331170,77.377079834,1,9,3,NONE,,,-51.402643000,-63.018372000,-3.122884681488,ZONE_05_LONG_CORRIDOR
COMMON_2,,993,37.2884098989,127.1070717481,15.767552304,77.372443853,1,9,3,NONE,,,-51.181230000,-63.129692000,-3.031334858074,ZONE_05_LONG_CORRIDOR
COMMON_2,,994,37.2884090655,127.1070744147,15.515357226,77.344524150,1,9,3,NONE,,,-50.945063000,-63.222466000,-3.011104211063,ZONE_05_LONG_CORRIDOR
COMMON_2,,995,37.2884082322,127.1070772481,15.250094123,77.309712574,1,9,3,NONE,,,-50.694122000,-63.315229000,-2.961507095962,ZONE_05_LONG_CORRIDOR
COMMON_2,,996,37.2884075655,127.1070799147,15.006543410,77.265372238,1,9,3,NONE,,,-50.457955000,-63.389446000,-3.031280098811,ZONE_05_LONG_CORRIDOR
COMMON_2,,997,37.2884067322,127.1070825814,14.754344608,77.237438143,1,9,3,NONE,,,-50.221778000,-63.482209000,-3.011117171523,ZONE_05_LONG_CORRIDOR
COMMON_2,,998,37.2884058989,127.1070854147,14.489090354,77.202631226,1,9,3,NONE,,,-49.970847000,-63.574972000,-3.074550377641,ZONE_05_LONG_CORRIDOR
COMMON_2,,999,37.2884048989,127.1070882481,14.215182886,77.184240284,1,9,3,NONE,,,-49.719906000,-63.686292000,-3.031334858074,ZONE_05_LONG_CORRIDOR
COMMON_2,,1000,37.2884040655,127.1070909147,13.962987808,77.156320581,1,9,3,NONE,,,-49.483739000,-63.779066000,-3.011104211063,ZONE_05_LONG_CORRIDOR
COMMON_2,,1001,37.2884032322,127.1070937481,13.697724705,77.121509005,1,9,3,NONE,,,-49.232798000,-63.871829000,-3.011117171523,ZONE_05_LONG_CORRIDOR
COMMON_2,,1002,37.2884023989,127.1070965814,13.432470451,77.086702088,1,9,3,NONE,,,-48.981867000,-63.964592000,-3.097481883182,ZONE_05_LONG_CORRIDOR
COMMON_2,,1003,37.2884013989,127.1070992481,13.171627283,77.075188627,1,9,3,NONE,,,-48.745690000,-64.075912000,-2.965414830328,ZONE_05_LONG_CORRIDOR
COMMON_2,,1004,37.2884006343,127.1071022651,12.895538244,77.026038286,1,9,3,NONE,,,-48.478490000,-64.161030000,-3.085385664870,ZONE_05_LONG_CORRIDOR
COMMON_2,,1005,37.2883997322,127.1071047481,12.654169103,77.012457348,1,9,3,NONE,,,-48.258582000,-64.261449000,-3.011117171523,ZONE_05_LONG_CORRIDOR
COMMON_2,,1006,37.2883988989,127.1071075814,12.388914848,76.977650431,1,9,3,NONE,,,-48.007651000,-64.354212000,-3.031321889540,ZONE_05_LONG_CORRIDOR
COMMON_2,,1007,37.2883980655,127.1071102481,12.136711807,76.949726536,1,9,3,NONE,,,-47.771475000,-64.446986000,-3.097496580057,ZONE_05_LONG_CORRIDOR
COMMON_2,,1008,37.2883970655,127.1071129147,11.875876603,76.938217267,1,9,3,NONE,,,-47.535307000,-64.558306000,-3.024861011244,ZONE_05_LONG_CORRIDOR
COMMON_2,,1009,37.2883962374,127.1071156156,11.621268998,76.908360768,1,9,3,NONE,,,-47.296103000,-64.650490000,-3.104544604268,ZONE_05_LONG_CORRIDOR
COMMON_2,,1010,37.2883955250,127.1071174811,11.438129181,76.901572689,1,9,3,NONE,,,-47.130885000,-64.729795000,3.124559000054,ZONE_05_LONG_CORRIDOR
COMMON_2,,1011,37.2883945158,127.1071197943,11.204507702,76.905552502,1,9,3,NONE,,,-46.926013000,-64.842144000,-3.061895086603,ZONE_05_LONG_CORRIDOR
COMMON_2,,1012,37.2883935655,127.1071225814,10.936810632,76.884172411,1,9,3,NONE,,,-46.679175000,-64.947926000,-3.064826383039,ZONE_05_LONG_CORRIDOR
COMMON_2,,1013,37.2883924973,127.1071256893,10.637852995,76.861177360,1,9,3,NONE,,,-46.403923000,-65.066841000,-3.141470465176,ZONE_05_LONG_CORRIDOR
COMMON_2,,1014,37.2883915655,127.1071279147,10.415133146,76.861150146,1,9,3,NONE,,,-46.206831000,-65.170566000,-3.097481883182,ZONE_05_LONG_CORRIDOR
COMMON_2,,1015,37.2883905655,127.1071305814,10.154289978,76.849636684,1,9,3,NONE,,,-45.970654000,-65.281886000,-3.067314845704,ZONE_05_LONG_CORRIDOR
COMMON_2,,1016,37.2883894696,127.1071337483,9.849272208,76.826938875,1,9,3,NONE,,,-45.690178000,-65.403887000,-2.991542551625,ZONE_05_LONG_CORRIDOR
COMMON_2,,1017,37.2883887322,127.1071364147,9.602071919,76.789565537,1,9,3,NONE,,,-45.454027000,-65.485969000,-2.944581502140,ZONE_05_LONG_CORRIDOR
COMMON_2,,1018,37.2883880655,127.1071392481,9.345448942,76.738343528,1,9,3,NONE,,,-45.203087000,-65.560186000,-3.053765736694,ZONE_05_LONG_CORRIDOR
COMMON_2,,1019,37.2883872322,127.1071417481,9.106314440,76.717286913,1,9,3,NONE,,,-44.981674000,-65.652949000,-3.031294506989,ZONE_05_LONG_CORRIDOR
COMMON_2,,1020,37.2883863989,127.1071444147,8.854124487,76.689357477,1,9,3,NONE,,,-44.745507000,-65.745712000,-3.097481883182,ZONE_05_LONG_CORRIDOR
COMMON_2,,1021,37.2883853989,127.1071470814,8.593281320,76.677844015,1,9,3,NONE,,,-44.509330000,-65.857032000,-2.961496196860,ZONE_05_LONG_CORRIDOR
COMMON_2,,1022,37.2883847322,127.1071497481,8.349722643,76.633499486,1,9,3,NONE,,,-44.273154000,-65.931249000,-3.031293066124,ZONE_05_LONG_CORRIDOR
COMMON_2,,1023,37.2883838989,127.1071524147,8.097531805,76.605569584,1,9,3,NONE,,,-44.036986000,-66.024012000,-3.097483516123,ZONE_05_LONG_CORRIDOR
COMMON_2,,1024,37.2883828989,127.1071550814,7.836689522,76.594056588,1,9,3,NONE,,,-43.800810000,-66.135332000,-3.121098680397,ZONE_05_LONG_CORRIDOR
COMMON_2,,1025,37.2883818239,127.1071577809,7.569386596,76.588577722,1,9,3,NONE,,,-43.561728000,-66.255001000,-3.126835787266,ZONE_05_LONG_CORRIDOR
COMMON_2,,1026,37.2883808613,127.1071601638,7.332722757,76.585085052,1,9,3,NONE,,,-43.350683000,-66.362155000,-3.109766313730,ZONE_05_LONG_CORRIDOR
COMMON_2,,1027,37.2883797322,127.1071630814,7.045524504,76.575941495,1,9,3,NONE,,,-43.092289000,-66.487849000,-3.031280098811,ZONE_05_LONG_CORRIDOR
COMMON_2,,1028,37.2883788989,127.1071657481,6.793325702,76.548007400,1,9,3,NONE,,,-42.856112000,-66.580612000,-3.071136823832,ZONE_05_LONG_CORRIDOR
COMMON_2,,1029,37.2883780144,127.1071682775,6.549233118,76.530781142,1,9,3,NONE,,,-42.632096000,-66.679074000,3.137504243794,ZONE_05_LONG_CORRIDOR
COMMON_2,,1030,37.2883768989,127.1071709147,6.284712517,76.531862616,1,9,3,NONE,,,-42.398532000,-66.803252000,-3.020940118808,ZONE_05_LONG_CORRIDOR
COMMON_2,,1031,37.2883762901,127.1071729239,6.095681418,76.508944219,1,9,3,NONE,,,-42.220587000,-66.871028000,-3.110596139323,ZONE_05_LONG_CORRIDOR
COMMON_2,,1032,37.2883750655,127.1071760814,5.784730609,76.499302740,1,9,3,NONE,,,-41.940943000,-67.007346000,-3.031280098811,ZONE_05_LONG_CORRIDOR
COMMON_2,,1033,37.2883742322,127.1071787481,5.532531807,76.471368645,1,9,3,NONE,,,-41.704766000,-67.100109000,-3.011117171523,ZONE_05_LONG_CORRIDOR
COMMON_2,,1034,37.2883733989,127.1071815814,5.267277553,76.436561728,1,9,3,NONE,,,-41.453835000,-67.192872000,-2.961494985895,ZONE_05_LONG_CORRIDOR
COMMON_2,,1035,37.2883727322,127.1071842481,5.023717991,76.392216733,1,9,3,NONE,,,-41.217658000,-67.267089000,-3.067328685494,ZONE_05_LONG_CORRIDOR
COMMON_2,,1036,37.2883717188,127.1071871764,4.741682555,76.371233072,1,9,3,NONE,,,-40.958317000,-67.379901000,3.116566693070,ZONE_05_LONG_CORRIDOR
COMMON_2,,1037,37.2883705908,127.1071897134,4.484361110,76.377674133,1,9,3,NONE,,,-40.733620000,-67.505468000,-3.039590528743,ZONE_05_LONG_CORRIDOR
COMMON_2,,1038,37.2883697322,127.1071924147,4.227804895,76.351413716,1,9,3,NONE,,,-40.494383000,-67.601049000,-3.072936417106,ZONE_05_LONG_CORRIDOR->ZONE_06_END
COMMON_2,,1039,37.2883688692,127.1071951607,3.962278139,76.333154951,1,9,3,NONE,,,-40.251182000,-67.697121000,3.139278856706,ZONE_05_LONG_CORRIDOR->ZONE_06_END
COMMON_2,,1040,37.2883679833,127.1071977599,3.701218238,76.333758991,1,9,3,NONE,,,-40.020985000,-67.795736000,3.052660789522,ZONE_05_LONG_CORRIDOR->ZONE_06_END
COMMON_2,,1041,37.2883667913,127.1072008319,3.377484331,76.362625392,1,9,3,NONE,,,-39.748917000,-67.928427000,3.081603792107,ZONE_05_LONG_CORRIDOR->ZONE_06_END
COMMON_2,,1042,37.2883660655,127.1072030814,3.143976697,76.376650076,1,9,3,NONE,,,-39.549685000,-68.009226000,3.063629720813,ZONE_05_LONG_CORRIDOR->ZONE_06_END
COMMON_2,,1043,37.2883652322,127.1072057481,2.864227740,76.398504422,1,9,3,NONE,,,-39.313509000,-68.101989000,3.063081765327,ZONE_05_LONG_CORRIDOR->ZONE_06_END
COMMON_2,,1044,37.2883643357,127.1072089190,2.531261771,76.424699720,1,9,3,NONE,,,-39.032681000,-68.201790000,2.994055968951,ZONE_05_LONG_CORRIDOR->ZONE_06_END
COMMON_2,,1045,37.2883635655,127.1072112481,2.276749685,76.462524433,1,9,3,NONE,,,-38.826401000,-68.287526000,2.910806789967,ZONE_05_LONG_CORRIDOR->ZONE_06_END
COMMON_2,,1046,37.2883623738,127.1072141912,1.938274279,76.542056833,1,9,3,NONE,,,-38.565749000,-68.420193000,2.999725935051,ZONE_05_LONG_CORRIDOR->ZONE_06_END
COMMON_2,,1047,37.2883615619,127.1072170824,1.623158015,76.587063687,1,9,3,NONE,,,-38.309690000,-68.510567000,2.879958882835,ZONE_05_LONG_CORRIDOR->ZONE_06_END
COMMON_2,,1048,37.2883606970,127.1072192131,1.373042542,76.654037531,1,9,3,NONE,,,-38.120980000,-68.606847000,2.926050746848,ZONE_05_LONG_CORRIDOR->ZONE_06_END
COMMON_2,,1049,37.2883598989,127.1072215814,1.103120972,76.713134977,1,9,3,NONE,,,-37.911231000,-68.695692000,2.903323088051,ZONE_05_LONG_CORRIDOR->ZONE_06_END
COMMON_2,,1050,37.2883588989,127.1072244147,0.775517634,76.792704394,1,9,3,NONE,,,-37.660300000,-68.807012000,2.855234549978,ZONE_05_LONG_CORRIDOR->ZONE_06_END
COMMON_2,,1051,37.2883578410,127.1072270315,0.463236381,76.884655880,1,9,3,NONE,,,-37.428545000,-68.924781000,2.895242647027,ZONE_05_LONG_CORRIDOR->ZONE_06_END
COMMON_2,,1052,37.2883568989,127.1072297481,0.147555078,76.964036328,1,9,3,NONE,,,-37.187947000,-69.029652000,2.846274991071,ZONE_05_LONG_CORRIDOR->ZONE_06_END
COMMON_2,,1053,37.2883559392,127.1072321142,-0.136422210,77.050425981,1,9,3,NONE,,,-36.978393000,-69.136486000,2.871491547837,ZONE_05_LONG_CORRIDOR->ZONE_06_END
COMMON_2,,1054,37.2883548989,127.1072349147,-0.466769523,77.141888246,1,9,3,NONE,,,-36.730367000,-69.252292000,2.974363222765,ZONE_05_LONG_CORRIDOR->ZONE_06_END
COMMON_2,,1055,37.2883542322,127.1072375814,-0.761658410,77.191667249,1,9,3,NONE,,,-36.494190000,-69.326509000,2.977695059479,ZONE_05_LONG_CORRIDOR->ZONE_06_END
COMMON_2,,1056,37.2883535655,127.1072402481,-1.055871328,77.240324505,1,9,3,NONE,,,-36.258014000,-69.400726000,2.877591868506,ZONE_05_LONG_CORRIDOR->ZONE_06_END
COMMON_2,,1057,37.2883525655,127.1072429147,-1.368777337,77.324906140,1,9,3,NONE,,,-36.021846000,-69.512046000,2.950079487786,ZONE_05_LONG_CORRIDOR->ZONE_06_END
COMMON_2,,1058,37.2883517305,127.1072457263,-1.683823261,77.385990214,1,9,3,NONE,,,-35.772836000,-69.604998000,2.949773370186,ZONE_05_LONG_CORRIDOR->ZONE_06_END
COMMON_2,,1059,37.2883508989,127.1072484147,-1.984937852,77.444468798,1,9,3,NONE,,,-35.534738000,-69.697572000,2.959624495142,ZONE_05_LONG_CORRIDOR->ZONE_06_END
COMMON_2,,1060,37.2883500655,127.1072510814,-2.281665259,77.499067706,1,9,2,NONE,,,-35.298561000,-69.790346000,2.991923139456,ZONE_05_LONG_CORRIDOR->ZONE_06_END
COMMON_2,,1061,37.2883492322,127.1072539147,-2.590772164,77.545680162,1,9,2,NONE,,,-35.047630000,-69.883109000,2.974669486202,ZONE_05_LONG_CORRIDOR->ZONE_06_END
COMMON_2,,1062,37.2883483989,127.1072564147,-2.866056678,77.592063122,1,9,2,NONE,,,-34.826217000,-69.975872000,2.932416525173,ZONE_05_LONG_CORRIDOR->ZONE_06_END
COMMON_2,,1063,37.2883474552,127.1072587529,-3.129909211,77.648074079,1,9,2,NONE,,,-34.619134000,-70.080925000,3.062447648750,ZONE_05_LONG_CORRIDOR->ZONE_06_END
COMMON_2,,1064,37.2883467232,127.1072613248,-3.398954089,77.669412210,1,9,2,NONE,,,-34.391354000,-70.162411000,3.101658521648,ZONE_05_LONG_CORRIDOR->ZONE_06_END
COMMON_2,,1065,37.2883460655,127.1072637481,-3.646946661,77.679320846,1,9,2,NONE,,,-34.176734000,-70.235626000,-3.093346380489,ZONE_05_LONG_CORRIDOR->ZONE_06_END
COMMON_2,,1066,37.2883455655,127.1072660814,-3.874872399,77.668315738,1,9,2,NONE,,,-33.970085000,-70.291286000,-3.081328262686,ZONE_05_LONG_CORRIDOR->ZONE_06_END
COMMON_2,,1067,37.2883450655,127.1072682481,-4.085065662,77.655633212,1,9,2,NONE,,,-33.778191000,-70.346946000,-3.107753165013,ZONE_05_LONG_CORRIDOR->ZONE_06_END
COMMON_2,,1068,37.2883443989,127.1072705814,-4.314263534,77.647874311,1,9,2,NONE,,,-33.571542000,-70.421152000,-3.119434948535,ZONE_05_LONG_CORRIDOR->ZONE_06_END
COMMON_2,,1069,37.2883435655,127.1072730814,-4.561040400,77.642405407,1,9,2,NONE,,,-33.350130000,-70.513926000,-2.965760294996,ZONE_05_LONG_CORRIDOR->ZONE_06_END
COMMON_2,,1070,37.2883430655,127.1072752481,-4.758959493,77.607241691,1,9,2,NONE,,,-33.158236000,-70.569586000,-2.927838479267,ZONE_06_END
COMMON_2,,1071,37.2883425655,127.1072775814,-4.968102504,77.561842949,1,9,2,NONE,,,-32.951587000,-70.625246000,-2.865513327365,ZONE_06_END
COMMON_2,,1072,37.2883422150,127.1072797461,-5.156340812,77.508512359,1,9,2,NONE,,,-32.759870000,-70.664264000,-2.937589133959,ZONE_06_END
COMMON_2,,1073,37.2883417322,127.1072819147,-5.351645151,77.468107510,1,9,2,NONE,,,-32.567808000,-70.718009000,-3.009521483678,ZONE_06_END
COMMON_2,,1074,37.2883410655,127.1072842481,-5.569313602,77.439191462,1,9,2,NONE,,,-32.361150000,-70.792226000,-2.969199113820,ZONE_06_END
COMMON_2,,1075,37.2883405655,127.1072862481,-5.752230682,77.407341591,1,9,2,NONE,,,-32.184020000,-70.847886000,-2.969197499235,ZONE_06_END
COMMON_2,,1076,37.2883400655,127.1072882481,-5.935148650,77.375491261,1,9,2,NONE,,,-32.006889000,-70.903546000,-2.944063976265,ZONE_06_END
COMMON_2,,1077,37.2883396199,127.1072902008,-6.111564413,77.340183684,1,9,2,NONE,,,-31.833948000,-70.953150000,-2.864272476170,ZONE_06_END
COMMON_2,,1078,37.2883393205,127.1072920617,-6.273286218,77.294148741,1,9,2,NONE,,,-31.669138000,-70.986479000,-2.927352391741,ZONE_06_END
COMMON_2,,1079,37.2883389046,127.1072940063,-6.447547553,77.256233068,1,9,2,NONE,,,-31.496914000,-71.032777000,-2.862155600410,ZONE_06_END
COMMON_2,,1080,37.2883386384,127.1072956791,-6.592773724,77.214561155,1,9,2,NONE,,,-31.348762000,-71.062411000,-2.808618576441,ZONE_06_END
COMMON_2,,1081,37.2883384721,127.1072971218,-6.714788573,77.172362164,1,9,2,NONE,,,-31.220990000,-71.080923000,-2.741526354245,ZONE_06_END
COMMON_2,,1082,37.2883383889,127.1072984810,-6.825988638,77.125338840,1,9,2,NONE,,,-31.100612000,-71.090185000,-2.746873092787,ZONE_06_END
COMMON_2,,1083,37.2883382725,127.1073002583,-6.971783256,77.064603326,1,9,2,NONE,,,-30.943205000,-71.103143000,-2.732622176756,ZONE_06_END
COMMON_2,,1084,37.2883381560,127.1073024119,-7.147191584,76.988579998,1,9,2,NONE,,,-30.752471000,-71.116111000,-2.802193546156,ZONE_06_END
COMMON_2,,1085,37.2883378989,127.1073047481,-7.344151455,76.919041161,1,9,2,NONE,,,-30.545566000,-71.144732000,-2.782895973867,ZONE_06_END
COMMON_2,,1086,37.2883377068,127.1073067820,-7.514004249,76.855360698,1,9,2,NONE,,,-30.365433000,-71.166116000,-2.693028224498,ZONE_06_END
COMMON_2,,1087,37.2883376569,127.1073089984,-7.690951614,76.770198454,1,9,2,NONE,,,-30.169137000,-71.171671000,-2.615388673773,ZONE_06_END
COMMON_2,,1088,37.2883377322,127.1073109147,-7.837888151,76.684853435,1,9,2,NONE,,,-29.999420000,-71.163289000,-2.664736675892,ZONE_06_END
COMMON_2,,1089,37.2883377322,127.1073129147,-7.995257950,76.603552862,1,9,2,NONE,,,-29.822290000,-71.163289000,-2.697128426217,ZONE_06_END
COMMON_2,,1090,37.2883376736,127.1073151877,-8.177102488,76.516950182,1,9,2,NONE,,,-29.620982000,-71.169812000,-2.646942033389,ZONE_06_END
COMMON_2,,1091,37.2883376979,127.1073169039,-8.310900613,76.444782580,1,9,2,NONE,,,-29.468986000,-71.167107000,-2.648235394390,ZONE_06_END
COMMON_2,,1092,37.2883377278,127.1073191809,-8.488539056,76.349264913,1,9,2,NONE,,,-29.267323000,-71.163779000,-2.629346086397,ZONE_06_END
COMMON_2,,1093,37.2883377877,127.1073213074,-8.652801542,76.256898161,1,9,2,NONE,,,-29.078990000,-71.157111000,-2.536667144794,ZONE_06_END
COMMON_2,,1094,37.2883380422,127.1073237915,-8.835259714,76.130748008,1,9,2,NONE,,,-28.858985000,-71.128780000,-2.417896858308,ZONE_06_END
COMMON_2,,1095,37.2883385213,127.1073261814,-8.998828642,75.986213928,1,9,2,NONE,,,-28.647324000,-71.075446000,-2.305946828348,ZONE_06_END
COMMON_2,,1096,37.2883391951,127.1073284397,-9.142096012,75.827773684,1,9,2,NONE,,,-28.447317000,-71.000439000,-2.273032624400,ZONE_06_END
COMMON_2,,1097,37.2883398989,127.1073305814,-9.274655417,75.671106014,1,9,2,NONE,,,-28.257637000,-70.922092000,-2.329621070976,ZONE_06_END
COMMON_2,,1098,37.2883405725,127.1073330126,-9.431536714,75.505657289,1,9,2,NONE,,,-28.042318000,-70.847107000,-2.256593672717,ZONE_06_END
COMMON_2,,1099,37.2883413989,127.1073354147,-9.578321107,75.326278972,1,9,2,NONE,,,-27.829576000,-70.755112000,-2.170635459043,ZONE_06_END
COMMON_2,,1100,37.2883423989,127.1073377481,-9.710830270,75.132523990,1,9,2,NONE,,,-27.622918000,-70.643792000,-2.139048768722,ZONE_06_END
COMMON_2,,1101,37.2883433989,127.1073399147,-9.830214473,74.945549640,1,9,2,NONE,,,-27.431033000,-70.532472000,-2.139069126458,ZONE_06_END
COMMON_2,,1102,37.2883443989,127.1073420814,-9.949606673,74.758571159,1,9,2,NONE,,,-27.239139000,-70.421152000,-2.139069126458,ZONE_06_END
COMMON_2,,1103,37.2883453989,127.1073442481,-10.068998872,74.571592678,1,9,2,NONE,,,-27.047245000,-70.309832000,-2.171494122510,ZONE_06_END
COMMON_2,,1104,37.2883463965,127.1073465807,-10.201567505,74.378107498,1,9,2,NONE,,,-26.840658000,-70.198779000,-2.095433870515,ZONE_06_END
COMMON_2,,1105,37.2883473547,127.1073484626,-10.300686195,74.206839998,1,9,2,NONE,,,-26.673987000,-70.092112000,-2.041847178774,ZONE_06_END
COMMON_2,,1106,37.2883485655,127.1073505814,-10.405538117,74.000960815,1,9,2,NONE,,,-26.486336000,-69.957326000,-1.924137846046,ZONE_06_END
COMMON_2,,1107,37.2883498989,127.1073524147,-10.481662391,73.794561227,1,9,2,NONE,,,-26.323969000,-69.808892000,-2.032095539478,ZONE_06_END
COMMON_2,,1108,37.2883510655,127.1073544147,-10.579425233,73.597882195,1,9,2,NONE,,,-26.146839000,-69.679026000,-2.069740233520,ZONE_06_END
COMMON_2,,1109,37.2883522322,127.1073565814,-10.690299989,73.394416889,1,9,2,NONE,,,-25.954945000,-69.549149000,-2.069740233520,ZONE_06_END
COMMON_2,,1110,37.2883533989,127.1073587481,-10.801174745,73.190951583,1,9,2,NONE,,,-25.763051000,-69.419272000,-1.967290215535,ZONE_06_END
COMMON_2,,1111,37.2883547322,127.1073607481,-10.890420144,72.977785725,1,9,2,NONE,,,-25.585921000,-69.270849000,-1.924171685084,ZONE_06_END
COMMON_2,,1112,37.2883560655,127.1073625814,-10.966548579,72.771396369,1,9,2,NONE,,,-25.423555000,-69.122426000,-1.908829162487,ZONE_06_END
COMMON_2,,1113,37.2883575655,127.1073645814,-11.047277422,72.541743228,1,9,2,NONE,,,-25.246424000,-68.955446000,-2.032055150514,ZONE_06_END
COMMON_2,,1114,37.2883587322,127.1073665814,-11.145035215,72.345054423,1,9,2,NONE,,,-25.069294000,-68.825569000,-1.908826344618,ZONE_06_END
COMMON_2,,1115,37.2883602322,127.1073685814,-11.225763170,72.115401740,1,9,2,NONE,,,-24.892164000,-68.658589000,-1.906434486423,ZONE_06_END
COMMON_2,,1116,37.2883615198,127.1073702900,-11.294414520,71.918600956,1,9,2,NONE,,,-24.740842000,-68.515253000,-1.855845899111,ZONE_06_END
COMMON_2,,1117,37.2883629670,127.1073720255,-11.357028644,71.704922336,1,9,2,NONE,,,-24.587137000,-68.354151000,-1.802688787623,ZONE_06_END
COMMON_2,,1118,37.2883645655,127.1073737481,-11.410896542,71.476804304,1,9,2,NONE,,,-24.434575000,-68.176206000,-1.924110241394,ZONE_06_END
COMMON_2,,1119,37.2883658989,127.1073755813,-11.487012820,71.270408847,1,9,2,NONE,,,-24.272217000,-68.027772000,-1.817877556612,ZONE_06_END
COMMON_2,,1120,37.2883673989,127.1073772481,-11.541522841,71.054300905,1,9,2,NONE,,,-24.124597000,-67.860792000,-1.765957988659,ZONE_06_END
COMMON_2,,1121,37.2883690655,127.1073789146,-11.587497367,70.821727844,1,9,2,NONE,,,-23.977003000,-67.675266000,-1.676591795841,ZONE_06_END
COMMON_2,,1122,37.2883706692,127.1073802429,-11.610074214,70.609123730,1,9,2,NONE,,,-23.859362000,-67.496742000,-1.629769521862,ZONE_06_END
COMMON_2,,1123,37.2883722662,127.1073814348,-11.622260193,70.402727430,1,9,2,NONE,,,-23.753802000,-67.318964000,-1.648924218940,ZONE_06_END
COMMON_2,,1124,37.2883739298,127.1073827312,-11.639266657,70.185495823,1,9,2,NONE,,,-23.638986000,-67.133772000,-1.644513510324,ZONE_06_END
COMMON_2,,1125,37.2883756099,127.1073840276,-11.655429960,69.966632148,1,9,2,NONE,,,-23.524170000,-66.946743000,-1.682239122786,ZONE_06_END
COMMON_2,,1126,37.2883770655,127.1073852481,-11.677092185,69.773057743,1,9,2,NONE,,,-23.416076000,-66.784706000,-1.709429279081,ZONE_06_END
COMMON_2,,1127,37.2883785655,127.1073865813,-11.705353175,69.570510607,1,9,2,NONE,,,-23.298001000,-66.617726000,-1.715365053167,ZONE_06_END
COMMON_2,,1128,37.2883802322,127.1073880814,-11.738228789,69.344692341,1,9,2,NONE,,,-23.165145000,-66.432189000,-1.602079796585,ZONE_06_END
COMMON_2,,1129,37.2883818989,127.1073892481,-11.744871364,69.132426619,1,9,2,NONE,,,-23.061816000,-66.246652000,-1.562587075765,ZONE_06_END
COMMON_2,,1130,37.2883837322,127.1073904147,-11.742993549,68.903687975,1,9,2,NONE,,,-22.958496000,-66.042569000,-1.618514739922,ZONE_06_END
COMMON_2,,1131,37.2883855655,127.1073917481,-11.754240693,68.668168699,1,9,2,NONE,,,-22.840403000,-65.838486000,-1.660692583731,ZONE_06_END
COMMON_2,,1132,37.2883872322,127.1073930813,-11.773984240,68.449134738,1,9,2,NONE,,,-22.722328000,-65.652949000,-1.671011239654,ZONE_06_END
COMMON_2,,1133,37.2883890655,127.1073945814,-11.798347459,68.206839419,1,9,2,NONE,,,-22.589472000,-65.448866000,-1.618458338147,ZONE_06_END
COMMON_2,,1134,37.2883908989,127.1073959147,-11.809581558,67.971314502,1,9,2,NONE,,,-22.471388000,-65.244772000,-1.503380359440,ZONE_06_END
COMMON_2,,1135,37.2883927322,127.1073969147,-11.794594776,67.749348228,1,9,2,NONE,,,-22.382823000,-65.040689000,-1.468470803503,ZONE_06_END
COMMON_2,,1136,37.2883947074,127.1073978906,-11.770461880,67.514327600,1,9,2,NONE,,,-22.296392000,-64.820810000,-1.507144840930,ZONE_06_END
COMMON_2,,1137,37.2883965655,127.1073989146,-11.756095771,67.288932987,1,9,2,NONE,,,-22.205702000,-64.613966000,-1.431092844684,ZONE_06_END
COMMON_2,,1138,37.2883987498,127.1073998770,-11.720216431,67.033781036,1,9,2,NONE,,,-22.120467000,-64.370810000,-1.360198062804,ZONE_06_END
COMMON_2,,1139,37.2884007626,127.1074005670,-11.671665961,66.806663427,1,9,2,NONE,,,-22.059357000,-64.146745000,-1.317111767722,ZONE_06_END
COMMON_2,,1140,37.2884025655,127.1074010813,-11.620015158,66.607447478,1,9,2,NONE,,,-22.013808000,-63.946046000,-1.294996230557,ZONE_06_END
COMMON_2,,1141,37.2884046387,127.1074016124,-11.555875402,66.380815323,1,9,2,NONE,,,-21.966771000,-63.715257000,-1.330947377799,ZONE_06_END
COMMON_2,,1142,37.2884067322,127.1074022480,-11.498921326,66.147928241,1,9,2,NONE,,,-21.910479000,-63.482209000,-1.370779030052,ZONE_06_END
COMMON_2,,1143,37.2884090655,127.1074030813,-11.445271188,65.883287307,1,9,2,NONE,,,-21.836677000,-63.222466000,-1.353218569820,ZONE_06_END
COMMON_2,,1144,37.2884110655,127.1074037481,-11.395549027,65.658378949,1,9,2,NONE,,,-21.777622000,-62.999826000,-1.290190356887,ZONE_06_END
COMMON_2,,1145,37.2884123989,127.1074040813,-11.353637512,65.512959152,1,9,2,NONE,,,-21.748112000,-62.851392000,-1.275555209295,ZONE_06_END
COMMON_2,,1146,37.2884145655,127.1074045814,-11.282285994,65.278350243,1,9,2,NONE,,,-21.703821000,-62.610206000,-1.207097031759,ZONE_06_END
COMMON_2,,1147,37.2884168989,127.1074049147,-11.189287913,65.034024910,1,9,2,NONE,,,-21.674302000,-62.350452000,-1.275483011827,ZONE_06_END
COMMON_2,,1148,37.2884190655,127.1074054146,-11.117920402,64.799424263,1,9,2,NONE,,,-21.630029000,-62.109266000,-1.390910486154,ZONE_06_END
COMMON_2,,1149,37.2884212322,127.1074062480,-11.072790654,64.551256250,1,9,2,NONE,,,-21.556218000,-61.868069000,-1.445845915590,ZONE_06_END
COMMON_2,,1150,37.2884233989,127.1074072480,-11.040768985,64.296316326,1,9,2,NONE,,,-21.467653000,-61.626872000,-1.390919456794,ZONE_06_END
COMMON_2,,1151,37.2884255655,127.1074080814,-10.995643397,64.048158546,1,9,2,NONE,,,-21.393843000,-61.385686000,-1.413986739645,ZONE_06_END
COMMON_2,,1152,37.2884275655,127.1074089146,-10.959014212,63.816486080,1,9,2,NONE,,,-21.320051000,-61.163046000,-1.390906695178,ZONE_06_END
COMMON_2,,1153,37.2884297322,127.1074097480,-10.913883576,63.568318526,1,9,2,NONE,,,-21.246241000,-60.921849000,-1.414027208927,ZONE_06_END
COMMON_2,,1154,37.2884317322,127.1074105813,-10.877263275,63.336641470,1,9,2,NONE,,,-21.172439000,-60.699209000,-1.390906695178,ZONE_06_END
COMMON_2,,1155,37.2884338989,127.1074114147,-10.832132638,63.088473917,1,9,2,NONE,,,-21.098629000,-60.458012000,-1.453964092288,ZONE_06_END
COMMON_2,,1156,37.2884358966,127.1074123599,-10.804434303,62.852475729,1,9,2,NONE,,,-21.014917000,-60.235628000,-1.352629501888,ZONE_06_END
COMMON_2,,1157,37.2884380655,127.1074130813,-10.750377865,62.608643670,1,9,2,NONE,,,-20.951027000,-59.994186000,-1.334278567481,ZONE_06_END
COMMON_2,,1158,37.2884402717,127.1074137609,-10.691127584,62.362821513,1,9,2,NONE,,,-20.890838000,-59.748592000,-1.461650631573,ZONE_06_END
COMMON_2,,1159,37.2884423012,127.1074147436,-10.664754948,62.122153940,1,9,2,NONE,,,-20.803805000,-59.522668000,-1.457939962540,ZONE_06_END
COMMON_2,,1160,37.2884443989,127.1074157481,-10.636613255,61.873855005,1,9,2,NONE,,,-20.714841000,-59.289152000,-1.522365551057,ZONE_06_END
COMMON_2,,1161,37.2884465100,127.1074169600,-10.624105662,61.615799821,1,9,2,NONE,,,-20.607509000,-59.054144000,-1.509274607149,ZONE_06_END
COMMON_2,,1162,37.2884482322,127.1074179146,-10.611223218,61.406667394,1,9,2,NONE,,,-20.522965000,-58.862429000,-1.528497595456,ZONE_06_END
COMMON_2,,1163,37.2884502322,127.1074190814,-10.600843951,61.161433663,1,9,2,NONE,,,-20.419627000,-58.639789000,-1.503343248066,ZONE_06_END
COMMON_2,,1164,37.2884520655,127.1074200813,-10.585849173,60.939471521,1,9,2,NONE,,,-20.331071000,-58.435706000,-1.618491375389,ZONE_06_END
COMMON_2,,1165,37.2884538989,127.1074214147,-10.597091268,60.703942472,1,9,2,NONE,,,-20.212978000,-58.231612000,-1.562587075765,ZONE_06_END
COMMON_2,,1166,37.2884557322,127.1074225813,-10.595213453,60.475203829,1,9,2,NONE,,,-20.109658000,-58.027529000,-1.562622177879,ZONE_06_END
COMMON_2,,1167,37.2884575655,127.1074237480,-10.593343634,60.246461054,1,9,2,NONE,,,-20.006329000,-57.823446000,-1.562565356251,ZONE_06_END
COMMON_2,,1168,37.2884593989,127.1074249146,-10.591460770,60.017712638,1,9,2,NONE,,,-19.903009000,-57.619352000,-1.528460640476,ZONE_06_END
COMMON_2,,1169,37.2884613989,127.1074260813,-10.581072619,59.772483497,1,9,2,NONE,,,-19.799681000,-57.396712000,-1.503384482852,ZONE_06_END
COMMON_2,,1170,37.2884632322,127.1074270813,-10.566086725,59.550516765,1,9,2,NONE,,,-19.711115000,-57.192629000,-1.562618277706,ZONE_06_END
COMMON_2,,1171,37.2884650655,127.1074282480,-10.564216017,59.321774449,1,9,2,NONE,,,-19.607787000,-56.988546000,-1.539188806336,ZONE_06_END
COMMON_2,,1172,37.2884669881,127.1074294012,-10.556721708,59.084748160,1,9,2,NONE,,,-19.505653000,-56.774522000,-1.488705552523,ZONE_06_END
COMMON_2,,1173,37.2884687848,127.1074303421,-10.538954736,58.868803745,1,9,2,NONE,,,-19.422322000,-56.574513000,-1.412924864146,ZONE_06_END
COMMON_2,,1174,37.2884705655,127.1074310813,-10.506134546,58.662641899,1,9,2,NONE,,,-19.356855000,-56.376286000,-1.414023162047,ZONE_06_END
COMMON_2,,1175,37.2884725655,127.1074319146,-10.469513357,58.430965302,1,9,2,NONE,,,-19.283054000,-56.153646000,-1.472564471770,ZONE_06_END
COMMON_2,,1176,37.2884742322,127.1074327480,-10.449930002,58.232248451,1,9,2,NONE,,,-19.209244000,-55.968109000,-1.503380359440,ZONE_06_END
COMMON_2,,1177,37.2884760655,127.1074337480,-10.434943219,58.010282178,1,9,2,NONE,,,-19.120679000,-55.764026000,-1.494524994661,ZONE_06_END
COMMON_2,,1178,37.2884780340,127.1074347958,-10.416810330,57.773001491,1,9,2,NONE,,,-19.027880000,-55.544893000,-1.446559060090,ZONE_06_END
COMMON_2,,1179,37.2884797322,127.1074355813,-10.391848531,57.573115901,1,9,2,NONE,,,-18.958312000,-55.355849000,-1.366428183071,ZONE_06_END
COMMON_2,,1180,37.2884815441,127.1074362177,-10.349345437,57.368046234,1,9,2,NONE,,,-18.901949000,-55.154148000,-1.457891716851,ZONE_06_END
COMMON_2,,1181,37.2884832908,127.1074370540,-10.325903121,57.161299844,1,9,2,NONE,,,-18.827882000,-54.959706000,-1.496464002026,ZONE_06_END
COMMON_2,,1182,37.2884848989,127.1074379146,-10.311454004,56.967272601,1,9,2,NONE,,,-18.751663000,-54.780692000,-1.528464336031,ZONE_06_END
COMMON_2,,1183,37.2884868989,127.1074390813,-10.301066741,56.722043001,1,9,2,NONE,,,-18.648334000,-54.558052000,-1.440931515285,ZONE_06_END
COMMON_2,,1184,37.2884887322,127.1074399146,-10.272962995,56.506853229,1,9,2,NONE,,,-18.574533000,-54.353969000,-1.472564471770,ZONE_06_END
COMMON_2,,1185,37.2884903989,127.1074407480,-10.253379640,56.308136379,1,9,2,NONE,,,-18.500723000,-54.168432000,-1.375537430553,ZONE_06_END
COMMON_2,,1186,37.2884922322,127.1074414146,-10.212159819,56.099722649,1,9,2,NONE,,,-18.441685000,-53.964349000,-1.440970514419,ZONE_06_END
COMMON_2,,1187,37.2884940655,127.1074422480,-10.184064070,55.884528746,1,9,2,NONE,,,-18.367875000,-53.760266000,-1.539299556341,ZONE_06_END
COMMON_2,,1188,37.2884957322,127.1074432480,-10.177589682,55.679039525,1,9,2,NONE,,,-18.279310000,-53.574729000,-1.539173095806,ZONE_06_END
COMMON_2,,1189,37.2884973976,127.1074442469,-10.171094780,55.473724109,1,9,2,NONE,,,-18.190843000,-53.389337000,-1.457092266228,ZONE_06_END
COMMON_2,,1190,37.2884990612,127.1074450415,-10.148617087,55.276890855,1,9,2,NONE,,,-18.120469000,-53.204145000,-1.404592313022,ZONE_06_END
COMMON_2,,1191,37.2885003989,127.1074455813,-10.122742436,55.122646928,1,9,2,NONE,,,-18.072661000,-53.055232000,-1.385482459407,ZONE_06_END
COMMON_2,,1192,37.2885019058,127.1074461497,-10.090472279,54.950507032,1,9,2,NONE,,,-18.022321000,-52.887484000,-1.430076932940,ZONE_06_END
COMMON_2,,1193,37.2885032866,127.1074467561,-10.067635435,54.789293246,1,9,2,NONE,,,-17.968615000,-52.733773000,-1.520241936066,ZONE_06_END
COMMON_2,,1194,37.2885047322,127.1074475813,-10.058704146,54.612776854,1,9,2,NONE,,,-17.895531000,-52.572849000,-1.581605586075,ZONE_06_END
COMMON_2,,1195,37.2885062322,127.1074485813,-10.060747202,54.423774458,1,9,2,NONE,,,-17.806966000,-52.405869000,-1.660727108133,ZONE_06_END
COMMON_2,,1196,37.2885078989,127.1074499146,-10.080498745,54.204736366,1,9,2,NONE,,,-17.688882000,-52.220332000,-1.555421532237,ZONE_06_END
COMMON_2,,1197,37.2885092322,127.1074507480,-10.077950276,54.038993166,1,9,2,NONE,,,-17.615072000,-52.071909000,-1.472522591121,ZONE_06_END
COMMON_2,,1198,37.2885108989,127.1074515813,-10.058358925,53.840280446,1,9,2,NONE,,,-17.541271000,-51.886372000,-1.553562991072,ZONE_06_END
COMMON_2,,1199,37.2885124527,127.1074525480,-10.055033084,53.647310725,1,9,2,NONE,,,-17.455655000,-51.713403000,-1.610831935494,ZONE_06_END
COMMON_2,,1200,37.2885138989,127.1074535813,-10.062445036,53.462275655,1,9,2,NONE,,,-17.364141000,-51.552412000,-1.602104999440,ZONE_06_END
COMMON_2,,1201,37.2885155655,127.1074547480,-10.069092660,53.250019705,1,9,2,NONE,,,-17.260812000,-51.366886000,-1.492419683678,ZONE_06_END
COMMON_2,,1202,37.2885171771,127.1074556008,-10.053851971,53.055963560,1,9,2,NONE,,,-17.185283000,-51.187483000,-1.460501482248,ZONE_06_END
COMMON_2,,1203,37.2885190403,127.1074564999,-10.029397207,52.835141639,1,9,2,NONE,,,-17.105655000,-50.980071000,-1.388401465307,ZONE_06_END
COMMON_2,,1204,37.2885205655,127.1074570813,-9.997215576,52.660663231,1,9,2,NONE,,,-17.054163000,-50.810286000,-1.353172409780,ZONE_06_END
COMMON_2,,1205,37.2885220655,127.1074575813,-9.959916626,52.491985749,1,9,2,NONE,,,-17.009880000,-50.643306000,-1.450292613645,ZONE_06_END
COMMON_2,,1206,37.2885237315,127.1074583608,-9.936127648,52.295529407,1,9,2,NONE,,,-16.940844000,-50.457847000,-1.494389254705,ZONE_06_END
COMMON_2,,1207,37.2885253989,127.1074592480,-9.920741920,52.094556179,1,9,2,NONE,,,-16.862269000,-50.272232000,-1.406552766137,ZONE_06_END
COMMON_2,,1208,37.2885270752,127.1074599290,-9.888676599,51.901084547,1,9,2,NONE,,,-16.801956000,-50.085626000,-1.360213167399,ZONE_06_END
COMMON_2,,1209,37.2885287221,127.1074604936,-9.848954595,51.715252496,1,9,2,NONE,,,-16.751952000,-49.902293000,-1.305519220266,ZONE_06_END
COMMON_2,,1210,37.2885308989,127.1074610813,-9.783974661,51.476074375,1,9,2,NONE,,,-16.699903000,-49.659972000,-1.413432329757,ZONE_06_END
COMMON_2,,1211,37.2885328608,127.1074618971,-9.747923843,51.248876634,1,9,2,NONE,,,-16.627651000,-49.441573000,-1.342250828024,ZONE_06_END
COMMON_2,,1212,37.2885343808,127.1074623815,-9.708375358,51.078855802,1,9,2,NONE,,,-16.584750000,-49.272367000,-1.404926138769,ZONE_06_END
COMMON_2,,1213,37.2885367786,127.1074633502,-9.662082997,50.802332124,1,9,2,NONE,,,-16.498957000,-49.005444000,-1.462922997838,ZONE_06_END
COMMON_2,,1214,37.2885383842,127.1074641306,-9.641450872,50.611812061,1,9,2,NONE,,,-16.429841000,-48.826708000,-1.435308683329,ZONE_06_END
COMMON_2,,1215,37.2885400113,127.1074648572,-9.615486960,50.421353034,1,9,2,NONE,,,-16.365490000,-48.645579000,-1.398717971201,ZONE_06_END
COMMON_2,,1216,37.2885419167,127.1074656106,-9.577412757,50.202280423,1,9,2,NONE,,,-16.298765000,-48.433470000,-1.398717971201,ZONE_06_END
V_A,mission_parallel,0,37.2885443088,127.1074665249,-9.527131427,49.928539020,1,10,2,NONE,AAA_V_IN,AAA_V_OUT,-16.217793000,-48.167188000,-1.468135559916,ZONE_06_END
V_A,mission_parallel,1,37.2885533858,127.1074710052,-9.415880623,48.848674733,1,10,2,NONE,AAA_V_IN,AAA_V_OUT,-15.820988000,-47.156728000,-1.605171215550,ZONE_06_END
V_A,mission_parallel,2,37.2885555477,127.1074725296,-9.425364236,48.572895603,1,10,2,NONE,AAA_V_IN,AAA_V_OUT,-15.685983000,-46.916067000,-1.470184381193,ZONE_06_END
V_A,mission_parallel,3,37.2885576832,127.1074735900,-9.399690658,48.318582958,1,10,2,NONE,AAA_V_IN,AAA_V_OUT,-15.592066000,-46.678341000,-1.552979514895,ZONE_06_END
V_A,mission_parallel,4,37.2885599769,127.1074750150,-9.394616343,48.033808217,1,10,2,NONE,AAA_V_IN,AAA_V_OUT,-15.465866000,-46.423006000,-1.483255920466,ZONE_06_END
V_A,mission_parallel,5,37.2885620334,127.1074760754,-9.372983268,47.787318766,1,10,2,NONE,AAA_V_IN,AAA_V_OUT,-15.371950000,-46.194085000,-1.549221056039,ZONE_06_END
V_A,mission_parallel,6,37.2885645644,127.1074776329,-9.366215553,47.473688186,1,10,2,NONE,AAA_V_IN,AAA_V_OUT,-15.234010000,-45.912336000,-1.597337482099,ZONE_06_END
V_A,mission_parallel,7,37.2885663835,127.1074788921,-9.372350773,47.242583730,1,10,2,NONE,AAA_V_IN,AAA_V_OUT,-15.122485000,-45.709829000,-1.562640332214,ZONE_06_END
V_A,mission_parallel,8,37.2885684663,127.1074802177,-9.370231194,46.982709658,1,10,2,NONE,AAA_V_IN,AAA_V_OUT,-15.005089000,-45.477973000,-1.593285443091,ZONE_06_END
V_A,mission_parallel,9,37.2885707864,127.1074818083,-9.376846753,46.688592146,1,10,2,NONE,AAA_V_IN,AAA_V_OUT,-14.864215000,-45.219703000,-1.580593253136,ZONE_06_END
V_A,mission_parallel,10,37.2885726917,127.1074830754,-9.379197625,46.448639587,1,10,2,NONE,AAA_V_IN,AAA_V_OUT,-14.751991000,-45.007598000,-1.630074103157,ZONE_06_END
V_A,mission_parallel,11,37.2885746760,127.1074845574,-9.394419762,46.192147117,1,10,2,NONE,AAA_V_IN,AAA_V_OUT,-14.620740000,-44.786706000,-1.555000967418,ZONE_06_END
V_A,mission_parallel,12,37.2885768484,127.1074859138,-9.390154821,45.922157247,1,10,2,NONE,AAA_V_IN,AAA_V_OUT,-14.500607000,-44.544878000,-1.598286777327,ZONE_06_END
V_A,mission_parallel,13,37.2885786931,127.1074871936,-9.396602073,45.687689355,1,10,2,NONE,AAA_V_IN,AAA_V_OUT,-14.387261000,-44.339526000,-1.712658621132,ZONE_06_END
V_A,mission_parallel,14,37.2885804892,127.1074888010,-9.431304787,45.444710024,1,10,2,NONE,AAA_V_IN,AAA_V_OUT,-14.244905000,-44.139581000,-1.656770153508,ZONE_06_END
V_A,mission_parallel,15,37.2885826131,127.1074904852,-9.455309376,45.166190193,1,10,2,NONE,AAA_V_IN,AAA_V_OUT,-14.095741000,-43.903150000,-1.555000967418,ZONE_06_END
V_A,mission_parallel,16,37.2885847855,127.1074918417,-9.451044434,44.896200323,1,10,2,NONE,AAA_V_IN,AAA_V_OUT,-13.975608000,-43.661322000,-1.459738452111,ZONE_06_END
V_A,mission_parallel,17,37.2885868426,127.1074928321,-9.423865808,44.652482399,1,10,2,NONE,AAA_V_IN,AAA_V_OUT,-13.887891000,-43.432318000,-1.474546119542,ZONE_06_END
V_A,mission_parallel,18,37.2885881048,127.1074934669,-9.409322618,44.501851530,1,10,2,NONE,AAA_V_IN,AAA_V_OUT,-13.831674000,-43.291816000,-1.447027076723,ZONE_06_END
V_A,mission_parallel,19,37.2885903257,127.1074944956,-9.376793759,44.240376342,1,10,2,NONE,AAA_V_IN,AAA_V_OUT,-13.740560000,-43.044580000,-1.501652689511,ZONE_06_END
V_A,mission_parallel,20,37.2885925225,127.1074956882,-9.358390018,43.974633841,1,10,2,NONE,AAA_V_IN,AAA_V_OUT,-13.634938000,-42.800036000,-1.487235158508,ZONE_06_END
V_A,mission_parallel,21,37.2885948830,127.1074969193,-9.334644958,43.691131721,1,10,2,NONE,AAA_V_IN,AAA_V_OUT,-13.525910000,-42.537262000,-1.391325551330,ZONE_06_END
V_A,mission_parallel,22,37.2885971283,127.1074977842,-9.287980142,43.433915939,1,10,2,NONE,AAA_V_IN,AAA_V_OUT,-13.449310000,-42.287322000,-1.331168342610,ZONE_06_END
V_A,mission_parallel,23,37.2885995617,127.1074985237,-9.221835207,43.163187906,1,10,2,NONE,AAA_V_IN,AAA_V_OUT,-13.383815000,-42.016436000,-1.221386169471,ZONE_06_END
V_A,mission_parallel,24,37.2886018798,127.1074988971,-9.132770058,42.918745323,1,10,2,NONE,AAA_V_IN,AAA_V_OUT,-13.350748000,-41.758383000,-1.339301411020,ZONE_06_END
V_A,mission_parallel,25,37.2886039855,127.1074995598,-9.077327974,42.683542969,1,10,2,NONE,AAA_V_IN,AAA_V_OUT,-13.292050000,-41.523972000,-1.228473735715,ZONE_06_END
V_A,mission_parallel,26,37.2886066314,127.1075000100,-8.977557161,42.403564904,1,10,2,NONE,AAA_V_IN,AAA_V_OUT,-13.252184000,-41.229434000,-1.165006067338,ZONE_06_END
V_A,mission_parallel,27,37.2886089738,127.1075002195,-8.874364970,42.163379373,1,10,2,NONE,AAA_V_IN,AAA_V_OUT,-13.233622000,-40.968679000,-1.054638975292,ZONE_06_END
V_A,mission_parallel,28,37.2886113648,127.1075001014,-8.742900406,41.931711766,1,10,2,NONE,AAA_V_IN,AAA_V_OUT,-13.244088000,-40.702515000,-1.001338552708,ZONE_06_END
V_A,mission_parallel,29,37.2886137801,127.1074998194,-8.597304179,41.704290090,1,10,2,NONE,AAA_V_IN,AAA_V_OUT,-13.269058000,-40.433637000,-1.096586978346,ZONE_06_END
V_A,mission_parallel,30,37.2886159829,127.1074998268,-8.485329077,41.486131031,1,10,2,NONE,AAA_V_IN,AAA_V_OUT,-13.268409000,-40.188420000,-1.018946291981,ZONE_06_END
V_A,mission_parallel,31,37.2886185621,127.1074995832,-8.334383506,41.240951632,1,10,2,NONE,AAA_V_IN,AAA_V_OUT,-13.289981000,-39.901310000,-1.054648100053,ZONE_06_END
V_A,mission_parallel,32,37.2886209532,127.1074994650,-8.202915670,41.009273334,1,10,2,NONE,AAA_V_IN,AAA_V_OUT,-13.300445000,-39.635135000,-0.949557319327,ZONE_06_END
V_A,mission_parallel,33,37.2886233927,127.1074990192,-8.043187647,40.786121296,1,10,2,NONE,AAA_V_IN,AAA_V_OUT,-13.339930000,-39.363564000,-0.873417479033,ZONE_06_END
V_A,mission_parallel,34,37.2886256928,127.1074983711,-7.874672554,40.584985498,1,10,2,NONE,AAA_V_IN,AAA_V_OUT,-13.397327000,-39.107520000,-0.790511993381,ZONE_06_END
V_A,mission_parallel,35,37.2886278533,127.1074975209,-7.697383464,40.405873820,1,10,2,NONE,AAA_V_IN,AAA_V_OUT,-13.472628000,-38.867016000,-0.873400871176,ZONE_06_END
V_A,mission_parallel,36,37.2886301532,127.1074968728,-7.528871643,40.204748714,1,10,2,NONE,AAA_V_IN,AAA_V_OUT,-13.530027000,-38.610983000,-0.763958673206,ZONE_06_END
V_A,mission_parallel,37,37.2886326118,127.1074958144,-7.319970848,40.004618676,1,10,2,NONE,AAA_V_IN,AAA_V_OUT,-13.623766000,-38.337296000,-0.751338508922,ZONE_06_END
V_A,mission_parallel,38,37.2886348393,127.1074948158,-7.127580850,39.824907227,1,10,2,NONE,AAA_V_IN,AAA_V_OUT,-13.712208000,-38.089328000,-0.629190467214,ZONE_06_END
V_A,mission_parallel,39,37.2886368756,127.1074935325,-6.922564618,39.675680920,1,10,2,NONE,AAA_V_IN,AAA_V_OUT,-13.825860000,-37.862649000,-0.535215205509,ZONE_06_END
V_A,mission_parallel,40,37.2886390380,127.1074918333,-6.678370362,39.530887369,1,10,2,NONE,AAA_V_IN,AAA_V_OUT,-13.976354000,-37.621926000,-0.656770735364,ZONE_06_END
V_A,mission_parallel,41,37.2886408951,127.1074907424,-6.497648166,39.391560775,1,10,2,NONE,AAA_V_IN,AAA_V_OUT,-14.072966000,-37.415193000,-0.648061693018,ZONE_06_END
V_A,mission_parallel,42,37.2886431285,127.1074894006,-6.277959202,39.225223184,1,10,2,NONE,AAA_V_IN,AAA_V_OUT,-14.191800000,-37.166577000,-0.648058418806,ZONE_06_END
V_A,mission_parallel,43,37.2886453618,127.1074880588,-6.058269350,39.058886052,1,10,2,NONE,AAA_V_IN,AAA_V_OUT,-14.310635000,-36.917961000,-0.563352161213,ZONE_06_END
V_A,mission_parallel,44,37.2886474556,127.1074865148,-5.829797047,38.914576281,1,10,2,NONE,AAA_V_IN,AAA_V_OUT,-14.447383000,-36.684884000,-0.475928087431,ZONE_06_END
V_A,mission_parallel,45,37.2886494099,127.1074847685,-5.592538561,38.792282292,1,10,2,NONE,AAA_V_IN,AAA_V_OUT,-14.602042000,-36.467334000,-0.506776089100,ZONE_06_END
V_A,mission_parallel,46,37.2886511517,127.1074833116,-5.388906412,38.679239223,1,10,2,NONE,AAA_V_IN,AAA_V_OUT,-14.731072000,-36.273437000,-0.563354033828,ZONE_06_END
V_A,mission_parallel,47,37.2886532454,127.1074817676,-5.160433650,38.534928563,1,10,2,NONE,AAA_V_IN,AAA_V_OUT,-14.867820000,-36.040359000,-0.523565457557,ZONE_06_END
V_A,mission_parallel,48,37.2886553636,127.1074800597,-4.917822118,38.394867508,1,10,2,NONE,AAA_V_IN,AAA_V_OUT,-15.019080000,-35.804567000,-0.475898101618,ZONE_06_END
V_A,mission_parallel,49,37.2886573178,127.1074783134,-4.680566904,38.272584209,1,10,2,NONE,AAA_V_IN,AAA_V_OUT,-15.173741000,-35.587028000,-0.404838651488,ZONE_06_END
V_A,mission_parallel,50,37.2886593206,127.1074762395,-4.415044960,38.158805790,1,10,2,NONE,AAA_V_IN,AAA_V_OUT,-15.357419000,-35.364071000,-0.330232831672,ZONE_06_END
V_A,mission_parallel,51,37.2886609714,127.1074742526,-4.174365095,38.076304334,1,10,2,NONE,AAA_V_IN,AAA_V_OUT,-15.533382000,-35.180304000,-0.423453522075,ZONE_06_END
V_A,mission_parallel,52,37.2886627618,127.1074724680,-3.942459686,37.971779647,1,10,2,NONE,AAA_V_IN,AAA_V_OUT,-15.691441000,-34.980998000,-0.373308713287,ZONE_06_END
V_A,mission_parallel,53,37.2886637754,127.1074713491,-3.802632653,37.917012959,1,10,2,NONE,AAA_V_IN,AAA_V_OUT,-15.790532000,-34.868162000,-0.353528162504,ZONE_06_END
V_A,mission_parallel,54,37.2886656144,127.1074692368,-3.542464214,37.821002495,1,10,2,NONE,AAA_V_IN,AAA_V_OUT,-15.977609000,-34.663448000,-0.266315390595,ZONE_06_END
V_A,mission_parallel,55,37.2886665929,127.1074678984,-3.387151133,37.778633812,1,10,2,NONE,AAA_V_IN,AAA_V_OUT,-16.096149000,-34.554519000,-0.301922976159,ZONE_06_END
V_A,mission_parallel,56,37.2886681392,127.1074659289,-3.153174436,37.705763059,1,10,2,NONE,AAA_V_IN,AAA_V_OUT,-16.270577000,-34.382385000,-0.266047626008,ZONE_06_END
V_A,mission_parallel,57,37.2886697180,127.1074637682,-2.902488195,37.637449139,1,10,2,NONE,AAA_V_IN,AAA_V_OUT,-16.461942000,-34.206630000,-0.302258669183,ZONE_06_END
V_A,mission_parallel,58,37.2886713013,127.1074617529,-2.663020528,37.562780059,1,10,2,NONE,AAA_V_IN,AAA_V_OUT,-16.640423000,-34.030378000,-0.268457720371,ZONE_06_END
V_A,mission_parallel,59,37.2886730007,127.1074594384,-2.394077205,37.488794172,1,10,2,NONE,AAA_V_IN,AAA_V_OUT,-16.845405000,-33.841204000,-0.268441107369,ZONE_06_END
V_A,mission_parallel,60,37.2886747001,127.1074571238,-2.125124968,37.414810640,1,10,2,NONE,AAA_V_IN,AAA_V_OUT,-17.050396000,-33.652028000,-0.210145340824,ZONE_06_END
V_A,mission_parallel,61,37.2886762357,127.1074547709,-1.861522534,37.358585719,1,10,2,NONE,AAA_V_IN,AAA_V_OUT,-17.258785000,-33.481085000,-0.061463444888,ZONE_06_END
V_A,mission_parallel,62,37.2886774678,127.1074521774,-1.594499610,37.342152872,1,10,2,NONE,AAA_V_IN,AAA_V_OUT,-17.488477000,-33.343925000,-0.147831104628,ZONE_06_END
V_A,mission_parallel,63,37.2886788395,127.1074497861,-1.336250223,37.303695018,1,10,2,NONE,AAA_V_IN,AAA_V_OUT,-17.700265000,-33.191224000,-0.173232159862,ZONE_06_END
V_A,mission_parallel,64,37.2886801870,127.1074475586,-1.092137252,37.260978646,1,10,2,NONE,AAA_V_IN,AAA_V_OUT,-17.897539000,-33.041228000,-0.146305309092,ZONE_06_END
V_A,mission_parallel,65,37.2886810122,127.1074461153,-0.936402656,37.238029872,1,10,2,NONE,AAA_V_IN,AAA_V_OUT,-18.025367000,-32.949359000,-0.069309217806,ZONE_06_END
V_A,mission_parallel,66,37.2886822696,127.1074435153,-0.667578721,37.219368003,1,10,2,NONE,AAA_V_IN,AAA_V_OUT,-18.255636000,-32.809392000,-0.002664848482,ZONE_06_END
V_A,mission_parallel,67,37.2886833241,127.1074409663,-0.413128649,37.218689931,1,10,2,NONE,AAA_V_IN,AAA_V_OUT,-18.481389000,-32.692000000,-0.032212262088,ZONE_06_END
V_A,mission_parallel,68,37.2886842975,127.1074387742,-0.190902921,37.211529060,1,10,2,NONE,AAA_V_IN,AAA_V_OUT,-18.675537000,-32.583639000,-0.137712250345,ZONE_06_END
V_A,mission_parallel,69,37.2886854354,127.1074367476,0.026694260,37.181372384,1,10,2,NONE,AAA_V_IN,AAA_V_OUT,-18.855018000,-32.456972000,-0.020489313942,ZONE_06_END
V_A,mission_parallel,70,37.2886865637,127.1074341352,0.289899422,37.175978736,1,10,2,NONE,AAA_V_IN,AAA_V_OUT,-19.086385000,-32.331372000,0.020205887485,ZONE_06_END
V_A,mission_parallel,71,37.2886874206,127.1074319428,0.506193425,37.180349744,1,10,2,NONE,AAA_V_IN,AAA_V_OUT,-19.280556000,-32.235979000,0.099324416867,ZONE_06_END
V_A,mission_parallel,72,37.2886883535,127.1074289860,0.786517929,37.208284735,1,10,2,NONE,AAA_V_IN,AAA_V_OUT,-19.542430000,-32.132132000,0.114313467154,ZONE_06_END
V_A,mission_parallel,73,37.2886892458,127.1074260291,1.064769643,37.240231932,1,10,2,NONE,AAA_V_IN,AAA_V_OUT,-19.804304000,-32.032801000,0.228365497657,ZONE_06_END
V_A,mission_parallel,74,37.2886899353,127.1074226134,1.368762013,37.310885811,1,10,2,NONE,AAA_V_IN,AAA_V_OUT,-20.106813000,-31.956044000,0.319441826526,ZONE_06_END
V_A,mission_parallel,75,37.2886903409,127.1074194017,1.642202764,37.401331821,1,10,2,NONE,AAA_V_IN,AAA_V_OUT,-20.391263000,-31.910894000,0.348531049802,ZONE_06_END
V_A,mission_parallel,76,37.2886906654,127.1074162409,1.907487105,37.497726787,1,10,2,NONE,AAA_V_IN,AAA_V_OUT,-20.671197000,-31.874773000,0.341330285341,ZONE_06_END
V_A,mission_parallel,77,37.2886909087,127.1074139978,2.096421723,37.564842849,1,10,2,NONE,AAA_V_IN,AAA_V_OUT,-20.869860000,-31.847683000,0.332040938030,ZONE_06_END
V_A,mission_parallel,78,37.2886911926,127.1074115507,2.303474401,37.636236032,1,10,2,NONE,AAA_V_IN,AAA_V_OUT,-21.086583000,-31.816077000,0.236321655380,ZONE_06_END
V_A,mission_parallel,79,37.2886917199,127.1074088488,2.543018544,37.693923427,1,10,2,NONE,AAA_V_IN,AAA_V_OUT,-21.325882000,-31.757381000,0.218602947141,ZONE_06_END
V_A,mission_parallel,80,37.2886922877,127.1074061468,2.784634130,37.747599046,1,10,2,NONE,AAA_V_IN,AAA_V_OUT,-21.565180000,-31.694170000,0.155105423301,ZONE_06_END
V_A,mission_parallel,81,37.2886929367,127.1074036998,3.010337792,37.782890372,1,10,2,NONE,AAA_V_IN,AAA_V_OUT,-21.781903000,-31.621929000,0.083407693798,ZONE_06_END
V_A,mission_parallel,82,37.2886938290,127.1074009978,3.268532918,37.804475911,1,10,2,NONE,AAA_V_IN,AAA_V_OUT,-22.021202000,-31.522598000,0.066545778268,ZONE_06_END
V_A,mission_parallel,83,37.2886945838,127.1073988169,3.478704222,37.818482605,1,10,2,NONE,AAA_V_IN,AAA_V_OUT,-22.214356000,-31.438576000,0.040144086434,ZONE_06_END
V_A,mission_parallel,84,37.2886953694,127.1073967014,3.685303137,37.826780788,1,10,2,NONE,AAA_V_IN,AAA_V_OUT,-22.401716000,-31.351122000,0.029543247240,ZONE_06_END
V_A,mission_parallel,85,37.2886962010,127.1073945226,3.899231792,37.833102775,1,10,2,NONE,AAA_V_IN,AAA_V_OUT,-22.594681000,-31.258548000,0.003844472835,ZONE_06_END
V_A,mission_parallel,86,37.2886968600,127.1073929038,4.060277489,37.833721914,1,10,2,NONE,AAA_V_IN,AAA_V_OUT,-22.738045000,-31.185180000,-0.047224174049,ZONE_06_END
V_A,mission_parallel,87,37.2886977427,127.1073909843,4.256416883,37.824452501,1,10,2,NONE,AAA_V_IN,AAA_V_OUT,-22.908049000,-31.086919000,-0.037639000575,ZONE_06_END
V_A,mission_parallel,88,37.2886985014,127.1073892973,4.427928754,37.817993915,1,10,2,NONE,AAA_V_IN,AAA_V_OUT,-23.057463000,-31.002459000,0.050208234010,ZONE_06_END
V_A,mission_parallel,89,37.2886992003,127.1073873649,4.615686003,37.827428805,1,10,2,NONE,AAA_V_IN,AAA_V_OUT,-23.228605000,-30.924663000,0.147440524462,ZONE_06_END
V_A,mission_parallel,90,37.2887003343,127.1073831954,5.001702040,37.884759245,1,10,2,NONE,AAA_V_IN,AAA_V_OUT,-23.597872000,-30.798421000,0.147440524462,ZONE_06_END
V_A,mission_parallel,91,37.2886988791,127.1073882194,4.532038480,37.824457061,-1,10,1,NONE,AAA_V_IN,AAA_V_OUT,-23.152925000,-30.960416000,0.083174626962,ZONE_06_END
V_A,mission_parallel,92,37.2886981334,127.1073904759,4.316386675,37.806478825,-1,10,1,NONE,AAA_V_IN,AAA_V_OUT,-22.953079000,-31.043425000,0.191264436003,ZONE_06_END
V_A,mission_parallel,93,37.2886976332,127.1073926175,4.122309398,37.768899378,-1,10,1,NONE,AAA_V_IN,AAA_V_OUT,-22.763404000,-31.099117000,0.292629091771,ZONE_06_END
V_A,mission_parallel,94,37.2886973424,127.1073945785,3.953158058,37.717937758,-1,10,1,NONE,AAA_V_IN,AAA_V_OUT,-22.589732000,-31.131479000,0.292630008027,ZONE_06_END
V_A,mission_parallel,95,37.2886970380,127.1073966320,3.776019268,37.664569515,-1,10,1,NONE,AAA_V_IN,AAA_V_OUT,-22.407859000,-31.165369000,0.236631256021,ZONE_06_END
V_A,mission_parallel,96,37.2886966563,127.1073985909,3.602382680,37.622697201,-1,10,1,NONE,AAA_V_IN,AAA_V_OUT,-22.234374000,-31.207865000,0.334300464181,ZONE_06_END
V_A,mission_parallel,97,37.2886964008,127.1074008281,3.413292654,37.557019239,-1,10,1,NONE,AAA_V_IN,AAA_V_OUT,-22.036233000,-31.236304000,0.417926199146,ZONE_06_END
V_A,mission_parallel,98,37.2886962879,127.1074032328,3.218311228,37.470430431,-1,10,1,NONE,AAA_V_IN,AAA_V_OUT,-21.823260000,-31.248869000,0.508045012571,ZONE_06_END
V_A,mission_parallel,99,37.2886963334,127.1074050648,3.076486627,37.391463224,-1,10,1,NONE,AAA_V_IN,AAA_V_OUT,-21.661012000,-31.243807000,0.513687710990,ZONE_06_END
V_A,mission_parallel,100,37.2886964068,127.1074075676,2.883299062,37.282464815,-1,10,1,NONE,AAA_V_IN,AAA_V_OUT,-21.439347000,-31.235639000,0.605250787873,ZONE_06_END
V_A,mission_parallel,101,37.2886966062,127.1074095095,2.740692561,37.183799219,-1,10,1,NONE,AAA_V_IN,AAA_V_OUT,-21.267363000,-31.213435000,0.705966965372,ZONE_06_END
V_A,mission_parallel,102,37.2886970295,127.1074117909,2.582810730,37.049198603,-1,10,1,NONE,AAA_V_IN,AAA_V_OUT,-21.065314000,-31.166316000,0.791274322325,ZONE_06_END
V_A,mission_parallel,103,37.2886975620,127.1074138489,2.448081749,36.912876867,-1,10,1,NONE,AAA_V_IN,AAA_V_OUT,-20.883045000,-31.107041000,0.868426171670,ZONE_06_END
V_A,mission_parallel,104,37.2886980377,127.1074152970,2.358441179,36.806962332,-1,10,1,NONE,AAA_V_IN,AAA_V_OUT,-20.754791000,-31.054086000,0.853718357305,ZONE_06_END
V_A,mission_parallel,105,37.2886986140,127.1074171273,2.243872831,36.675563247,-1,10,1,NONE,AAA_V_IN,AAA_V_OUT,-20.592693000,-30.989931000,0.811744556083,ZONE_06_END
V_A,mission_parallel,106,37.2886991661,127.1074191215,2.115171340,36.539894954,-1,10,1,NONE,AAA_V_IN,AAA_V_OUT,-20.416079000,-30.928470000,0.902189670402,ZONE_06_END
V_A,mission_parallel,107,37.2886997667,127.1074207880,2.014730924,36.412753381,-1,10,1,NONE,AAA_V_IN,AAA_V_OUT,-20.268487000,-30.861613000,0.902158584042,ZONE_06_END
V_A,mission_parallel,108,37.2887003673,127.1074224545,1.914281165,36.285608106,-1,10,1,NONE,AAA_V_IN,AAA_V_OUT,-20.120885000,-30.794757000,0.895441909757,ZONE_06_END
V_A,mission_parallel,109,37.2887010009,127.1074242447,1.805795562,36.150171514,-1,10,1,NONE,AAA_V_IN,AAA_V_OUT,-19.962338000,-30.724223000,0.811795125508,ZONE_06_END
V_A,mission_parallel,110,37.2887013977,127.1074256776,1.713320401,36.052680662,-1,10,1,NONE,AAA_V_IN,AAA_V_OUT,-19.835432000,-30.680053000,0.738342977610,ZONE_06_END
V_A,mission_parallel,111,37.2887017837,127.1074274909,1.590368708,35.940787787,-1,10,1,NONE,AAA_V_IN,AAA_V_OUT,-19.674839000,-30.637076000,0.664476076673,ZONE_06_END
V_A,mission_parallel,112,37.2887020835,127.1074294754,1.449534258,35.830471859,-1,10,1,NONE,AAA_V_IN,AAA_V_OUT,-19.499082000,-30.603708000,0.604708931392,ZONE_06_END
V_A,mission_parallel,113,37.2887022700,127.1074312993,1.315551066,35.737879811,-1,10,1,NONE,AAA_V_IN,AAA_V_OUT,-19.337547000,-30.582942000,0.653674448013,ZONE_06_END
V_A,mission_parallel,114,37.2887026055,127.1074336594,1.146989812,35.608758752,-1,10,1,NONE,AAA_V_IN,AAA_V_OUT,-19.128525000,-30.545593000,0.583689690061,ZONE_06_END
V_A,mission_parallel,115,37.2887027793,127.1074356967,0.995566909,35.508750780,-1,10,1,NONE,AAA_V_IN,AAA_V_OUT,-18.948092000,-30.526243000,0.572245356429,ZONE_06_END
V_A,mission_parallel,116,37.2887029292,127.1074376652,0.848330469,35.413909758,-1,10,1,NONE,AAA_V_IN,AAA_V_OUT,-18.773750000,-30.509562000,0.477076059741,ZONE_06_END
V_A,mission_parallel,117,37.2887029296,127.1074402304,0.646509971,35.309588732,-1,10,1,NONE,AAA_V_IN,AAA_V_OUT,-18.546562000,-30.509512000,0.501326423447,ZONE_06_END
V_A,mission_parallel,118,37.2887029615,127.1074418649,0.519527024,35.239998772,-1,10,1,NONE,AAA_V_IN,AAA_V_OUT,-18.401804000,-30.505969000,0.515272046116,ZONE_06_END
V_A,mission_parallel,119,37.2887030240,127.1074439087,0.361905914,35.150737807,-1,10,1,NONE,AAA_V_IN,AAA_V_OUT,-18.220797000,-30.499012000,0.580355626193,ZONE_06_END
V_A,mission_parallel,120,37.2887031821,127.1074458217,0.219461503,35.057340305,-1,10,1,NONE,AAA_V_IN,AAA_V_OUT,-18.051375000,-30.481414000,0.529848628801,ZONE_06_END
V_A,mission_parallel,121,37.2887032563,127.1074475810,0.084818837,34.978478252,-1,10,1,NONE,AAA_V_IN,AAA_V_OUT,-17.895556000,-30.473149000,0.473354269526,ZONE_06_END
V_A,mission_parallel,122,37.2887032508,127.1074495705,-0.072007018,34.898153165,-1,10,1,NONE,AAA_V_IN,AAA_V_OUT,-17.719357000,-30.473766000,0.421328737579,ZONE_06_END
V_A,mission_parallel,123,37.2887031795,127.1074511810,-0.202364413,34.839731254,-1,10,1,NONE,AAA_V_IN,AAA_V_OUT,-17.576727000,-30.481694000,0.347103894034,ZONE_06_END
V_A,mission_parallel,124,37.2887029661,127.1074532366,-0.375017067,34.777274165,-1,10,1,NONE,AAA_V_IN,AAA_V_OUT,-17.394668000,-30.505450000,0.278715283421,ZONE_06_END
V_A,mission_parallel,125,37.2887027539,127.1074545652,-0.490402789,34.744254938,-1,10,1,NONE,AAA_V_IN,AAA_V_OUT,-17.276999000,-30.529075000,0.273731201722,ZONE_06_END
V_A,mission_parallel,126,37.2887025938,127.1074555423,-0.575463808,34.720371564,-1,10,1,NONE,AAA_V_IN,AAA_V_OUT,-17.190465000,-30.546898000,0.255620974997,ZONE_06_END
V_A,mission_parallel,127,37.2887023275,127.1074570305,-0.706166759,34.686213910,-1,10,1,NONE,AAA_V_IN,AAA_V_OUT,-17.058665000,-30.576542000,0.259321719551,ZONE_06_END
V_A,mission_parallel,128,37.2887020365,127.1074586851,-0.851225732,34.647730433,-1,10,1,NONE,AAA_V_IN,AAA_V_OUT,-16.912125000,-30.608932000,0.250096323737,ZONE_06_END
V_A,mission_parallel,129,37.2887017198,127.1074604103,-1.003160467,34.608919536,-1,10,1,NONE,AAA_V_IN,AAA_V_OUT,-16.759326000,-30.644187000,0.184661310678,ZONE_06_END
V_A,mission_parallel,130,37.2887012419,127.1074624076,-1.184738453,34.575002709,-1,10,1,NONE,AAA_V_IN,AAA_V_OUT,-16.582437000,-30.697396000,0.135886505723,ZONE_06_END
V_A,mission_parallel,131,37.2887007121,127.1074642842,-1.359461014,34.551113047,-1,10,1,NONE,AAA_V_IN,AAA_V_OUT,-16.416241000,-30.756367000,0.174368201140,ZONE_06_END
V_A,mission_parallel,132,37.2887001087,127.1074667147,-1.581536526,34.511992860,-1,10,1,NONE,AAA_V_IN,AAA_V_OUT,-16.200984000,-30.823541000,0.100799981149,ZONE_06_END
V_A,mission_parallel,133,37.2886995318,127.1074685512,-1.755521942,34.494395493,-1,10,1,NONE,AAA_V_IN,AAA_V_OUT,-16.038331000,-30.887764000,0.102688090356,ZONE_06_END
V_A,mission_parallel,134,37.2886988074,127.1074708700,-1.974992841,34.471778893,-1,10,1,NONE,AAA_V_IN,AAA_V_OUT,-15.832963000,-30.968405000,0.102688090356,ZONE_06_END
V_A,mission_parallel,135,37.2886997124,127.1074678470,-1.690881863,34.505162687,1,10,2,NONE,AAA_V_IN,AAA_V_OUT,-16.100702000,-30.867661000,0.184917391486,ZONE_06_END
V_A,mission_parallel,136,37.2887001935,127.1074658348,-1.507972753,34.539376630,1,10,2,NONE,AAA_V_IN,AAA_V_OUT,-16.278910000,-30.814105000,0.146822306619,ZONE_06_END
V_A,mission_parallel,137,37.2887007765,127.1074636954,-1.309846712,34.568676794,1,10,2,NONE,AAA_V_IN,AAA_V_OUT,-16.468382000,-30.749199000,0.153695424081,ZONE_06_END
V_A,mission_parallel,138,37.2887013587,127.1074615103,-1.108162071,34.599921211,1,10,2,NONE,AAA_V_IN,AAA_V_OUT,-16.661908000,-30.684387000,0.220600827277,ZONE_06_END
V_A,mission_parallel,139,37.2887017317,127.1074597211,-0.948322762,34.635765236,1,10,2,NONE,AAA_V_IN,AAA_V_OUT,-16.820368000,-30.642868000,0.254216859596,ZONE_06_END
V_A,mission_parallel,140,37.2887020813,127.1074577803,-0.777745100,34.680087895,1,10,2,NONE,AAA_V_IN,AAA_V_OUT,-16.992260000,-30.603953000,0.250634224376,ZONE_06_END
V_A,mission_parallel,141,37.2887023911,127.1074560882,-0.628771705,34.718227707,1,10,2,NONE,AAA_V_IN,AAA_V_OUT,-17.142120000,-30.569461000,0.244624273782,ZONE_06_END
V_A,mission_parallel,142,37.2887027499,127.1074541814,-0.460407594,34.760255345,1,10,2,NONE,AAA_V_IN,AAA_V_OUT,-17.310992000,-30.529523000,0.310951789267,ZONE_06_END
V_A,mission_parallel,143,37.2887030194,127.1074521580,-0.287425432,34.815847881,1,10,2,NONE,AAA_V_IN,AAA_V_OUT,-17.490193000,-30.499517000,0.389144929446,ZONE_06_END
V_A,mission_parallel,144,37.2887031420,127.1074504065,-0.143346527,34.874928260,1,10,2,NONE,AAA_V_IN,AAA_V_OUT,-17.645316000,-30.485876000,0.451247448500,ZONE_06_END
V_A,mission_parallel,145,37.2887031808,127.1074485013,0.008548545,34.948535780,1,10,2,NONE,AAA_V_IN,AAA_V_OUT,-17.814051000,-30.481554000,0.506146862928,ZONE_06_END
V_A,mission_parallel,146,37.2887031262,127.1074461575,0.190181625,35.049216968,1,10,2,NONE,AAA_V_IN,AAA_V_OUT,-18.021633000,-30.487636000,0.597089817302,ZONE_06_END
V_A,mission_parallel,147,37.2887029261,127.1074440762,0.343725654,35.153607409,1,10,2,NONE,AAA_V_IN,AAA_V_OUT,-18.205962000,-30.509906000,0.517286774299,ZONE_06_END
V_A,mission_parallel,148,37.2887028656,127.1074421972,0.488486773,35.235971378,1,10,2,NONE,AAA_V_IN,AAA_V_OUT,-18.372378000,-30.516638000,0.458712600910,ZONE_06_END
V_A,mission_parallel,149,37.2887029022,127.1074396627,0.689780451,35.335379531,1,10,2,NONE,AAA_V_IN,AAA_V_OUT,-18.596843000,-30.512565000,0.470273772573,ZONE_06_END
V_A,mission_parallel,150,37.2887029146,127.1074372921,0.876949470,35.430519482,1,10,2,NONE,AAA_V_IN,AAA_V_OUT,-18.806800000,-30.511183000,0.574953842381,ZONE_06_END
V_A,mission_parallel,151,37.2887027389,127.1074350470,1.044620541,35.539166975,1,10,2,NONE,AAA_V_IN,AAA_V_OUT,-19.005634000,-30.530751000,0.616055058246,ZONE_06_END
V_A,mission_parallel,152,37.2887024478,127.1074324358,1.235211828,35.674099918,1,10,2,NONE,AAA_V_IN,AAA_V_OUT,-19.236896000,-30.563152000,0.616014431442,ZONE_06_END
V_A,mission_parallel,153,37.2887021568,127.1074298246,1.425805038,35.809022600,1,10,2,NONE,AAA_V_IN,AAA_V_OUT,-19.468155000,-30.595543000,0.555719245893,ZONE_06_END
V_A,mission_parallel,154,37.2887020054,127.1074274156,1.607621440,35.921930965,1,10,2,NONE,AAA_V_IN,AAA_V_OUT,-19.681512000,-30.612404000,0.524087789995,ZONE_06_END
V_A,mission_parallel,155,37.2887019024,127.1074246790,1.817693274,36.043353004,1,10,2,NONE,AAA_V_IN,AAA_V_OUT,-19.923880000,-30.623860000,0.538910301856,ZONE_06_END
V_A,mission_parallel,156,37.2887017753,127.1074221061,2.013637178,36.160517533,1,10,2,NONE,AAA_V_IN,AAA_V_OUT,-20.151742000,-30.638018000,0.637418125466,ZONE_06_END
V_A,mission_parallel,157,37.2887014599,127.1074196587,2.190099615,36.291194742,1,10,2,NONE,AAA_V_IN,AAA_V_OUT,-20.368498000,-30.673123000,0.654633953324,ZONE_06_END
V_A,mission_parallel,158,37.2887010731,127.1074169529,2.383246388,36.439443054,1,10,2,NONE,AAA_V_IN,AAA_V_OUT,-20.608142000,-30.716181000,0.593622746538,ZONE_06_END
V_A,mission_parallel,159,37.2887008536,127.1074146003,2.557139241,36.556788606,1,10,2,NONE,AAA_V_IN,AAA_V_OUT,-20.816496000,-30.740621000,0.555731506920,ZONE_06_END
V_A,mission_parallel,160,37.2887007021,127.1074121914,2.738947617,36.669695076,1,10,2,NONE,AAA_V_IN,AAA_V_OUT,-21.029845000,-30.757484000,0.439461336618,ZONE_06_END
V_A,mission_parallel,161,37.2887007873,127.1074093290,2.968521693,36.777623048,1,10,2,NONE,AAA_V_IN,AAA_V_OUT,-21.283346000,-30.748000000,0.470292291831,ZONE_06_END
V_A,mission_parallel,162,37.2887007997,127.1074069586,3.155673772,36.872758750,1,10,2,NONE,AAA_V_IN,AAA_V_OUT,-21.493286000,-30.746622000,0.538910301856,ZONE_06_END
V_A,mission_parallel,163,37.2887006725,127.1074043858,3.351617675,36.989923278,1,10,2,NONE,AAA_V_IN,AAA_V_OUT,-21.721148000,-30.760780000,0.492785437455,ZONE_06_END
V_A,mission_parallel,164,37.2887006377,127.1074016443,3.565556119,37.104802100,1,10,2,NONE,AAA_V_IN,AAA_V_OUT,-21.963948000,-30.764648000,0.410195164510,ZONE_06_END
V_A,mission_parallel,165,37.2887007701,127.1073991530,3.768344718,37.192987411,1,10,2,NONE,AAA_V_IN,AAA_V_OUT,-22.184590000,-30.749918000,0.366403718353,ZONE_06_END
V_A,mission_parallel,166,37.2887010192,127.1073963293,4.003258202,37.283131140,1,10,2,NONE,AAA_V_IN,AAA_V_OUT,-22.434672000,-30.722183000,0.366448483421,ZONE_06_END
V_A,mission_parallel,167,37.2887012682,127.1073935055,4.238169303,37.373286019,1,10,2,NONE,AAA_V_IN,AAA_V_OUT,-22.684757000,-30.694459000,0.448455024744,ZONE_06_END
V_A,mission_parallel,168,37.2887013292,127.1073908072,4.453602668,37.476941999,1,10,2,NONE,AAA_V_IN,AAA_V_OUT,-22.923734000,-30.687670000,0.366448045519,ZONE_06_END
V_A,mission_parallel,169,37.2887015783,127.1073879835,4.688512881,37.567096418,1,10,2,NONE,AAA_V_IN,AAA_V_OUT,-23.173818000,-30.659946000,0.439413918212,ZONE_06_END
V_A,mission_parallel,170,37.2887016636,127.1073851212,4.918091576,37.675013270,1,10,2,NONE,AAA_V_IN,AAA_V_OUT,-23.427318000,-30.650450000,0.371051229422,ZONE_06_END
V_A,mission_parallel,171,37.2887018883,127.1073824614,5.138857347,37.760907277,1,10,2,NONE,AAA_V_IN,AAA_V_OUT,-23.662880000,-30.625433000,0.362358093033,ZONE_06_END
V_A,mission_parallel,172,37.2887021617,127.1073794738,5.387903975,37.855320215,1,10,2,NONE,AAA_V_IN,AAA_V_OUT,-23.927478000,-30.595004000,0.439424408263,ZONE_06_END
V_A,mission_parallel,173,37.2887022469,127.1073766116,5.617473297,37.963235600,1,10,2,NONE,AAA_V_IN,AAA_V_OUT,-24.180969000,-30.585511000,0.448458136970,ZONE_06_END
V_A,mission_parallel,174,37.2887023079,127.1073739134,5.832898207,38.066888337,1,10,2,NONE,AAA_V_IN,AAA_V_OUT,-24.419937000,-30.578723000,0.439468036317,ZONE_06_END
V_A,mission_parallel,175,37.2887023931,127.1073710512,6.062464257,38.174814414,1,10,2,NONE,AAA_V_IN,AAA_V_OUT,-24.673430000,-30.569241000,0.370995582612,ZONE_06_END
V_A,mission_parallel,176,37.2887026179,127.1073683913,6.283242673,38.260699196,1,10,2,NONE,AAA_V_IN,AAA_V_OUT,-24.908999000,-30.544210000,0.366448036547,ZONE_06_END
V_A,mission_parallel,177,37.2887028670,127.1073655675,6.518161340,38.350856858,1,10,2,NONE,AAA_V_IN,AAA_V_OUT,-25.159092000,-30.516485000,0.362358521983,ZONE_06_END
V_A,mission_parallel,178,37.2887031404,127.1073625799,6.767208857,38.445270255,1,10,2,NONE,AAA_V_IN,AAA_V_OUT,-25.423691000,-30.486056000,0.458663368579,ZONE_06_END
V_A,mission_parallel,179,37.2887031770,127.1073600454,6.968504918,38.544667258,1,10,2,NONE,AAA_V_IN,AAA_V_OUT,-25.648153000,-30.481972000,0.366448483421,ZONE_06_END
V_A,mission_parallel,180,37.2887034261,127.1073572217,7.203416019,38.634822137,1,10,2,NONE,AAA_V_IN,AAA_V_OUT,-25.898238000,-30.454248000,0.318077766806,ZONE_06_END
V_A,mission_parallel,181,37.2887037405,127.1073547539,7.413656306,38.704045313,1,10,2,NONE,AAA_V_IN,AAA_V_OUT,-26.116797000,-30.419251000,0.267211342894,ZONE_06_END
V_A,mission_parallel,182,37.2887041548,127.1073523063,7.627416537,38.762563927,1,10,2,NONE,AAA_V_IN,AAA_V_OUT,-26.333570000,-30.373128000,0.214219460760,ZONE_06_END
V_A,mission_parallel,183,37.2887047073,127.1073497231,7.858906259,38.812926273,1,10,2,NONE,AAA_V_IN,AAA_V_OUT,-26.562351000,-30.311621000,0.209015507994,ZONE_06_END
V_A,mission_parallel,184,37.2887052355,127.1073473038,8.076258676,38.859029643,1,10,2,NONE,AAA_V_IN,AAA_V_OUT,-26.776617000,-30.252819000,0.292626630714,ZONE_06_END
V_A,mission_parallel,185,37.2887055756,127.1073450100,8.274123867,38.918641591,1,10,2,NONE,AAA_V_IN,AAA_V_OUT,-26.979770000,-30.214963000,0.247811309832,ZONE_06_END
V_A,mission_parallel,186,37.2887059932,127.1073427588,8.472589518,38.968855748,1,10,2,NONE,AAA_V_IN,AAA_V_OUT,-27.179143000,-30.168482000,0.174124657409,ZONE_06_END
V_A,mission_parallel,187,37.2887062980,127.1073415320,8.584701683,38.988576956,1,10,2,NONE,AAA_V_IN,AAA_V_OUT,-27.287800000,-30.134545000,0.140047447299,ZONE_06_END
V_A,mission_parallel,188,37.2887066218,127.1073403697,8.692694575,39.003800745,1,10,2,NONE,AAA_V_IN,AAA_V_OUT,-27.390733000,-30.098503000,0.206858219757,ZONE_06_END
V_A,mission_parallel,189,37.2887070192,127.1073385647,8.855030652,39.037868614,1,10,2,NONE,AAA_V_IN,AAA_V_OUT,-27.550596000,-30.054260000,0.226878877086,ZONE_06_END
V_A,mission_parallel,190,37.2887074409,127.1073364886,9.039938876,39.080555329,1,10,2,NONE,AAA_V_IN,AAA_V_OUT,-27.734469000,-30.007314000,0.198559074617,ZONE_06_END
V_A,mission_parallel,191,37.2887079330,127.1073343241,9.235389397,39.119881994,1,10,2,NONE,AAA_V_IN,AAA_V_OUT,-27.926166000,-29.952544000,0.208879137086,ZONE_06_END
V_A,mission_parallel,192,37.2887084896,127.1073317761,9.464315130,39.168407597,1,10,2,NONE,AAA_V_IN,AAA_V_OUT,-28.151826000,-29.890582000,0.188270326149,ZONE_06_END
V_A,mission_parallel,193,37.2887090493,127.1073294062,9.679391201,39.209385349,1,10,2,NONE,AAA_V_IN,AAA_V_OUT,-28.361717000,-29.828271000,0.258184981937,ZONE_06_END
V_A,mission_parallel,194,37.2887094618,127.1073270734,9.884027152,39.263425410,1,10,2,NONE,AAA_V_IN,AAA_V_OUT,-28.568328000,-29.782357000,0.239023223741,ZONE_06_END
V_A,mission_parallel,195,37.2887099331,127.1073246294,10.100414533,39.316155050,1,10,2,NONE,AAA_V_IN,AAA_V_OUT,-28.784778000,-29.729885000,0.248580197235,ZONE_06_END
V_A,mission_parallel,196,37.2887106107,127.1073209635,10.423490151,39.398161365,1,10,2,NONE,AAA_V_IN,AAA_V_OUT,-29.109452000,-29.654455000,0.249287913089,ZONE_06_END
V_A,mission_parallel,197,37.2887112588,127.1073174456,10.733405702,39.477060764,1,10,2,NONE,AAA_V_IN,AAA_V_OUT,-29.421008000,-29.582305000,0.234936766370,ZONE_06_END
V_A,mission_parallel,198,37.2887118186,127.1073145943,10.986359626,39.537607017,1,10,2,NONE,AAA_V_IN,AAA_V_OUT,-29.673533000,-29.519994000,0.259744411429,ZONE_06_END
V_A,mission_parallel,199,37.2887122605,127.1073120763,11.207068389,39.596259904,1,10,2,NONE,AAA_V_IN,AAA_V_OUT,-29.896541000,-29.470801000,0.259744411429,ZONE_06_END
END_common,END_COMMON,0,37.2887130719,127.1073073805,11.618020397,39.706896351,1,11,2,NONE,,,-30.312429000,-29.380473000,0.228977563697,ZONE_06_END
END_common,END_COMMON,1,37.2887135118,127.1073051960,11.812377228,39.752194152,1,11,2,NONE,,,-30.505895000,-29.331510000,0.217163438949,ZONE_06_END
END_common,END_COMMON,2,37.2887139725,127.1073030166,12.007407138,39.795226116,1,11,2,NONE,,,-30.698919000,-29.280225000,0.218897605854,ZONE_06_END
END_common,END_COMMON,3,37.2887144303,127.1073008355,12.202414983,39.838607987,1,11,2,STOP_LINE,,,-30.892084000,-29.229261000,0.216617875147,ZONE_06_END
END_common,END_COMMON,4,37.2887148921,127.1072986554,12.397558298,39.881553341,1,11,2,NONE,,,-31.085169000,-29.177847000,0.217726457125,ZONE_06_END
END_common,END_COMMON,5,37.2887153522,127.1072964740,12.592707544,39.924726872,1,11,2,NONE,,,-31.278364000,-29.126633000,0.195138278630,ZONE_06_END
END_common,END_COMMON,6,37.2887158510,127.1072943077,12.788646322,39.963454853,1,11,2,NONE,,,-31.470220000,-29.071107000,0.178658601599,ZONE_06_END
END_common,END_COMMON,7,37.2887163780,127.1072921526,12.985146306,39.998939617,1,11,2,NONE,,,-31.661086000,-29.012442000,0.184245626843,ZONE_06_END
END_common,END_COMMON,8,37.2887168954,127.1072899937,13.181459568,40.035524391,1,11,2,NONE,,,-31.852291000,-28.954840000,0.157368236249,ZONE_06_END
END_common,END_COMMON,9,37.2887174577,127.1072878574,13.378280506,40.066755996,1,11,2,NONE,,,-32.041490000,-28.892249000,0.137190985606,ZONE_06_END
END_common,END_COMMON,10,37.2887180538,127.1072857371,13.575571041,40.093993576,1,11,2,NONE,,,-32.229273000,-28.825894000,0.147937513869,ZONE_06_END
END_common,END_COMMON,11,37.2887186320,127.1072836077,13.772673248,40.123366984,1,11,2,NONE,,,-32.417869000,-28.761523000,0.123138728726,ZONE_06_END
END_common,END_COMMON,12,37.2887192530,127.1072814940,13.970716300,40.147877766,1,11,2,NONE,,,-32.605069000,-28.692400000,0.065162606422,ZONE_06_END
END_common,END_COMMON,13,37.2887199691,127.1072794324,14.169525384,40.160851052,1,11,2,NONE,,,-32.787654000,-28.612675000,0.007450072510,ZONE_06_END
END_common,END_COMMON,14,37.2887207790,127.1072774256,14.368807349,40.162335744,1,11,2,NONE,,,-32.965386000,-28.522526000,-0.009188382995,ZONE_06_END
END_common,END_COMMON,15,37.2887216124,127.1072754427,14.567415191,40.160510808,1,11,2,NONE,,,-33.141000000,-28.429746000,-0.044829667262,ZONE_06_END
END_common,END_COMMON,16,37.2887225060,127.1072734886,14.766830461,40.151565094,1,11,2,NONE,,,-33.314063000,-28.330269000,-0.054645973193,ZONE_06_END
END_common,END_COMMON,17,37.2887234123,127.1072715512,14.965582851,40.140693252,1,11,2,NONE,,,-33.485653000,-28.229385000,-0.035032507463,ZONE_06_END
END_common,END_COMMON,18,37.2887242811,127.1072696074,15.162924237,40.133777059,1,11,2,NONE,,,-33.657805000,-28.132663000,-0.065007853067,ZONE_06_END
END_common,END_COMMON,19,37.2887251949,127.1072676995,15.359733452,40.120964861,1,11,2,NONE,,,-33.826778000,-28.030947000,-0.145482015501,ZONE_06_END
END_common,END_COMMON,20,37.2887262299,127.1072658862,15.555296554,40.092311512,1,11,2,NONE,,,-33.987373000,-27.915729000,-0.218602837686,ZONE_06_END
END_common,END_COMMON,21,37.2887273703,127.1072641686,15.748712292,40.049343654,1,11,2,NONE,,,-34.139490000,-27.788779000,-0.258083817657,ZONE_06_END
END_common,END_COMMON,22,37.2887285670,127.1072625044,15.940804411,39.998636944,1,11,2,NONE,,,-34.286879000,-27.655561000,-0.323858492559,ZONE_06_END
END_common,END_COMMON,23,37.2887298487,127.1072609421,16.129228362,39.935387332,1,11,2,NONE,,,-34.425252000,-27.512883000,-0.366209620806,ZONE_06_END
END_common,END_COMMON,24,37.2887311840,127.1072594469,16.315098615,39.864104427,1,11,2,NONE,,,-34.557669000,-27.364240000,-0.378192323210,ZONE_06_END
END_common,END_COMMON,25,37.2887325376,127.1072579675,16.500671587,39.790372913,1,11,2,NONE,,,-34.688698000,-27.213558000,-0.468146034101,ZONE_06_END
END_common,END_COMMON,26,37.2887339901,127.1072566480,16.678710655,39.700349996,1,11,2,NONE,,,-34.805556000,-27.051860000,-0.523212476564,ZONE_06_END
END_common,END_COMMON,27,37.2887355004,127.1072554293,16.851768456,39.600524144,1,11,2,NONE,,,-34.913489000,-26.883739000,-0.586115063879,ZONE_06_END
END_common,END_COMMON,28,37.2887370676,127.1072543330,17.018105585,39.490085664,1,11,2,NONE,,,-35.010580000,-26.709274000,-0.630966408939,ZONE_06_END
END_common,END_COMMON,29,37.2887386736,127.1072533254,17.179450353,39.372207833,1,11,2,NONE,,,-35.099821000,-26.530491000,-0.589356833383,ZONE_06_END
END_common,END_COMMON,30,37.2887402452,127.1072522345,17.345592094,39.261121387,1,11,2,NONE,,,-35.196441000,-26.355540000,-0.621428961640,ZONE_06_END
END_common,END_COMMON,31,37.2887418442,127.1072512072,17.508121558,39.144739163,1,11,2,NONE,,,-35.287421000,-26.177542000,-0.682608480109,ZONE_06_END
END_common,END_COMMON,32,37.2887434891,127.1072503053,17.663130757,39.018719047,1,11,2,NONE,,,-35.367296000,-25.994433000,-0.749063701832,ZONE_06_END
END_common,END_COMMON,33,37.2887451786,127.1072495425,17.809476717,38.882639388,1,11,2,NONE,,,-35.434857000,-25.806363000,-0.810279841709,ZONE_06_END
END_common,END_COMMON,34,37.2887468982,127.1072489124,17.946921237,38.738179157,1,11,2,NONE,,,-35.490663000,-25.614933000,-0.886642840043,ZONE_06_END
END_common,END_COMMON,35,37.2887486548,127.1072484480,18.073213507,38.583324609,1,11,2,NONE,,,-35.531790000,-25.419387000,-0.915819616839,ZONE_06_END
END_common,END_COMMON,36,37.2887504205,127.1072480485,18.194866082,38.424940779,1,11,2,NONE,,,-35.567175000,-25.222835000,-0.944200856809,ZONE_06_END
END_common,END_COMMON,37,37.2887521943,127.1072477121,18.311966850,38.263179997,1,11,2,NONE,,,-35.596966000,-25.025372000,-0.957436829541,ZONE_06_END
END_common,END_COMMON,38,37.2887539708,127.1072474054,18.426870457,38.099948698,1,11,2,NONE,,,-35.624130000,-24.827611000,-1.014245120214,ZONE_06_END
END_common,END_COMMON,39,37.2887557539,127.1072472264,18.532063626,37.930870114,1,11,2,NONE,,,-35.639983000,-24.629112000,-1.076458014745,ZONE_06_END
END_common,END_COMMON,40,37.2887575424,127.1072471871,18.626538543,37.755583416,1,11,2,NONE,,,-35.643464000,-24.430017000,-1.131501183517,ZONE_06_END
END_common,END_COMMON,41,37.2887593317,127.1072472716,18.711311192,37.575185271,1,11,2,NONE,,,-35.635979000,-24.230834000,-1.151923251885,ZONE_06_END
END_common,END_COMMON,42,37.2887611216,127.1072474022,18.792488400,37.392855358,1,11,2,NONE,,,-35.624413000,-24.031585000,-1.142459512883,ZONE_06_END
END_common,END_COMMON,43,37.2887629129,127.1072475115,18.875414279,37.211243126,1,11,2,NONE,,,-35.614730000,-23.832171000,-1.151780812691,ZONE_06_END
END_common,END_COMMON,44,37.2887647051,127.1072476419,18.956718672,37.028697528,1,11,2,NONE,,,-35.603178000,-23.632672000,-1.167048521516,ZONE_06_END
END_common,END_COMMON,45,37.2887664941,127.1072478066,19.035170558,36.845063208,1,11,2,NONE,,,-35.588592000,-23.433515000,-1.193561543351,ZONE_06_END
END_common,END_COMMON,46,37.2887682745,127.1072480303,19.108539674,36.659885815,1,11,2,NONE,,,-35.568782000,-23.235320000,-1.249763070664,ZONE_06_END
END_common,END_COMMON,47,37.2887700479,127.1072483805,19.171597100,36.470260251,1,11,2,NONE,,,-35.537769000,-23.037906000,-1.275264225428,ZONE_06_END
END_common,END_COMMON,48,37.2887718135,127.1072487874,19.229796203,36.279097262,1,11,2,NONE,,,-35.501734000,-22.841356000,-1.288888435502,ZONE_06_END
END_common,END_COMMON,49,37.2887735748,127.1072492245,19.285390694,36.087141329,1,11,2,NONE,,,-35.463021000,-22.645297000,-1.283076013079,ZONE_06_END
END_common,END_COMMON,50,37.2887753382,127.1072496488,19.342107855,35.895485125,1,11,2,NONE,,,-35.425443000,-22.448989000,-1.300337141877,ZONE_06_END
END_common,END_COMMON,51,37.2887770953,127.1072501112,19.395499753,35.702910170,1,11,2,NONE,,,-35.384489000,-22.253391000,-1.266978680065,ZONE_06_END
END_common,END_COMMON,52,37.2887788642,127.1072504998,19.455301133,35.512170874,1,11,2,NONE,,,-35.350072000,-22.056482000,-1.281049025684,ZONE_06_END
END_common,END_COMMON,53,37.2887806283,127.1072509196,19.512408183,35.320624924,1,11,2,NONE,,,-35.312891000,-21.860093000,-1.320976016605,ZONE_06_END
END_common,END_COMMON,54,37.2887823763,127.1072514272,19.561782704,35.127113580,1,11,2,NONE,,,-35.267938000,-21.665507000,-1.359287874116,ZONE_06_END
END_common,END_COMMON,55,37.2887841079,127.1072520186,19.603716121,34.931820040,1,11,2,NONE,,,-35.215556000,-21.472753000,-1.379068766471,ZONE_06_END
END_common,END_COMMON,56,37.2887858303,127.1072526532,19.641789784,34.735677169,1,11,2,NONE,,,-35.159355000,-21.281016000,-1.350847450054,ZONE_06_END
END_common,END_COMMON,57,37.2887875668,127.1072532266,19.685398188,34.540618646,1,11,2,NONE,,,-35.108569000,-21.087702000,-1.352186363026,ZONE_06_END
END_common,END_COMMON,58,37.2887893029,127.1072538030,19.728748116,34.345489620,1,11,2,NONE,,,-35.057521000,-20.894444000,-1.387461097396,ZONE_06_END
END_common,END_COMMON,59,37.2887910196,127.1072544552,19.765145300,34.149190876,1,11,2,NONE,,,-34.999759000,-20.703338000,-1.434932243756,ZONE_06_END
END_common,END_COMMON,60,37.2887927101,127.1072552092,19.792191094,33.951352159,1,11,2,NONE,,,-34.932982000,-20.515156000,-1.408394150206,ZONE_06_END
END_common,END_COMMON,61,37.2887944116,127.1072559048,19.824396986,33.754789185,1,11,2,NONE,,,-34.871375000,-20.325739000,-1.418492638060,ZONE_06_END
END_common,END_COMMON,62,37.2887961106,127.1072566233,19.854672111,33.557547271,1,11,2,NONE,,,-34.807741000,-20.136605000,-1.409499517114,ZONE_06_END
END_common,END_COMMON,63,37.2887978173,127.1072573237,19.886769205,33.360282015,1,11,2,NONE,,,-34.745715000,-19.946614000,-1.405886163746,ZONE_06_END
END_common,END_COMMON,64,37.2887995262,127.1072580163,19.919580967,33.163121463,1,11,2,NONE,,,-34.684372000,-19.756388000,-1.452041629561,ZONE_06_END
END_common,END_COMMON,65,37.2888012076,127.1072588072,19.943258435,32.964678293,1,11,2,NONE,,,-34.614325000,-19.569215000,-1.457322878629,ZONE_06_END
END_common,END_COMMON,66,37.2888028859,127.1072596094,19.965890887,32.766083566,1,11,2,NONE,,,-34.543280000,-19.382387000,-1.464311642278,ZONE_06_END
END_common,END_COMMON,67,37.2888045552,127.1072604241,19.987078210,32.567865568,1,11,2,NONE,,,-34.471124000,-19.196557000,-1.498361839170,ZONE_06_END
END_common,END_COMMON,68,37.2888062015,127.1072613098,20.001505285,32.369039908,1,11,2,NONE,,,-34.392683000,-19.013290000,-1.498420127917,ZONE_06_END
END_common,END_COMMON,69,37.2888078517,127.1072621977,20.015955191,32.169738672,1,11,2,NONE,,,-34.314044000,-18.829590000,-1.547672137302,ZONE_06_END
END_common,END_COMMON,70,37.2888094653,127.1072631868,20.020576053,31.969946223,1,11,2,NONE,,,-34.226447000,-18.649965000,-1.539651605092,ZONE_06_END
END_common,END_COMMON,71,37.2888110803,127.1072641567,20.026780735,31.770789668,1,11,2,NONE,,,-34.140549000,-18.470178000,-1.493464656347,ZONE_06_END
END_common,END_COMMON,72,37.2888127335,127.1072650341,20.042213777,31.571618151,1,11,2,NONE,,,-34.062843000,-18.286142000,-1.520364910400,ZONE_06_END
END_common,END_COMMON,73,37.2888143679,127.1072659673,20.052287420,31.372038166,1,11,2,NONE,,,-33.980188000,-18.104203000,-1.563712486005,ZONE_06_END
END_common,END_COMMON,74,37.2888159688,127.1072669889,20.053703165,31.172185937,1,11,2,NONE,,,-33.889716000,-17.925996000,-1.529863312846,ZONE_06_END
END_common,END_COMMON,75,37.2888175958,127.1072679415,20.061879395,30.972550923,1,11,2,NONE,,,-33.805350000,-17.744879000,-1.543899963532,ZONE_06_END
END_common,END_COMMON,76,37.2888192122,127.1072689228,20.067253392,30.772795258,1,11,2,NONE,,,-33.718439000,-17.564941000,-1.544164440515,ZONE_06_END
END_common,END_COMMON,77,37.2888208252,127.1072699027,20.072564058,30.573432338,1,11,2,NONE,,,-33.631652000,-17.385381000,-1.570192956271,ZONE_06_END
END_common,END_COMMON,78,37.2888224125,127.1072709319,20.072684026,30.374602408,1,11,2,NONE,,,-33.540498000,-17.208677000,-1.581181804673,ZONE_06_END
END_common,END_COMMON,79,37.2888239982,127.1072719880,20.070609431,30.174850327,1,11,2,NONE,,,-33.446971000,-17.032161000,-1.589125397541,ZONE_06_END
END_common,END_COMMON,80,37.2888255749,127.1072730583,20.066953345,29.975403402,1,11,2,NONE,,,-33.352179000,-16.856642000,-1.638557449724,ZONE_06_END
END_common,END_COMMON,81,37.2888271093,127.1072742265,20.053431370,29.776155336,1,11,2,NONE,,,-33.248713000,-16.685828000,-1.650958153437,ZONE_06_END
END_common,END_COMMON,82,37.2888286334,127.1072754195,20.037426838,29.576930384,1,11,2,NONE,,,-33.143052000,-16.516174000,-1.644927152091,ZONE_06_END
END_common,END_COMMON,83,37.2888301627,127.1072766007,20.022627780,29.377661870,1,11,2,NONE,,,-33.038442000,-16.345928000,-1.646423991037,ZONE_06_END
END_common,END_COMMON,84,37.2888316879,127.1072777827,20.007557203,29.178768593,1,11,2,NONE,,,-32.933763000,-16.176140000,-1.686832807612,ZONE_06_END
END_common,END_COMMON,85,37.2888331736,127.1072790409,19.984468344,28.980683138,1,11,2,NONE,,,-32.822331000,-16.010750000,-1.723375592365,ZONE_06_END
END_common,END_COMMON,86,37.2888346242,127.1072803686,19.954108365,28.783251234,1,11,2,NONE,,,-32.704739000,-15.849278000,-1.719905048829,ZONE_06_END
END_common,END_COMMON,87,37.2888360794,127.1072816910,19.924411424,28.585566445,1,11,2,NONE,,,-32.587620000,-15.687277000,-1.729031323199,ZONE_06_END
END_common,END_COMMON,88,37.2888375247,127.1072830297,19.892918941,28.388206795,1,11,2,NONE,,,-32.469055000,-15.526389000,-1.809149928643,ZONE_06_END
END_common,END_COMMON,89,37.2888388793,127.1072845087,19.845760295,28.194116256,1,11,2,NONE,,,-32.338072000,-15.375596000,-1.770560362882,ZONE_06_END
END_common,END_COMMON,90,37.2888402764,127.1072859189,19.806177976,27.998613633,1,11,2,NONE,,,-32.213172000,-15.220071000,-1.840901786895,ZONE_06_END
END_common,END_COMMON,91,37.2888415898,127.1072874476,19.753007130,27.806572154,1,11,2,NONE,,,-32.077788000,-15.073858000,-1.866304185732,ZONE_06_END
END_common,END_COMMON,92,37.2888428737,127.1072890198,19.694897224,27.615685538,1,11,2,NONE,,,-31.938546000,-14.930938000,-1.880216792539,ZONE_06_END
END_common,END_COMMON,93,37.2888441409,127.1072906153,19.634097650,27.425501809,1,11,2,NONE,,,-31.797237000,-14.789877000,-1.953188408355,ZONE_06_END
END_common,END_COMMON,94,37.2888453130,127.1072923240,19.559537152,27.240115126,1,11,2,NONE,,,-31.645904000,-14.659394000,-1.985920886150,ZONE_06_END
END_common,END_COMMON,95,37.2888464401,127.1072940802,19.478943400,27.057253995,1,11,2,NONE,,,-31.490370000,-14.533924000,-2.040114566659,ZONE_06_END
END_common,END_COMMON,96,37.2888474897,127.1072959101,19.388582979,26.879066453,1,11,2,NONE,,,-31.328304000,-14.417089000,-2.053232629927,ZONE_06_END
END_common,END_COMMON,97,37.2888485192,127.1072977557,19.295968093,26.702223092,1,11,2,NONE,,,-31.164852000,-14.302483000,-2.057563379792,ZONE_06_END
END_common,END_COMMON,98,37.2888495384,127.1072995998,19.202944081,26.526454889,1,11,2,NONE,,,-31.001530000,-14.189020000,-2.095665704823,ZONE_06_END
END_common,END_COMMON,99,37.2888505012,127.1073014916,19.103274552,26.354327649,1,11,2,NONE,,,-30.833975000,-14.081842000,-2.108777107205,ZONE_06_END
END_common,END_COMMON,100,37.2888514485,127.1073034080,19.000889790,26.182739263,1,11,2,NONE,,,-30.664255000,-13.976389000,-2.108905660498,ZONE_06_END
END_common,END_COMMON,101,37.2888523959,127.1073053251,18.898450122,26.011109005,1,11,2,NONE,,,-30.494467000,-13.870924000,-2.165014585749,ZONE_06_END
END_common,END_COMMON,102,37.2888532562,127.1073073057,18.786557715,25.845509869,1,11,2,NONE,,,-30.319049000,-13.775156000,-2.206522907379,ZONE_06_END
END_common,END_COMMON,103,37.2888540496,127.1073093276,18.668004409,25.684851657,1,11,2,NONE,,,-30.139981000,-13.686835000,-2.250198598696,ZONE_06_END
END_common,END_COMMON,104,37.2888547714,127.1073113892,18.542668626,25.529670360,1,11,2,NONE,,,-29.957401000,-13.606493000,-2.294022057822,ZONE_06_END
END_common,END_COMMON,105,37.2888554209,127.1073134896,18.410581954,25.380046453,1,11,2,NONE,,,-29.771374000,-13.534187000,-2.329273914156,ZONE_06_END
END_common,END_COMMON,106,37.2888560119,127.1073156205,18.273115122,25.234971599,1,11,2,NONE,,,-29.582655000,-13.468392000,-2.365084149168,ZONE_06_END
END_common,END_COMMON,107,37.2888565417,127.1073177759,18.130583912,25.094952233,1,11,2,NONE,,,-29.391757000,-13.409413000,-2.400425130102,ZONE_06_END
END_common,END_COMMON,108,37.2888570104,127.1073199523,17.983281997,24.960136697,1,11,2,NONE,,,-29.199009000,-13.357247000,-2.453449205271,ZONE_06_END
END_common,END_COMMON,109,37.2888573865,127.1073221566,17.829053726,24.833327178,1,11,2,NONE,,,-29.003782000,-13.315373000,-2.483078302478,ZONE_06_END
END_common,END_COMMON,110,37.2888577108,127.1073243756,17.671022919,24.711054453,1,11,2,NONE,,,-28.807259000,-13.279275000,-2.492013519847,ZONE_06_END
END_common,END_COMMON,111,37.2888580194,127.1073265988,17.511853111,24.590158534,1,11,2,NONE,,,-28.610356000,-13.244923000,-2.535500902003,ZONE_06_END
END_common,END_COMMON,112,37.2888582506,127.1073288348,17.347727386,24.476400154,1,11,2,NONE,,,-28.412326000,-13.219187000,-2.573450307690,ZONE_06_END
END_common,END_COMMON,113,37.2888584139,127.1073310772,17.179627134,24.369093222,1,11,2,NONE,,,-28.213726000,-13.201007000,-2.640536130356,ZONE_06_END
END_common,END_COMMON,114,37.2888584573,127.1073333298,17.004597556,24.273233877,1,11,2,NONE,,,-28.014224000,-13.196178000,-2.694185741512,ZONE_06_END
END_common,END_COMMON,115,37.2888584044,127.1073355840,16.824526944,24.186825032,1,11,2,NONE,,,-27.814581000,-13.202059000,-2.691911980471,ZONE_06_END
END_common,END_COMMON,116,37.2888583557,127.1073378388,16.644621609,24.099991691,1,11,2,NONE,,,-27.614890000,-13.207487000,-2.776371436548,ZONE_06_END
END_common,END_COMMON,117,37.2888581557,127.1073400811,16.457960276,24.028616952,1,11,2,NONE,,,-27.416292000,-13.229750000,-2.773495891949,ZONE_06_END
END_common,END_COMMON,118,37.2888579609,127.1073423231,16.271598057,23.956741663,1,11,2,NONE,,,-27.217730000,-13.251431000,-2.799707425753,ZONE_06_END
END_common,END_COMMON,119,37.2888577194,127.1073445587,16.083350093,23.889751852,1,11,2,NONE,,,-27.019735000,-13.278318000,-2.798659135245,ZONE_06_END
END_common,END_COMMON,120,37.2888574801,127.1073467912,15.895457615,23.822666551,1,11,2,NONE,,,-26.822012000,-13.304957000,-2.834013236502,ZONE_06_END
END_common,END_COMMON,121,37.2888571779,127.1073490133,15.705176753,23.762221816,1,11,2,NONE,,,-26.625215000,-13.338592000,-2.826003668901,ZONE_06_END
END_common,END_COMMON,122,37.2888568898,127.1073512397,15.515265819,23.700215690,1,11,2,NONE,,,-26.428030000,-13.370670000,-2.817645968595,ZONE_06_END
END_common,END_COMMON,123,37.2888566169,127.1073534656,15.326184001,23.636726691,1,11,2,NONE,,,-26.230901000,-13.401050000,-2.857464996893,ZONE_06_END
END_common,END_COMMON,124,37.2888562732,127.1073556793,15.134430629,23.580729218,1,11,2,NONE,,,-26.034837000,-13.439312000,-2.924272170539,ZONE_06_END
END_common,END_COMMON,125,37.2888558127,127.1073578589,14.939402480,23.537665522,1,11,2,NONE,,,-25.841800000,-13.490568000,-2.917524029197,ZONE_06_END
END_common,END_COMMON,126,37.2888553638,127.1073600433,14.744588289,23.493268261,1,11,2,NONE,,,-25.648341000,-13.540541000,-2.881242991153,ZONE_06_END
END_common,END_COMMON,127,37.2888549782,127.1073622468,14.551507151,23.441832221,1,11,2,NONE,,,-25.453191000,-13.583465000,-2.845980402108,ZONE_06_END
END_common,END_COMMON,128,37.2888546546,127.1073644661,14.360344828,23.383616579,1,11,2,NONE,,,-25.256634000,-13.619485000,-2.873228629441,ZONE_06_END
END_common,END_COMMON,129,37.2888542830,127.1073666739,14.167638490,23.330622789,1,11,2,NONE,,,-25.061102000,-13.660853000,-2.925424190404,ZONE_06_END
END_common,END_COMMON,130,37.2888538205,127.1073688534,13.972509127,23.287772437,1,11,2,NONE,,,-24.868073000,-13.712345000,-2.973514468433,ZONE_06_END
END_common,END_COMMON,131,37.2888532749,127.1073710032,13.775482884,23.254341216,1,11,2,NONE,,,-24.677682000,-13.773076000,-3.005867965538,ZONE_06_END
END_common,END_COMMON,132,37.2888526752,127.1073731266,13.577753622,23.227338462,1,11,2,NONE,,,-24.489617000,-13.839841000,-2.940497907666,ZONE_06_END
END_common,END_COMMON,133,37.2888521870,127.1073752948,13.382208198,23.187476523,1,11,2,NONE,,,-24.297590000,-13.894179000,-2.945237879721,ZONE_06_END
END_common,END_COMMON,134,37.2888516908,127.1073774597,13.186509999,23.148548667,1,11,2,NONE,,,-24.105856000,-13.949417000,-2.910368752709,ZONE_06_END
END_common,END_COMMON,135,37.2888512546,127.1073796468,12.992128467,23.102784503,1,11,2,NONE,,,-23.912154000,-13.997977000,-2.887728963486,ZONE_06_END
END_common,END_COMMON,136,37.2888508575,127.1073818478,12.798655740,23.052585758,1,11,2,NONE,,,-23.717224000,-14.042180000,-2.908036936426,ZONE_06_END
END_common,END_COMMON,137,37.2888504250,127.1073840379,12.604232806,23.006333095,1,11,2,NONE,,,-23.523261000,-14.090325000,-2.963336058810,ZONE_06_END
END_common,END_COMMON,138,37.2888498970,127.1073861941,12.407587181,22.970903656,1,11,2,NONE,,,-23.332291000,-14.149106000,-2.991898417468,ZONE_06_END
END_common,END_COMMON,139,37.2888493202,127.1073883305,12.210015604,22.941105420,1,11,2,NONE,,,-23.143083000,-14.213315000,-2.985906075296,ZONE_06_END
END_common,END_COMMON,140,37.2888487539,127.1073904700,12.012732708,22.910140537,1,11,2,NONE,,,-22.953596000,-14.276355000,-2.933489010692,ZONE_06_END
END_common,END_COMMON,141,37.2888482774,127.1073926447,11.817271679,22.868866843,1,11,2,NONE,,,-22.760996000,-14.329400000,-2.946128092930,ZONE_06_END
END_common,END_COMMON,142,37.2888477797,127.1073948090,11.621544774,22.830114377,1,11,2,NONE,,,-22.569317000,-14.384807000,-2.953374797738,ZONE_06_END
END_common,END_COMMON,143,37.2888472688,127.1073969714,11.425295688,22.792734341,1,11,2,NONE,,,-22.377804000,-14.441673000,-2.984278679889,ZONE_06_END
END_common,END_COMMON,144,37.2888467052,127.1073991125,11.228021147,22.761441732,1,11,2,NONE,,,-22.188174000,-14.504418000,-2.980772626438,ZONE_06_END
END_common,END_COMMON,145,37.2888461481,127.1074012540,11.031050512,22.729488967,1,11,2,STOP_LINE,,,-21.998511000,-14.566437000,-2.980772626438,ZONE_06_END
END_AA,,0,37.2888460588,127.1074011981,11.030892726,22.740587693,1,11,2,NONE,,,-22.003465000,-14.576370000,-2.916457624282,ZONE_06_END
END_AA,,1,37.2888455931,127.1074034741,10.828007883,22.694123518,1,11,2,NONE,,,-21.801887000,-14.628211000,-3.020136930614,ZONE_06_END
END_AA,,2,37.2888446544,127.1074066531,10.529908916,22.657738606,1,11,2,NONE,,,-21.520343000,-14.732709000,-2.969220913661,ZONE_06_END
END_AA,,3,37.2888439877,127.1074093197,10.286023419,22.615278276,1,11,2,NONE,,,-21.284176000,-14.806926000,-2.952253926441,ZONE_06_END
END_AA,,4,37.2888433211,127.1074121531,10.029017124,22.566027081,1,11,2,NONE,,,-21.033235000,-14.881132000,-3.018869554961,ZONE_06_END
END_AA,,5,37.2888424877,127.1074149864,9.763497221,22.533277075,1,11,2,NONE,,,-20.782304000,-14.973906000,-3.105210397757,ZONE_06_END
END_AA,,6,37.2888414877,127.1074176530,9.502580998,22.523780164,1,11,2,NONE,,,-20.546136000,-15.085226000,-3.018819324768,ZONE_06_END
END_AA,,7,37.2888406544,127.1074204864,9.237058148,22.491016254,1,11,2,NONE,,,-20.295196000,-15.177989000,-2.896192653151,ZONE_06_END
END_AA,,8,37.2888401544,127.1074231530,9.001689207,22.432068640,1,11,2,NONE,,,-20.059028000,-15.233649000,-2.937125431318,ZONE_06_END
END_AA,,9,37.2888394877,127.1074261530,8.731569784,22.376055307,1,11,2,NONE,,,-19.793333000,-15.307866000,-3.000639264358,ZONE_06_END
END_AA,,10,37.2888386544,127.1074291530,8.452937966,22.336519027,1,11,2,NONE,,,-19.527638000,-15.400629000,-2.969208803595,ZONE_06_END
END_AA,,11,37.2888379877,127.1074318197,8.209043585,22.294054107,1,11,2,NONE,,,-19.291461000,-15.474846000,-3.018830989222,ZONE_06_END
END_AA,,12,37.2888371544,127.1074346530,7.943528731,22.261294328,1,11,2,NONE,,,-19.040530000,-15.567609000,-2.896184144686,ZONE_06_END
END_AA,,13,37.2888366544,127.1074373197,7.708151794,22.202342583,1,11,2,NONE,,,-18.804353000,-15.623269000,-2.952305074283,ZONE_06_END
END_AA,,14,37.2888359877,127.1074401530,7.451149334,22.153105752,1,11,2,NONE,,,-18.553422000,-15.697486000,-3.018819324768,ZONE_06_END
END_AA,,15,37.2888351544,127.1074429864,7.185626484,22.120341842,1,11,2,NONE,,,-18.302482000,-15.790249000,-2.952303990424,ZONE_06_END
END_AA,,16,37.2888344877,127.1074458197,6.928623136,22.071104552,1,11,2,NONE,,,-18.051550000,-15.864466000,-3.018830989222,ZONE_06_END
END_AA,,17,37.2888336544,127.1074486530,6.663108281,22.038344773,1,11,2,NONE,,,-17.800619000,-15.957229000,-2.952294236052,ZONE_06_END
END_AA,,18,37.2888329877,127.1074514864,6.406096937,21.989103351,1,11,2,NONE,,,-17.549678000,-16.031446000,-2.883016542835,ZONE_06_END
END_AA,,19,37.2888324877,127.1074543197,6.157611921,21.923379695,1,11,2,NONE,,,-17.298747000,-16.087106000,-2.937087026591,ZONE_06_END
END_AA,,20,37.2888318211,127.1074573197,5.887497547,21.867356589,1,11,2,NONE,,,-17.033052000,-16.161312000,-3.018868258758,ZONE_06_END
END_AA,,21,37.2888309877,127.1074601530,5.621976755,21.834606124,1,11,2,NONE,,,-16.782120000,-16.254086000,-3.045726622684,ZONE_06_END
END_AA,,22,37.2888301206,127.1074628739,5.363578284,21.809758322,1,11,2,NONE,,,-16.541143000,-16.350612000,-3.047248291310,ZONE_06_END
END_AA,,23,37.2888294881,127.1074648499,5.175780416,21.791987897,1,11,2,NONE,,,-16.366139000,-16.421021000,-3.022466794551,ZONE_06_END
END_AA,,24,37.2888287653,127.1074672803,4.947612517,21.764677892,1,11,2,NONE,,,-16.150890000,-16.501484000,-2.941218477882,ZONE_06_END
END_AA,,25,37.2888281544,127.1074699864,4.703469595,21.715092559,1,11,2,NONE,,,-15.911224000,-16.569489000,-3.039008324688,ZONE_06_END
END_AA,,26,37.2888273211,127.1074726530,4.451071704,21.689109281,1,11,2,NONE,,,-15.675057000,-16.662252000,-3.018856593334,ZONE_06_END
END_AA,,27,37.2888264877,127.1074754864,4.185542917,21.656354685,1,11,2,NONE,,,-15.424116000,-16.755026000,-3.039008324688,ZONE_06_END
END_AA,,28,37.2888256544,127.1074781530,3.933145026,21.630371407,1,11,2,NONE,,,-15.187949000,-16.847789000,-3.018818028763,ZONE_06_END
END_AA,,29,37.2888248211,127.1074809864,3.667621287,21.597607038,1,11,2,NONE,,,-14.937008000,-16.940552000,-2.941496438909,ZONE_06_END
END_AA,,30,37.2888242376,127.1074835684,3.434643150,21.550356694,1,11,2,NONE,,,-14.708333000,-17.005507000,-2.994796574136,ZONE_06_END
END_AA,,31,37.2888234877,127.1074863197,3.179841410,21.512681788,1,11,2,NONE,,,-14.464664000,-17.088986000,-3.000673229764,ZONE_06_END
END_AA,,32,37.2888227517,127.1074889691,2.933768377,21.477773942,1,11,2,NONE,,,-14.230020000,-17.170917000,-3.054121289421,ZONE_06_END
END_AA,,33,37.2888218211,127.1074918197,2.661919781,21.453934142,1,11,2,NONE,,,-13.977556000,-17.274512000,-3.039035707239,ZONE_06_END
END_AA,,34,37.2888209877,127.1074944864,2.409508845,21.427956506,1,11,2,NONE,,,-13.741380000,-17.367286000,-3.018829693136,ZONE_06_END
END_AA,,35,37.2888201544,127.1074973197,2.143993102,21.395196268,1,11,2,NONE,,,-13.490448000,-17.460049000,-2.969210014559,ZONE_06_END
END_AA,,36,37.2888194877,127.1074999864,1.900099610,21.352731807,1,11,2,NONE,,,-13.254272000,-17.534266000,-3.000638093095,ZONE_06_END
END_AA,,37,37.2888186544,127.1075029864,1.621466904,21.313195068,1,11,2,NONE,,,-12.988576000,-17.627029000,-3.018830989222,ZONE_06_END
END_AA,,38,37.2888178211,127.1075058197,1.355952050,21.280435289,1,11,2,NONE,,,-12.737645000,-17.719792000,-3.039034266344,ZONE_06_END
END_AA,,39,37.2888169877,127.1075084864,1.103540225,21.254457195,1,11,2,NONE,,,-12.501468000,-17.812566000,-2.952264763325,ZONE_06_END
END_AA,,40,37.2888163211,127.1075113197,0.846542814,21.205210590,1,11,2,NONE,,,-12.250537000,-17.886772000,-2.952305074283,ZONE_06_END
END_AA,,41,37.2888156544,127.1075141530,0.589540355,21.155973759,1,11,2,NONE,,,-11.999606000,-17.960989000,-3.018818028763,ZONE_06_END
END_AA,,42,37.2888148211,127.1075169864,0.324016616,21.123209390,1,11,2,NONE,,,-11.748665000,-18.053752000,-3.039048675773,ZONE_06_END
END_AA,,43,37.2888139877,127.1075196530,0.071613676,21.097235885,1,11,2,NONE,,,-11.512498000,-18.146526000,-3.082264195340,ZONE_06_END
END_AA,,44,37.2888129877,127.1075224864,-0.202427506,21.080958342,1,11,2,NONE,,,-11.261557000,-18.257846000,-3.039008324688,ZONE_06_END
END_AA,,45,37.2888121544,127.1075251530,-0.454825397,21.054975064,1,11,2,NONE,,,-11.025390000,-18.350609000,-2.969208803595,ZONE_06_END
END_AA,,46,37.2888114877,127.1075278197,-0.698719777,21.012510144,1,11,2,NONE,,,-10.789213000,-18.424826000,-2.952264763325,ZONE_06_END
END_AA,,47,37.2888108211,127.1075306530,-0.955717188,20.963263540,1,11,2,NONE,,,-10.538282000,-18.499032000,-2.984530433084,ZONE_06_END
END_AA,,48,37.2888100626,127.1075335319,-1.220998467,20.921251848,1,11,2,NONE,,,-10.283312000,-18.583468000,-3.105496874732,ZONE_06_END
END_AA,,49,37.2888090485,127.1075362341,-1.485436560,20.911702602,1,11,2,NONE,,,-10.043991000,-18.696358000,-3.005470916196,ZONE_06_END
END_AA,,50,37.2888082575,127.1075390382,-1.746492527,20.875946091,1,11,2,NONE,,,-9.795646000,-18.784412000,-2.999506576452,ZONE_06_END
END_AA,,51,37.2888074877,127.1075418197,-2.004687508,20.839011292,1,11,2,NONE,,,-9.549302000,-18.870106000,-2.937087026591,ZONE_06_END
END_AA,,52,37.2888068211,127.1075448197,-2.274801883,20.782988186,1,11,2,NONE,,,-9.283607000,-18.944312000,-2.896184144686,ZONE_06_END
END_AA,,53,37.2888063211,127.1075474864,-2.510178820,20.724036441,1,11,2,NONE,,,-9.047430000,-18.999972000,-3.018869554961,ZONE_06_END
END_AA,,54,37.2888054877,127.1075503197,-2.775698723,20.691286435,1,11,2,NONE,,,-8.796499000,-19.092746000,-3.038993916510,ZONE_06_END
END_AA,,55,37.2888046544,127.1075529864,-3.028105498,20.665298567,1,11,2,NONE,,,-8.560322000,-19.185509000,-3.018830989222,ZONE_06_END
END_AA,,56,37.2888038211,127.1075558197,-3.293620353,20.632538788,1,11,2,NONE,,,-8.309391000,-19.278272000,-2.937125431318,ZONE_06_END
END_AA,,57,37.2888031544,127.1075588197,-3.563739776,20.576525456,1,11,2,NONE,,,-8.043696000,-19.352489000,-2.952303990424,ZONE_06_END
END_AA,,58,37.2888024877,127.1075616530,-3.820743124,20.527288165,1,11,2,NONE,,,-7.792764000,-19.426706000,-2.990953377560,ZONE_06_END
END_AA,,59,37.2888017270,127.1075644793,-4.081997601,20.487632568,1,11,2,NONE,,,-7.542453000,-19.511387000,-3.045998793716,ZONE_06_END
END_AA,,60,37.2888008211,127.1075673197,-4.351781717,20.461764018,1,11,2,NONE,,,-7.290892000,-19.612232000,-3.039035707239,ZONE_06_END
END_AA,,61,37.2887999877,127.1075699864,-4.604192652,20.435786382,1,11,2,NONE,,,-7.054716000,-19.705006000,-3.061479554393,ZONE_06_END
END_AA,,62,37.2887991544,127.1075724864,-4.843482464,20.416575016,1,11,2,NONE,,,-6.833303000,-19.797769000,-3.061479554393,ZONE_06_END
END_AA,,63,37.2887983211,127.1075749864,-5.082772277,20.397363650,1,11,2,NONE,,,-6.611890000,-19.890532000,-3.055490127544,ZONE_06_END
END_AA,,64,37.2887973868,127.1075778372,-5.354824620,20.373881197,1,11,2,NONE,,,-6.359409000,-19.994538000,3.094045604129,ZONE_06_END
END_AA,,65,37.2887963211,127.1075801530,-5.591494866,20.385142656,1,11,2,NONE,,,-6.154310000,-20.113172000,-3.061521816326,ZONE_06_END
END_AA,,66,37.2887954877,127.1075826530,-5.830789727,20.365941063,1,11,2,NONE,,,-5.932897000,-20.205946000,-3.061481164066,ZONE_06_END
END_AA,,67,37.2887946544,127.1075851530,-6.070078651,20.346730155,1,11,2,NONE,,,-5.711485000,-20.298709000,-2.969208803595,ZONE_06_END
END_AA,,68,37.2887939877,127.1075878197,-6.313973032,20.304265236,1,11,2,NONE,,,-5.475308000,-20.372926000,-2.962283430649,ZONE_06_END
END_AA,,69,37.2887933508,127.1075904303,-6.551930278,20.261134064,1,11,2,NONE,,,-5.244100000,-20.443826000,-3.039895158379,ZONE_06_END
END_AA,,70,37.2887926544,127.1075926530,-6.762405854,20.239655127,1,11,2,NONE,,,-5.047246000,-20.521349000,-3.061512055868,ZONE_06_END
END_AA,,71,37.2887919877,127.1075946530,-6.953840378,20.224292081,1,11,2,NONE,,,-4.870116000,-20.595566000,-3.033173879893,ZONE_06_END
END_AA,,72,37.2887913429,127.1075967523,-7.151968851,20.202726671,1,11,2,NONE,,,-4.684192000,-20.667345000,-3.009341426951,ZONE_06_END
END_AA,,73,37.2887907751,127.1075987407,-7.337437943,20.178054144,1,11,2,NONE,,,-4.508089000,-20.730553000,-2.897021613566,ZONE_06_END
END_AA,,74,37.2887903211,127.1076011530,-7.550446907,20.124894148,1,11,2,NONE,,,-4.294443000,-20.781092000,-2.951242678035,ZONE_06_END
END_AA,,75,37.2887898827,127.1076030234,-7.720019164,20.092220493,1,11,2,NONE,,,-4.128791000,-20.829895000,-2.967608933963,ZONE_06_END
END_AA,,76,37.2887892743,127.1076054706,-7.943662503,20.052912771,1,11,2,NONE,,,-3.912055000,-20.897622000,-2.953162301695,ZONE_06_END
END_AA,,77,37.2887887267,127.1076077904,-8.154175544,20.012769487,1,11,2,NONE,,,-3.706601000,-20.958580000,-2.920893756552,ZONE_06_END
END_AA,,78,37.2887878343,127.1076120731,-8.536755876,19.926936296,1,11,2,NONE,,,-3.327304000,-21.057922000,-2.920893756552,ZONE_06_END
